,fossil_prod_change_twh,solar_electricity
0,425.882,0.013000000000000001
1,-1.5729999999999977,0.016
2,67.293,0.019
3,596.0630000000001,0.023
4,634.651,0.027000000000000003
5,271.992,0.032
6,255.16600000000005,0.040999999999999995
7,220.634,0.053
8,164.97399999999996,0.075
9,-347.537,0.098
10,340.11199999999997,0.214
11,-955.8539999999998,0.45299999999999996
12,539.5369999999999,0.551
13,-458.688,0.8240000000000001
14,-156.20999999999998,1.831
15,-66.27199999999999,3.596
16,-215.986,4.939
17,483.45900000000006,6.984
18,285.696,9.85
19,20.57399999999999,19.378
31,3.1390000000000002,0.001
32,0.9949999999999999,0.001
33,0.101,0.001
34,2.489,0.001
35,-0.202,0.001
36,1.891,0.002
37,0.0,0.001
38,0.0,0.001
39,0.0,0.022000000000000002
55,-5.564,0.057999999999999996
56,113.65100000000001,0.087
57,-4.696999999999999,0.5720000000000001
58,-6.607999999999999,0.603
59,-87.835,0.615
70,33.576,0.01
71,-80.079,0.011000000000000001
72,37.9,0.013999999999999999
73,-1.044,0.015
74,-22.392,0.017
75,56.723,0.018000000000000002
76,-27.804000000000002,0.018000000000000002
77,-48.338,0.018000000000000002
78,-87.31,0.018000000000000002
79,-58.303000000000004,0.018000000000000002
91,-37.096000000000004,0.002
92,-14.267,0.008
93,-28.957,0.015
94,-5.34,0.016
95,13.065,0.015
96,1.4839999999999982,0.013999999999999999
97,-17.472,0.016
98,26.264,0.10800000000000001
99,36.903,0.8
115,0.0,0.001
116,0.0,0.001
117,0.0,0.003
118,0.0,0.019
119,0.0,0.013000000000000001
120,181.398,0.038
121,143.414,0.044000000000000004
122,67.247,0.05
123,29.211000000000006,0.059000000000000004
124,68.21299999999998,0.069
125,130.21300000000002,0.079
126,58.915000000000006,0.091
127,115.894,0.109
128,65.058,0.127
129,132.016,0.16
130,190.118,0.389
131,-82.436,1.392
132,278.164,2.325
133,213.082,3.4760000000000004
134,299.082,4.01
135,65.705,5.023
136,195.173,6.209
137,66.57700000000001,8.071
138,329.98199999999997,9.929
139,321.26,14.218
140,0.0,0.003
141,0.0,0.005
142,0.0,0.009000000000000001
143,0.0,0.015
144,0.0,0.018000000000000002
145,0.0,0.021
146,0.0,0.022000000000000002
147,0.0,0.024
148,0.0,0.03
149,0.0,0.049
150,0.0,0.08900000000000001
151,0.0,0.174
152,0.0,0.337
153,0.0,0.626
154,0.0,0.785
155,0.0,0.937
156,0.0,1.0959999999999999
157,0.0,1.2690000000000001
158,0.0,1.4380000000000002
159,0.0,1.3530000000000002
173,7.605,0.001
174,-6.09,0.003
175,-1.7240000000000002,0.005
176,-11.942000000000004,0.035
177,-32.339,0.037000000000000005
178,14.146,0.039
179,40.245000000000005,0.044000000000000004
192,4.2780000000000005,0.001
193,9.06,0.001
194,7.3870000000000005,0.008
195,0.606,0.008
196,-3.5060000000000002,0.008
197,0.598,0.008
198,1.811,0.008
199,22.521,0.008
201,10.85,0.001
202,5.279,0.002
203,8.073,0.003
204,8.618,0.004
205,9.231,0.005
206,11.0,0.01
207,9.73,0.02
208,10.401,0.02
209,23.70300000000001,0.03
210,5.07,0.07
211,3.284,0.062
213,6.165,0.136
214,10.695,0.17300000000000001
215,28.318,0.21
216,5.968999999999999,0.233
217,1.4169999999999998,0.268
218,-0.109,0.29100000000000004
219,21.243000000000002,0.42
234,0.0,0.001
235,0.0,0.008
236,0.0,0.027999999999999997
237,0.0,0.08900000000000001
238,0.0,0.177
239,0.0,0.18100000000000002
244,0.0,0.001
245,0.0,0.001
246,0.0,0.002
247,0.0,0.006
248,0.0,0.040999999999999995
249,0.0,0.166
250,0.0,0.56
251,0.0,1.169
252,0.0,2.148
253,0.0,2.6439999999999997
254,0.0,2.886
255,0.0,3.056
256,0.0,3.095
257,0.0,3.307
258,0.0,3.9019999999999997
259,0.0,3.8789999999999996
275,0.0,0.005
276,0.0,0.005
277,0.0,0.005
278,0.0,0.005
279,0.0,0.005
288,4.618,0.001
289,-19.104,0.002
290,18.329,0.003
291,13.195,0.003
292,21.058000000000003,0.003
293,24.357,0.003
294,7.013999999999999,0.006
295,-7.162000000000001,0.005
296,-7.8610000000000015,0.006
297,-5.388,0.006
298,-11.997,0.127
299,-20.857,0.18899999999999997
316,1.517,0.024
317,0.0,0.021
318,0.0,0.021
319,0.0,0.03
332,4.462,0.001
333,0.163,0.002
334,1.436,0.003
335,2.441,0.003
336,-1.3730000000000002,0.005
337,0.0,0.005
338,0.0,0.005
339,0.0,0.005
350,88.65599999999999,0.001
351,52.042,0.002
352,6.140999999999999,0.006999999999999999
353,3.4389999999999983,0.005
354,161.583,0.016
355,109.60900000000001,0.059000000000000004
356,47.06900000000002,0.085
357,95.78000000000002,0.8320000000000001
358,-42.377,3.4610000000000003
359,135.935,6.655
369,-2.958,0.003
370,3.938,0.015
371,14.716,0.10099999999999999
372,-6.9620000000000015,0.8140000000000001
373,-9.575,1.361
374,3.951,1.252
375,8.591000000000001,1.383
376,-8.713,1.386
377,6.7520000000000024,1.403
378,-4.996,1.3430000000000002
379,-4.637,1.47
380,0.0,0.001
381,0.0,0.001
382,0.0,0.001
383,0.0,0.001
384,0.0,0.001
385,0.0,0.001
386,0.0,0.002
387,0.0,0.002
388,0.0,0.002
389,0.0,0.002
390,0.0,0.003
391,0.0,0.003
392,0.0,0.003
393,0.0,0.003
394,0.0,0.003
395,0.0,0.003
396,0.0,0.003
397,0.0,0.005
398,0.0,0.016
399,0.0,0.016
410,-5.5200000000000005,0.001
411,-2.7779999999999996,0.003
412,2.286,0.004
413,-3.2150000000000003,0.005
414,12.884,0.006999999999999999
415,16.935000000000002,0.01
416,-3.226,0.012
417,0.0,0.016
418,0.0,0.019
419,0.0,0.019
420,166.476,0.016
421,45.321000000000005,0.019
422,21.611000000000004,0.022000000000000002
423,13.20999999999999,0.023
424,82.68599999999999,0.013000000000000001
425,10.138000000000002,0.017
426,94.723,0.021
427,13.751,0.026000000000000002
428,-115.18299999999999,0.035
429,-146.951,0.10300000000000001
430,57.04600000000002,0.253
431,124.21799999999999,0.5660000000000001
432,140.584,0.872
433,171.94900000000004,1.484
434,244.38000000000002,2.099
435,66.88399999999999,2.866
436,150.85500000000002,3.992
437,246.29799999999997,3.5380000000000003
438,254.16400000000002,3.759
439,0.33500000000000796,4.272
453,0.0,0.008
454,0.0,0.48
455,0.0,1.238
456,0.0,2.59
457,0.0,3.843
458,0.0,5.122000000000001
459,0.0,6.136
460,-41.717000000000006,0.006
461,-4.381999999999998,0.006
462,-50.82899999999999,0.006
463,59.496,0.006999999999999999
464,27.931,0.006999999999999999
465,47.37100000000001,0.006999999999999999
466,53.87499999999999,0.006999999999999999
467,36.828,0.006999999999999999
468,78.946,0.006999999999999999
469,58.12100000000001,0.006999999999999999
470,90.129,0.008
471,167.65800000000002,0.008
472,54.759,0.008
473,27.42,0.008
474,3.7940000000000005,0.009000000000000001
475,-22.142000000000003,0.009000000000000001
476,-27.94399999999999,0.009000000000000001
477,-17.994,0.013999999999999999
478,-37.369,0.021
479,0.7680000000000007,0.132
495,-11.120999999999999,0.001
496,-0.531,0.001
497,22.20300000000001,0.001
498,36.356,0.001
499,5.1080000000000005,0.001
511,0.0,0.001
512,0.0,0.002
513,0.0,0.003
514,0.0,0.003
515,0.0,0.003
516,0.0,0.003
517,0.0,0.004
518,0.0,0.055999999999999994
519,0.0,0.076
532,0.0,0.002
533,0.0,0.011000000000000001
534,0.0,0.035
535,0.0,0.057
536,0.0,0.066
537,0.0,0.079
538,0.0,0.075
539,0.0,0.078
550,0.0,0.002
551,0.0,0.002
552,0.0,0.001
553,0.0,0.003
554,0.0,0.018000000000000002
555,0.0,0.028999999999999998
556,0.0,0.039
557,0.0,0.06
558,0.0,0.147
559,0.0,0.15
565,0.0,0.001
566,0.0,0.001
567,0.0,0.002
568,0.0,0.003
569,0.0,0.004
570,0.0,0.006
571,0.0,0.012
572,0.0,0.022000000000000002
573,0.0,0.047
574,0.0,0.084
575,0.0,0.127
576,0.0,0.146
577,0.0,0.172
578,0.0,0.19899999999999998
579,0.0,0.19899999999999998
580,40.92099999999999,0.001
581,-6.6610000000000005,0.001
582,14.054000000000002,0.001
583,-6.355,0.002
584,28.046,0.002
585,4.095,0.002
586,-20.186,0.002
587,-31.665999999999997,0.002
588,-4.411,0.003
589,-30.484,0.004
590,-10.874,0.006
591,-30.907000000000004,0.015
592,-19.813000000000002,0.10400000000000001
593,-25.237000000000002,0.518
594,-8.144,0.596
595,-5.187,0.604
596,-9.822,0.7440000000000001
597,1.3229999999999995,0.7509999999999999
598,-20.229999999999997,0.953
599,-18.213,0.958
612,0.0,0.001
613,0.0,0.009000000000000001
614,0.0,0.018000000000000002
615,0.0,0.032
616,0.0,0.075
617,0.0,0.139
618,0.0,0.23
619,0.0,0.4
633,13.290999999999999,0.004
634,18.429000000000002,0.016
635,-8.376,0.036000000000000004
636,4.231,0.039
637,-11.564,0.037000000000000005
638,-8.758,0.038
639,8.565,0.038
650,-15.857,0.20600000000000002
651,-3.776,0.223
652,-3.9750000000000005,0.237
653,-50.571,0.214
654,-60.991,0.244
655,-40.32699999999999,0.168
656,-41.92,0.58
657,66.369,0.6
658,120.85100000000001,1.51
659,56.346999999999994,3.68
673,0.0,0.022000000000000002
674,0.0,0.022000000000000002
675,0.0,0.027999999999999997
676,0.0,0.045
677,0.0,0.095
678,0.0,0.129
679,0.0,0.215
700,0.0,0.001
701,0.0,0.001
702,0.0,0.001
703,0.0,0.001
704,0.0,0.001
705,0.0,0.001
706,0.0,0.002
707,0.0,0.002
708,0.0,0.002
709,0.0,0.002
710,0.0,0.002
711,0.0,0.002
712,0.0,0.002
713,0.0,0.002
714,0.0,0.002
715,0.0,0.002
716,0.0,0.002
717,0.0,0.011000000000000001
718,0.0,0.043
719,0.0,0.06
736,0.0,0.01
737,0.0,0.013999999999999999
738,0.0,0.031
739,0.0,0.034
751,0.0,0.001
752,0.0,0.002
753,0.0,0.006
754,0.0,0.016
755,0.0,0.018000000000000002
756,0.0,0.021
757,0.0,0.022000000000000002
758,0.0,0.02
759,0.0,0.02
760,0.0,0.002
761,0.0,0.002
762,0.0,0.002
763,0.0,0.002
764,0.0,0.002
765,0.0,0.003
766,0.0,0.003
767,0.0,0.004
768,0.0,0.004
769,0.0,0.004
770,0.0,0.005
771,0.0,0.005
772,0.0,0.006
773,0.0,0.006
774,0.0,0.008
775,0.0,0.011000000000000001
776,0.0,0.022000000000000002
777,0.0,0.049
778,0.0,0.09
779,0.0,0.09
780,0.0,0.005
781,0.0,0.006
782,0.0,0.006999999999999999
783,0.0,0.008
784,0.0,0.008
785,0.0,0.011000000000000001
786,0.0,0.012
787,0.0,0.018000000000000002
788,0.0,0.042
789,0.0,0.174
790,0.0,0.62
791,0.0,2.334
792,0.0,4.428
793,0.0,5.194
794,0.0,6.391
795,0.0,7.752999999999999
796,0.0,8.658999999999999
797,0.0,9.585
798,0.0,10.569
799,0.0,12.569
812,-8.423,0.003
813,-4.84,0.002
814,-1.449,0.002
815,1.528,0.002
816,4.477,0.002
817,-6.4910000000000005,0.002
818,-9.635,0.002
819,14.235,0.002
840,-39.988,0.04
841,-26.880000000000003,0.1
842,1.4680000000000002,0.2
843,0.02799999999999958,0.3
844,-6.677,0.6
845,-27.322000000000003,1.3
846,-39.482,2.2
847,-1.343,3.1
848,-63.567,4.4
849,-51.702,6.6
850,-22.23,11.7
851,3.102999999999999,19.6
852,2.071999999999999,26.4
853,-39.411,31.0
854,-16.694,36.1
855,-20.95,38.7
856,-42.95099999999999,38.1
857,-7.997,39.4
858,-27.381,45.8
859,-90.06200000000001,46.4
873,12.293,0.003
874,5.058999999999999,0.004
875,5.520999999999999,0.003
876,-3.2260000000000004,0.027000000000000003
877,0.0,0.027999999999999997
878,0.0,0.033
879,0.0,0.033
884,4.312,0.001
885,-0.102,0.001
886,-4.276,0.001
887,2.545,0.001
888,-3.0189999999999997,0.005
889,0.54,0.05
890,-10.008,0.158
891,2.204,0.61
892,6.278,1.694
893,-15.31,3.648
894,-4.002,3.792
895,-8.245,3.9
896,-19.802,3.93
897,6.916,3.991
898,-3.4010000000000002,3.7910000000000004
899,-12.457,3.9760000000000004
910,0.0,0.001
911,0.0,0.001
912,0.0,0.002
913,0.0,0.004
914,0.0,0.006999999999999999
915,0.0,0.15
916,0.0,0.193
917,0.0,0.19899999999999998
918,0.0,0.205
919,0.0,0.22899999999999998
931,0.0,0.001
932,0.0,0.001
933,0.0,0.001
934,0.0,0.002
935,0.0,0.002
936,0.0,0.003
937,0.0,0.005
938,0.0,0.009000000000000001
939,0.0,0.009000000000000001
950,0.0,0.001
951,0.0,0.001
952,0.0,0.002
953,0.0,0.002
954,0.0,0.002
955,0.0,0.003
956,0.0,0.001
957,0.0,0.001
958,0.0,0.001
959,0.0,0.001
975,0.0,0.41700000000000004
976,0.0,0.8809999999999999
977,0.0,0.924
978,0.0,0.993
979,0.0,1.114
988,-0.922,0.001
989,-1.599,0.001
990,0.433,0.001
991,0.607,0.001
992,-0.45299999999999996,0.008
993,0.061,0.025
994,-0.276,0.067
995,-0.81,0.141
996,-0.649,0.244
997,-2.086,0.349
998,-0.139,0.62
999,2.67,1.371
1020,112.156,0.006999999999999999
1021,23.367,0.012
1022,103.14699999999999,0.013999999999999999
1023,101.882,0.017
1024,164.343,0.019
1025,83.55999999999999,0.019
1026,106.27700000000002,0.019
1027,153.999,0.059000000000000004
1028,220.017,0.063
1029,286.07000000000005,0.075
1030,224.019,0.113
1031,-45.596999999999994,0.8270000000000001
1032,-9.65700000000001,2.29
1033,-55.047,4.14
1034,132.889,5.85
1035,116.81599999999999,6.566
1036,7.102000000000004,11.556
1037,41.527,21.545
1038,213.31099999999998,36.330999999999996
1039,-48.951,46.273
1050,222.15699999999998,0.001
1051,465.168,0.001
1052,159.863,0.003
1053,579.679,0.005
1054,-145.993,0.006999999999999999
1055,16.942,0.005
1056,-22.223,0.021
1057,-10.015,0.028999999999999998
1058,645.6909999999998,0.091
1059,289.705,0.098
1073,15.619,0.046
1074,83.29599999999999,0.057
1075,425.054,0.057
1076,281.291,0.057
1077,57.653999999999996,0.057
1078,58.32200000000001,0.057
1079,85.76900000000002,0.057
1091,0.0,0.001
1092,0.0,0.001
1093,0.0,0.001
1094,0.0,0.002
1095,0.0,0.003
1096,0.0,0.006
1097,0.0,0.011000000000000001
1098,0.0,0.017
1099,0.0,0.017
1109,0.0,0.024
1110,0.0,0.07
1111,0.0,0.192
1112,0.0,0.369
1113,0.0,0.494
1114,0.0,0.84
1115,0.0,1.115
1116,0.0,1.544
1117,0.0,1.511
1118,0.0,1.574
1119,0.0,2.597
1120,-13.075,0.018000000000000002
1121,-18.658,0.019
1122,10.347,0.021
1123,-6.629999999999997,0.024
1124,-10.035,0.028999999999999998
1125,-1.0819999999999999,0.031
1126,-14.450000000000001,0.035
1127,-11.154,0.039
1128,-12.227999999999998,0.193
1129,-19.534,0.6759999999999999
1130,9.940999999999999,1.906
1131,2.7439999999999998,10.796
1132,2.5229999999999997,18.862000000000002
1133,-7.063999999999999,21.589000000000002
1134,-2.5209999999999995,22.305999999999997
1135,-7.023999999999999,22.941999999999997
1136,-29.262,22.104
1137,2.146,24.378
1138,5.385,22.654
1139,-10.389,24.67
1156,0.0,0.013000000000000001
1157,0.0,0.044000000000000004
1158,0.0,0.046
1159,0.0,0.05
1160,-4.998,0.34700000000000003
1161,0.449,0.475
1162,-11.73,0.669
1163,-0.20199999999999999,0.903
1164,0.004,1.189
1165,-1.4409999999999998,1.493
1166,1.578,1.794
1167,0.40700000000000003,2.015
1168,-1.253,2.251
1169,0.33899999999999997,2.758
1170,-2.33,3.543
1171,2.272,4.8389999999999995
1172,0.317,6.6129999999999995
1173,-0.753,12.879000000000001
1174,0.6659999999999999,22.951999999999998
1175,-0.8759999999999999,34.803000000000004
1176,1.087,45.761
1177,0.308,55.068999999999996
1178,-2.229,62.668
1179,-1.8090000000000002,74.52199999999998
1195,0.0,0.002
1196,0.0,0.42100000000000004
1197,0.0,0.9079999999999999
1198,0.0,1.4409999999999998
1199,0.0,1.5
1213,47.684000000000005,0.001
1214,-39.774,0.09699999999999999
1215,-39.488,0.11800000000000001
1216,-30.657000000000004,0.136
1217,148.38299999999998,0.16
1218,84.95299999999999,0.384
1219,-16.884999999999998,0.23600000000000002
1227,0.0,0.01
1228,0.0,0.01
1229,0.0,0.01
1230,0.0,0.019
1231,0.0,0.023
1232,0.0,0.027999999999999997
1233,0.0,0.031
1234,0.0,0.034
1235,0.0,0.037000000000000005
1236,0.0,0.04
1237,0.0,0.057999999999999996
1238,0.0,0.075
1239,0.0,0.092
1254,-26.177999999999997,0.003
1255,-5.104999999999993,0.005
1256,55.732,0.049
1257,-91.965,0.049
1258,27.828999999999994,0.066
1259,-17.246,0.14
1298,0.0,0.001
1299,0.0,0.001
1310,0.0,0.001
1311,0.0,0.001
1312,0.0,0.001
1313,0.0,0.003
1314,0.0,0.006999999999999999
1315,0.0,0.015
1316,0.0,0.027999999999999997
1317,0.0,0.040999999999999995
1318,0.0,0.068
1319,0.0,0.08
1330,42.192,0.006
1331,-784.689,0.006
1332,601.308,0.006999999999999999
1333,-263.838,0.008
1334,-293.255,0.008
1335,-53.68899999999999,0.008
1336,-29.259999999999998,0.008
1337,276.04999999999995,0.008
1338,126.244,0.008
1339,44.661,0.008
1352,0.0,0.002
1353,0.0,0.045
1354,0.0,0.073
1355,0.0,0.073
1356,0.0,0.066
1357,0.0,0.068
1358,0.0,0.087
1359,0.0,0.09
1363,0.0,0.001
1364,0.0,0.009000000000000001
1365,0.0,0.018000000000000002
1366,0.0,0.021
1367,0.0,0.021
1368,0.0,0.02
1369,0.0,0.02
1370,0.0,0.021
1371,0.0,0.026000000000000002
1372,0.0,0.038
1373,0.0,0.07400000000000001
1374,0.0,0.095
1375,0.0,0.10400000000000001
1376,0.0,0.1
1377,0.0,0.10800000000000001
1378,0.0,0.12
1379,0.0,0.12
1387,15.075000000000001,0.008
1388,18.712,0.01
1389,-51.135000000000005,0.01
1390,3.9030000000000022,0.01
1391,-20.854000000000003,0.015
1392,27.698999999999998,0.047
1393,17.646,0.14
1394,8.419,0.23
1395,74.493,0.27
1396,11.434000000000001,0.31
1397,12.495000000000001,0.33
1398,-17.842,0.573
1399,-13.817,0.8
1410,0.0,0.001
1411,0.0,0.005
1412,0.0,0.017
1413,0.0,0.028999999999999998
1414,0.0,0.068
1415,0.0,0.095
1416,0.0,0.128
1417,0.0,0.162
1418,0.0,0.19
1419,0.0,0.19
1432,0.0,0.001
1433,0.0,0.003
1434,0.0,0.025
1435,0.0,0.026000000000000002
1436,0.0,0.03
1437,0.0,0.039
1438,0.0,0.049
1439,0.0,0.06
1440,53.861000000000004,0.006999999999999999
1441,47.440000000000005,0.008
1442,19.586000000000002,0.008
1443,143.534,0.008
1444,60.278000000000006,0.009000000000000001
1445,33.88099999999998,0.009000000000000001
1446,3.6889999999999983,0.01
1447,-129.46800000000002,0.009000000000000001
1448,-178.77600000000004,0.009000000000000001
1449,-75.04400000000001,0.012
1450,-12.008000000000001,0.031
1451,20.480999999999998,0.040999999999999995
1452,-42.798,0.069
1453,-10.013999999999998,0.106
1454,-65.941,0.221
1455,-149.25,0.239
1456,-123.844,0.46399999999999997
1457,-176.73600000000002,1.074
1458,-122.116,1.8359999999999999
1459,-101.81,6.591
1470,56.725,0.008
1471,41.445,0.008
1472,-9.816,0.008
1473,11.65,0.009000000000000001
1474,-47.049,0.009000000000000001
1475,-1.604,0.009000000000000001
1476,57.94600000000001,0.009000000000000001
1477,76.11399999999998,0.025
1478,26.945,0.033
1479,13.527999999999999,0.04
1515,0.0,0.005
1516,0.0,0.401
1517,0.0,0.415
1518,0.0,0.95
1519,0.0,1.581
1534,9.914000000000001,0.001
1535,-0.248,0.002
1536,-3.402,0.002
1537,0.0,0.002
1538,0.0,0.002
1539,0.0,0.002
1570,0.0,0.006999999999999999
1571,0.0,0.008
1572,0.0,0.013999999999999999
1573,0.0,0.022000000000000002
1574,0.0,0.028999999999999998
1575,0.0,0.039
1576,0.0,0.057
1577,0.0,0.026000000000000002
1578,0.0,0.026000000000000002
1579,0.0,0.026000000000000002
1587,0.021,0.009000000000000001
1588,-0.012,0.011000000000000001
1589,0.005,0.012
1590,-0.015,0.006
1591,0.006999999999999999,0.011000000000000001
1592,-0.018000000000000002,0.013000000000000001
1593,0.022000000000000002,0.015
1594,0.004,0.017
1595,0.019,0.019
1596,0.009000000000000001,0.019
1597,0.0,0.078
1598,0.0,0.078
1599,0.0,0.08
1600,-15.722000000000001,0.008
1601,32.861,0.012
1602,-11.277999999999999,0.016
1603,-28.028000000000002,0.025
1604,109.0,0.034
1605,-62.833,0.035
1606,-8.306000000000001,0.037000000000000005
1607,-25.0,0.038
1608,89.056,0.04
1609,-54.083,0.045
1610,97.667,0.055999999999999994
1611,-57.693999999999996,0.10400000000000001
1612,-10.944,0.191
1613,40.028,0.41
1614,-120.195,0.725
1615,-145.139,1.109
1616,-15.860999999999999,1.6019999999999999
1617,-57.583,2.208
1618,-62.306000000000004,3.693
1619,-42.07,5.32
1630,6.263999999999999,0.004
1631,-2.972,0.004
1632,-0.276,0.005
1633,-1.8019999999999998,0.006999999999999999
1634,-4.831,0.018000000000000002
1635,-4.9910000000000005,0.036000000000000004
1636,-3.825,0.055999999999999994
1637,0.245,0.075
1638,2.247,0.098
1639,-1.306,0.12300000000000001
1644,0.0,0.001
1645,0.0,0.001
1646,0.0,0.001
1647,0.0,0.002
1648,0.0,0.003
1649,0.0,0.004
1650,0.0,0.005
1651,0.0,0.006
1652,0.0,0.009000000000000001
1653,0.0,0.001
1654,0.0,0.001
1655,0.0,0.002
1656,0.0,0.002
1657,0.0,0.013999999999999999
1658,0.0,0.02
1659,0.0,0.022000000000000002
1673,-0.088,0.004
1674,0.187,0.004
1675,-3.981,0.004
1676,-0.417,0.005
1677,0.0,0.006
1678,0.0,0.024
1679,0.0,0.024
1692,4.4140000000000015,0.021
1693,-141.699,0.022000000000000002
1694,66.816,0.022000000000000002
1695,34.678000000000004,0.024
1696,-216.663,0.027000000000000003
1697,82.47200000000001,0.027999999999999997
1698,32.335,0.027999999999999997
1699,68.849,0.03
1700,132.054,0.01
1701,61.022999999999996,0.01
1702,63.52700000000001,0.01
1703,26.817,0.01
1704,25.061999999999998,0.01
1705,-70.80799999999999,0.01
1706,-83.23100000000001,0.02
1707,-104.72,0.02
1708,51.166999999999994,0.02
1709,-27.912,0.02
1710,-84.884,0.02
1711,-120.08400000000003,0.02
1718,-83.62299999999999,0.002
1719,-124.49199999999999,0.013000000000000001
1733,37.208,0.001
1734,-12.780000000000001,0.001
1735,35.019000000000005,0.004
1736,22.226999999999997,0.004
1737,-11.881,0.004
1738,40.089,0.004
1739,-2.6719999999999997,0.004
1750,5.722,0.013000000000000001
1751,-0.819,0.027000000000000003
1752,11.598999999999998,0.066
1753,-10.395,0.145
1754,-3.9210000000000003,0.23800000000000002
1755,0.309,0.368
1756,0.355,0.8540000000000001
1757,0.10399999999999998,0.889
1758,-3.5039999999999996,1.02
1759,7.167000000000002,1.032
1774,0.0,0.001
1775,0.0,0.016
1776,0.0,0.071
1777,0.0,0.156
1778,0.0,0.233
1779,0.0,0.295
1812,3.583,0.06
1813,9.628,0.2
1814,9.916,0.2
1815,-16.386,0.23
1816,5.6450000000000005,0.24100000000000002
1817,-11.759,0.287
1818,5.865,0.75
1819,3.1479999999999997,0.767
1825,0.0,0.002
1826,0.0,0.001
1827,0.0,0.001
1828,0.0,0.001
1829,0.0,0.001
1830,0.0,0.001
1831,0.0,0.001
1832,0.0,0.001
1833,0.0,0.001
1834,0.0,0.017
1835,0.0,0.139
1836,0.0,1.097
1837,0.0,1.2009999999999998
1838,0.0,1.249
1839,0.0,1.246
1852,25.089,0.001
1853,-8.651,0.001
1854,-37.489,0.006999999999999999
1855,-12.831,0.057
1856,-11.927,0.124
1857,-27.639,0.165
1858,-29.767,0.3
1859,-30.217,0.725
1860,0.0,0.001
1861,0.0,0.001
1862,0.0,0.002
1863,0.0,0.003
1864,0.0,0.003
1865,0.0,0.003
1866,0.0,0.005
1867,0.0,0.024
1868,0.0,0.040999999999999995
1869,0.0,0.16
1870,0.0,0.21100000000000002
1871,0.0,0.28
1872,0.0,0.39299999999999996
1873,0.0,0.479
1874,0.0,0.627
1875,0.0,0.7959999999999999
1876,0.0,0.871
1877,0.0,0.992
1878,0.0,1.006
1879,0.0,1.2409999999999999
1891,351.675,0.001
1892,174.087,0.001
1893,78.53,0.004
1894,5.757000000000001,0.006999999999999999
1895,27.737000000000002,0.006999999999999999
1896,-8.881999999999998,0.008
1897,-79.043,0.008
1898,83.451,0.008
1899,5.1640000000000015,0.008
1911,8.628000000000004,0.001
1912,-6.276999999999999,0.008
1913,-18.880000000000003,0.42
1914,-1.407,1.6159999999999999
1915,2.717,1.982
1916,-19.521,1.82
1917,10.342,1.8559999999999999
1918,-5.449,1.771
1919,-6.9510000000000005,1.796
1932,375.15000000000003,0.024
1933,-118.895,0.039
1934,85.14699999999999,0.042
1935,300.77700000000004,0.129
1936,277.768,0.129
1937,-278.729,0.155
1938,231.672,0.155
1939,-219.724,0.155
1940,0.09300000000000001,0.002
1941,0.0,0.002
1942,0.0,0.002
1943,0.0,0.002
1944,0.0,0.003
1945,0.0,0.004
1946,0.0,0.004
1947,0.0,0.002
1948,0.0,0.002
1949,0.0,0.003
1950,0.0,0.003
1951,-0.09300000000000001,0.003
1952,0.075,0.004
1953,0.11199999999999999,0.004
1954,0.0,0.004
1955,0.019,0.004
1956,-0.019,0.006
1957,0.0,0.099
1958,0.0,0.08
1959,0.0,0.08
1973,4.6610000000000005,0.002
1974,-23.247,0.006
1975,17.653,0.011000000000000001
1976,0.217,0.012
1977,0.006999999999999999,0.013000000000000001
1978,-7.165,0.013000000000000001
1979,2.615,0.013999999999999999
1990,0.0,0.005
1991,0.0,0.006999999999999999
1992,0.0,0.013000000000000001
1993,0.0,0.017
1994,0.0,0.038
1995,0.0,0.069
1996,0.0,0.146
1997,0.0,0.175
1998,0.0,0.237
1999,0.0,0.341
2008,0.0,0.001
2009,0.0,0.004
2010,0.0,0.013000000000000001
2011,0.0,0.066
2012,0.0,0.163
2013,0.0,0.215
2014,0.0,0.257
2015,0.0,0.27399999999999997
2016,0.0,0.267
2017,0.0,0.284
2018,0.0,0.255
2019,0.0,0.255
2022,-22.255,0.021
2023,121.32700000000001,0.021
2024,26.771,0.021
2025,14.995,0.021
2026,-1.4980000000000002,0.021
2027,1.252,0.021
2028,30.433000000000003,0.021
2029,-14.387,0.021
2030,50.733999999999995,0.021
2031,-10.582,0.021
2032,39.211999999999996,0.03
2033,-15.155999999999999,0.05
2034,31.717,1.008
2035,-64.34100000000001,2.136
2036,13.667,3.0069999999999997
2037,-11.374,3.9360000000000004
2038,6.136,4.2410000000000005
2039,6.9060000000000015,4.809
2052,0.0,0.002
2053,39.236999999999995,0.002
2054,31.813000000000002,0.002
2055,-4.355,0.002
2056,-17.323,0.002
2057,2.717,0.003
2058,3.1180000000000003,0.003
2059,6.324,0.003
2060,-2.8489999999999998,0.013999999999999999
2061,-5.559,0.017
2062,-2.082,0.018000000000000002
2063,-6.28,0.02
2064,-2.582,0.024
2065,-3.443,0.048
2066,-4.454,0.125
2067,-4.396,0.515
2068,-17.34,2.5780000000000003
2069,-6.557,6.064
2070,-5.983,7.186
2071,-7.5310000000000015,9.399
2072,-2.186,11.968
2073,-8.115,13.095999999999998
2074,-1.565,13.672
2075,-4.4430000000000005,13.859000000000002
2076,-6.513,13.642999999999999
2077,5.14,14.397
2078,-2.356,12.744000000000002
2079,-10.479000000000001,15.147
2080,0.0,0.008
2081,0.0,0.008
2082,0.0,0.01
2083,0.0,0.011000000000000001
2084,0.0,0.012
2085,0.0,0.013999999999999999
2086,0.0,0.015
2087,0.0,0.016
2088,0.0,0.016
2089,0.0,0.017
2090,0.0,0.017
2091,0.0,0.017
2092,0.0,0.019
2093,0.0,0.02
2094,0.0,0.02
2095,0.0,0.021
2096,0.0,0.023
2097,0.0,0.141
2098,0.0,0.11699999999999999
2099,0.0,0.37
2109,9.728,0.001
2110,-7.516,0.001
2111,-97.84100000000001,0.004
2112,-107.303,0.006
2113,8.272,0.013000000000000001
2114,1.002,0.013000000000000001
2115,-6.03,0.013000000000000001
2116,-2.9539999999999997,0.018000000000000002
2117,-5.309,0.02
2118,3.103,0.02
2119,1.245,0.02
2132,-0.083,0.001
2133,-0.593,0.001
2134,0.0,0.009000000000000001
2135,1.3530000000000002,0.009000000000000001
2136,0.032,0.009000000000000001
2137,0.0,0.009000000000000001
2138,0.0,0.01
2139,0.0,0.01
2140,0.0,0.001
2141,0.0,0.002
2142,0.0,0.002
2143,0.0,0.002
2144,0.0,0.002
2145,0.0,0.002
2146,0.0,0.002
2147,0.0,0.003
2148,0.0,0.004
2149,0.0,0.006999999999999999
2150,0.0,0.009000000000000001
2151,0.0,0.011000000000000001
2152,0.0,0.019
2153,0.0,0.035
2154,0.0,0.047
2155,0.0,0.09699999999999999
2156,0.0,0.14300000000000002
2157,0.0,0.23
2158,0.0,0.40700000000000003
2159,0.0,0.40700000000000003
2160,0.0,0.011000000000000001
2161,0.0,0.012
2162,0.0,0.013999999999999999
2163,0.0,0.017
2164,0.0,0.017
2165,0.0,0.019
2166,0.0,0.023
2167,0.0,0.027000000000000003
2168,0.0,0.034
2169,0.0,0.05
2170,0.0,0.094
2171,0.0,0.168
2172,0.0,0.3
2173,0.0,0.5
2174,0.0,0.8420000000000001
2175,0.0,1.119
2176,0.0,1.3330000000000002
2177,0.0,1.683
2178,0.0,1.944
2179,0.0,2.1109999999999998
2206,11.317999999999998,0.001
2207,20.67,0.001
2208,36.476,0.003
2209,1.0299999999999998,0.009000000000000001
2210,48.79899999999999,0.02
2211,19.801999999999996,0.095
2212,48.96000000000001,0.493
2213,1.9659999999999997,1.08
2214,-1.6410000000000002,1.385
2215,-16.656,2.38
2216,9.306,3.38
2217,-22.151999999999997,4.543
2218,-22.053,4.537
2219,7.349,5.182
2231,0.0,0.001
2232,0.0,0.001
2233,0.0,0.001
2234,0.0,0.001
2235,0.0,0.002
2236,0.0,0.003
2237,0.0,0.003
2238,0.0,0.003
2239,0.0,0.003
2245,25.773,0.002
2246,56.339999999999996,0.003
2247,9.947999999999999,0.003
2248,-6.595000000000001,0.003
2249,10.612,0.004
2250,10.725000000000001,0.004
2251,-20.201999999999998,0.004
2252,-9.590000000000002,0.004
2253,1.291,0.004
2254,-7.431,0.004
2255,-23.785,0.005
2256,-52.464,0.005
2257,6.476000000000001,0.005
2258,15.317999999999998,0.005
2259,3.206999999999997,0.005
2270,-4.165,0.001
2271,-3.628,0.002
2272,2.701,0.005
2273,-3.3489999999999998,0.013999999999999999
2274,-2.835,0.034
2275,-3.8819999999999997,0.065
2276,-2.002,0.109
2277,-6.15,0.133
2278,0.887,0.174
2279,0.0,0.174
2294,10.557,0.017
2295,-41.458,0.191
2296,31.0,1.013
2297,-4.342,2.818
2298,16.99,7.505
2299,0.693,9.16
2330,-10.309000000000001,0.001
2331,49.719,0.03
2332,30.73,0.33
2333,-2.511999999999998,0.57
2334,-140.735,0.43
2335,-117.60000000000001,0.48
2336,14.283000000000001,0.491
2337,-49.57,0.74
2338,7.175000000000001,1.1079999999999999
2339,-4.688,0.998
2349,-198.658,0.01
2350,92.32100000000001,0.02
2351,187.476,0.034
2352,86.155,0.035
2353,78.643,0.1
2354,3.848,0.3
2355,204.945,0.295
2356,89.73799999999997,0.309
2357,-51.01199999999999,0.7340000000000001
2358,-4.489000000000002,1.3030000000000002
2359,52.92800000000001,4.17
2360,-71.46000000000001,0.001
2361,-132.67999999999998,0.002
2362,-45.301,0.003
2363,-135.048,0.003
2364,-216.906,0.004
2365,-242.926,0.008
2366,-195.53,0.011000000000000001
2367,-90.97699999999999,0.013999999999999999
2368,-75.71900000000001,0.017
2369,-160.43499999999997,0.02
2370,-89.35999999999999,0.04
2371,-244.53900000000002,0.244
2372,-165.997,1.354
2373,-97.92,2.01
2374,-11.788000000000004,4.053999999999999
2375,72.375,7.532999999999999
2376,3.817000000000011,10.408
2377,-15.876000000000001,11.475
2378,32.095,12.857000000000001
2379,-1.294,12.97
2380,-129.75599999999997,0.493
2381,323.23699999999997,0.5429999999999999
2382,-463.764,0.555
2383,-220.089,0.534
2384,-19.863000000000028,0.575
2385,-234.01599999999996,0.55
2386,239.01299999999998,0.508
2387,124.51600000000003,0.612
2388,309.65599999999995,0.8640000000000001
2389,-268.6170000000002,0.8909999999999999
2390,413.6720000000001,1.212
2391,622.876,1.818
2392,456.129,4.327
2393,498.164,9.036
2394,1451.4260000000004,28.924
2395,199.0949999999999,39.032
2396,-1328.5439999999999,54.86600000000001
2397,821.3119999999999,77.27600000000002
2398,1958.4550000000002,93.365
2399,1417.0789999999993,106.89399999999999
2414,0.0,0.004
2415,0.0,0.049
2416,0.0,0.151
2417,0.0,0.26899999999999996
2418,0.0,0.41600000000000004
2419,0.0,0.423
2433,-8.229,0.002
2434,3.8369999999999997,0.002
2435,-29.342,0.002
2436,-6.001,0.005
2437,4.699000000000001,0.006
2438,39.568999999999996,0.006999999999999999
2439,-10.365,0.006999999999999999
2450,-135.37,0.002
2451,-52.574,0.002
2452,-14.598000000000003,0.004
2453,-36.85,0.004
2454,16.8,0.005
2455,6.246000000000002,0.006999999999999999
2456,-158.01500000000001,0.006999999999999999
2457,-142.577,0.006999999999999999
2458,-442.556,0.006
2459,-387.5409999999999,0.006
2460,3123.3929999999996,1.069
2461,1703.248,1.341
2462,392.40799999999996,1.715
2463,4809.086,2.096
2464,5638.006,2.7710000000000004
2465,3096.675,3.844
2466,3140.4120000000003,5.171
2467,2236.364,7.005
2468,2817.266,11.432
2469,-2127.143,19.415
2470,5228.843,30.518
2471,4477.975,60.01
2472,2484.5099999999998,95.725
2473,1306.548,132.293
2474,1630.9919999999997,197.01
2475,1066.0770000000002,254.668
2476,-1744.5149999999999,329.564
2477,2562.8319999999994,443.315
2478,5276.385,572.908
2479,1841.9300000000003,704.0239999999999
2490,53.724,0.002
2491,-16.232,0.002
2492,-41.562,0.003
2493,37.737,0.004
2494,-30.656000000000002,0.009000000000000001
2495,-118.936,0.11
2496,-35.126000000000005,0.147
2497,16.612,0.183
2498,6.074,0.45799999999999996
2499,8.366,0.5
2505,0.0,0.001
2506,0.0,0.002
2507,0.0,0.002
2508,0.0,0.002
2509,0.0,0.002
2510,0.0,0.002
2511,0.0,0.002
2532,-7.2620000000000005,0.002
2533,11.402999999999999,0.003
2534,20.01,0.005
2535,-10.847000000000001,0.008
2536,-12.257,0.009000000000000001
2537,1.6969999999999998,0.011000000000000001
2538,4.952,0.013999999999999999
2539,-9.422,0.013999999999999999
