,fossil_fuel_consumption,co2
0,2940.741,886.562
1,3057.225,884.168
2,3080.476,892.575
3,3244.701,967.22
4,3482.0640000000008,1036.686
5,3510.717,1057.342
6,3572.478,1090.195
7,3700.708,1132.293
8,3946.458,1181.391
9,4015.733,1191.035
10,4133.237,1218.023
11,4142.9540000000015,1258.7089999999998
12,4298.266,1253.144
13,4400.578,1260.316
14,4522.261,1363.5
15,4590.455,1322.735
16,4714.358,1356.719
17,4803.136,1384.372
18,4954.635,1385.645
19,5043.234,1408.479
20,,3.004
21,,3.221
22,,3.748
23,,4.232
24,,4.104
25,,4.199
26,,3.844
27,,3.829
28,,4.272
29,,4.254
30,,4.448
31,,5.031000000000001
32,,4.668
33,,4.928
34,,5.621
35,,4.496
36,,4.492
37,,5.3020000000000005
38,,4.734
39,,4.863
40,299.786,82.221
41,310.611,83.78
42,321.784,89.40700000000001
43,336.154,91.048
44,349.055,87.853
45,364.682,106.473
46,378.601,100.203
47,399.001,108.402
48,422.762,109.032
49,447.905,120.185
50,436.927,117.813
51,463.396,119.808
52,506.532,128.111
53,536.629,132.435
54,584.9259999999998,142.529
55,616.9209999999998,149.683
56,615.974,148.929
57,622.064,154.936
58,670.257,161.487
59,703.118,166.642
60,,9.516
61,,9.671
62,,12.598
63,,8.988999999999999
64,,18.701
65,,19.006
66,,22.102
67,,24.977
68,,25.486
69,,27.565
70,,28.865
71,,30.33
72,,33.801
73,,33.229
74,,33.296
75,,33.621
76,,31.404
77,,28.42
78,,24.376
79,,23.487
80,572.457,142.358
81,541.622,134.004
82,513.836,124.392
83,563.029,134.631
84,610.259,157.043
85,651.139,161.434
86,676.39,174.609
87,730.242,174.24599999999998
88,746.3589999999998,188.106
89,718.798,178.949
90,760.64,186.733
91,779.77,190.274
92,810.043,191.715
93,839.4060000000002,190.133
94,834.515,188.657
95,849.6310000000002,192.406
96,853.663,190.977
97,845.421,187.805
98,835.064,181.1
99,810.582,167.56599999999997
100,,3.491
101,,3.533
102,,3.077
103,,3.4560000000000004
104,,3.691
105,,4.376
106,,4.402
107,,5.1
108,,5.575
109,,4.363
110,,4.253
111,,4.968999999999999
112,,5.747999999999999
113,,5.535
114,,5.604
115,,5.468999999999999
116,,5.202999999999999
117,,5.537000000000001
118,,5.8260000000000005
119,,5.529
120,1264.793,351.82
121,1277.953,360.455
122,1296.045,367.11300000000006
123,1314.682,373.233
124,1358.446,386.766
125,1349.6329999999996,387.602
126,1432.939,397.295
127,1451.875,401.926
128,1475.171,409.653
129,1455.724,401.321
130,1450.189,404.533
131,1482.664,405.344
132,1466.9979999999996,402.666
133,1466.687,393.171
134,1497.662,399.254
135,1515.937,403.279
136,1516.339,415.945
137,1518.533,414.751
138,1526.401,416.001
139,1627.912,414.517
140,262.847,66.139
141,281.025,70.139
142,283.582,71.943
143,307.622,77.45100000000001
144,302.939,77.668
145,306.91,79.068
146,301.003,76.796
147,284.858,74.097
148,288.778,73.472
149,267.732,67.291
150,287.842,72.0
151,273.053,69.889
152,265.938,67.263
153,266.877,67.759
154,250.796,64.161
155,257.596,66.352
156,263.486,67.215
157,274.098,69.59899999999999
158,269.233,66.565
159,276.211,67.962
160,127.01,29.506
161,122.96,28.791
162,119.412,29.641
163,128.434,30.624
164,145.812,32.077
165,158.06799999999996,34.286
166,156.766,39.109
167,141.62,30.459
168,143.445,35.45
169,125.875,31.856
170,121.15,30.633000000000003
171,137.84,32.976
172,144.468,35.048
173,149.37,35.215
174,152.86,36.975
175,166.60299999999995,36.989
176,164.05599999999995,37.055
177,161.403,36.73
178,166.049,36.847
179,177.62900000000005,38.725
180,,18.794
181,,14.078
182,,15.868
183,,16.769000000000002
184,,17.884
185,,19.804
186,,19.421
187,,26.771
188,,29.681
189,,28.098000000000003
190,,29.075
191,,28.468000000000004
192,,27.019
193,,31.0
194,,30.818
195,,32.47
196,,31.373
197,,32.591
198,,32.61
199,,34.439
200,133.906,26.525
201,152.668,31.035
202,158.325,31.981
203,167.94400000000005,33.459
204,173.801,35.945
205,187.605,37.677
206,203.441,41.68899999999999
207,208.275,42.642
208,219.933,45.301
209,243.414,49.148
210,248.374,53.992
211,269.68,56.556
212,289.059,60.691
213,297.956,61.782
214,311.028,65.979
215,365.23,73.277
216,370.27,76.477
217,383.526,80.944
218,408.752,82.6
219,485.273,94.215
220,255.324,54.706
221,248.884,54.77
222,256.297,54.583
223,255.155,56.105
224,287.386,59.801
225,286.3520000000001,61.127
226,304.1690000000001,63.934
227,296.992,63.303
228,300.353,65.439
229,284.4890000000001,61.045
230,301.882,62.775
231,300.223,61.629
232,324.357,62.674
233,285.884,63.237
234,295.215,62.609
235,268.136,58.038
236,266.516,59.851000000000006
237,271.089,60.11600000000001
238,289.382,60.962
239,291.915,61.022
240,615.495,126.72
241,615.184,126.065
242,610.0269999999998,126.865
243,638.757,128.25
244,641.569,128.781
245,631.0930000000002,125.641
246,633.816,123.884
247,633.675,120.48
248,652.342,120.181
249,593.05,107.712
250,634.033,114.544
251,576.31,105.026
252,564.012,102.386
253,573.695,102.652
254,546.101,96.868
255,571.739,101.056
256,579.192,99.872
257,587.43,99.448
258,599.881,100.227
259,592.903,99.746
260,,1.473
261,,1.689
262,,2.11
263,,2.394
264,,2.594
265,,2.49
266,,3.3510000000000004
267,,3.931
268,,3.919
269,,4.225
270,,4.678999999999999
271,,4.48
272,,4.4030000000000005
273,,4.566
274,,4.796
275,,5.3260000000000005
276,,6.6
277,,6.938
278,,7.255
279,,7.315
280,,8.641
281,,8.292
282,,8.384
283,,9.985
284,,10.185
285,,11.175999999999998
286,,11.548
287,,12.663
288,,13.554
289,,14.229
290,,15.425999999999998
291,,16.992
292,,17.779
293,,19.094
294,,20.717
295,,21.278
296,,22.795
297,,23.562
298,,23.856
299,,23.848000000000003
300,,13.702
301,,13.263
302,,14.173
303,,14.358
304,,15.462
305,,16.046
306,,17.387
307,,17.474
308,,19.959
309,,20.537
310,,21.146
311,,23.761
312,,22.134
313,,21.801
314,,19.312
315,,18.46
316,,21.734
317,,21.819000000000003
318,,22.075
319,,24.847
320,,3.778
321,,3.847
322,,3.975
323,,3.825
324,,3.895
325,,4.093
326,,4.133
327,,4.228
328,,4.503
329,,3.855
330,,4.537
331,,4.029
332,,5.077
333,,5.662999999999999
334,,6.85
335,,5.425
336,,6.334
337,,7.059
338,,7.561
339,,6.925
340,1282.023,340.18300000000005
341,1322.3870000000004,346.166
342,1318.76,347.765
343,1311.017,344.645
344,1382.411,361.434
345,1406.5220000000004,364.371
346,1435.178,368.871
347,1492.973,390.573
348,1583.418,412.638
349,1492.023,389.775
350,1704.874,440.269
351,1795.044,462.58
352,1886.311,498.309
353,2037.776,532.418
354,2117.411,557.901
355,2048.107,529.3530000000001
356,1897.973,492.7480000000001
357,1932.736,500.758
358,1855.675,483.685
359,1854.374,485.793
360,157.811,45.466
361,166.12400000000005,48.982
362,157.05700000000004,46.156000000000006
363,169.71900000000005,50.533
364,163.96200000000005,49.585
365,173.828,50.656000000000006
366,177.915,51.894
367,187.188,55.74
368,180.61,54.07899999999999
369,152.059,45.815
370,154.92,47.861
371,170.679,53.176
372,156.89,48.341
373,140.972,42.68
374,148.406,45.217
375,159.51,48.276
376,151.024,45.502
377,158.987,47.582
378,149.52100000000004,43.638000000000005
379,145.404,42.223
380,,1.975
381,,2.25
382,,2.206
383,,2.378
384,,2.444
385,,2.774
386,,2.997
387,,3.471
388,,3.881
389,,4.557
390,,5.1
391,,5.194
392,,5.4510000000000005
393,,5.577999999999999
394,,6.494
395,,8.527000000000001
396,,10.533
397,,12.875
398,,12.879
399,,15.329
400,,3.346
401,,3.326
402,,3.325
403,,3.699
404,,3.851
405,,3.591
406,,3.752
407,,5.702999999999999
408,,5.426
409,,6.593999999999999
410,,6.662000000000001
411,,6.521
412,,6.159
413,,5.07
414,,6.85
415,,7.746
416,,7.815
417,,7.697999999999999
418,,7.932
419,,7.398
420,2340.522,566.552
421,2318.705,559.0419999999999
422,2386.203,564.669
423,2448.106,582.344
424,2448.534,580.759
425,2425.669,575.852
426,2387.713,571.41
427,2493.041,594.665
428,2451.737,579.367
429,2285.09,546.61
430,2401.931,558.804
431,2495.016,569.87
432,2441.658,569.263
433,2509.179,573.6990000000001
434,2568.967,570.563
435,2542.913,573.061
436,2513.077,559.567
437,2544.678,569.36
438,2638.454,579.47
439,2608.28,582.39
440,249.873,58.096
441,244.261,52.558
442,251.079,54.471
443,251.507,54.864
444,271.616,59.026
445,273.326,60.926
446,291.22,63.949
447,311.998,70.683
448,301.551,70.795
449,292.26,65.90100000000001
450,302.55,71.311
451,335.999,78.064
452,341.735,79.684
453,344.163,81.811
454,330.055,77.574
455,332.723,81.824
456,356.774,84.39200000000001
457,348.094,84.046
458,358.826,84.40899999999999
459,354.847,86.12899999999999
460,220.966,56.25899999999999
461,214.327,55.93899999999999
462,207.379,55.43
463,212.59,57.094
464,212.84,54.569
465,211.651,60.06
466,241.847,62.005
467,239.394,60.179
468,263.741,66.65
469,259.22900000000004,72.557
470,286.278,76.278
471,283.842,76.08
472,315.492,79.727
473,330.9240000000001,87.428
474,353.995,88.699
475,357.326,91.965
476,378.724,93.242
477,362.163,86.296
478,367.932,84.881
479,400.957,90.419
480,,0.565
481,,0.7659999999999999
482,,0.575
483,,0.916
484,,0.949
485,,0.996
486,,1.127
487,,1.211
488,,1.33
489,,1.724
490,,1.962
491,,2.24
492,,2.945
493,,3.208
494,,3.102
495,,3.452
496,,3.702
497,,3.565
498,,3.623
499,,3.2910000000000004
500,,5.394
501,,5.667000000000001
502,,6.245
503,,6.582999999999999
504,,6.8420000000000005
505,,6.723
506,,7.007000000000001
507,,7.961
508,,7.99
509,,7.747999999999999
510,,7.492999999999999
511,,7.311
512,,7.26
513,,7.632000000000001
514,,7.747999999999999
515,,7.406000000000001
516,,7.922999999999999
517,,8.312000000000001
518,,8.222000000000001
519,,8.818
520,77.46600000000002,19.661
521,80.422,20.783
522,84.54299999999998,21.888
523,90.491,23.214
524,88.545,22.892
525,89.066,23.346
526,89.03299999999999,23.554
527,95.014,24.866
528,91.402,23.599
529,85.493,21.809
530,82.44200000000002,21.019
531,79.79899999999998,20.652
532,72.795,19.089
533,70.368,18.436
534,68.669,17.682000000000002
535,70.384,17.817
536,72.108,18.083
537,75.561,18.718
538,73.13,17.698
539,73.783,17.779
540,,25.775
541,,25.216
542,,25.524
543,,25.943
544,,25.221
545,,24.442
546,,24.693
547,,24.24
548,,28.108
549,,28.396
550,,34.2
551,,29.431
552,,29.742
553,,28.024
554,,27.442
555,,29.311
556,,28.178
557,,25.208
558,,22.609
559,,22.525
560,30.261,7.12
561,30.61,6.994
562,30.186,7.184
563,32.088,7.574
564,31.226,7.801
565,34.99,7.955
566,34.408,8.183
567,34.966,8.502
568,35.643,8.714
569,34.731,8.469
570,33.674,8.1
571,33.027,7.786
572,30.693,7.262
573,27.19,6.581
574,27.295,6.95
575,27.969,6.97
576,30.471,7.372999999999999
577,31.31,7.523
578,31.103,7.34
579,30.998,7.34
580,219.737,54.292
581,219.657,55.879
582,216.426,55.538
583,231.081,60.626000000000005
584,213.308,55.076
585,204.203,51.506
586,229.538,59.429
587,213.377,54.656000000000006
588,204.944,51.22
589,191.257,48.816
590,195.923,49.17100000000001
591,177.454,44.215
592,158.7,39.84
593,164.94299999999996,41.746
594,152.879,37.543
595,143.627,35.204
596,146.885,37.011
597,139.555,34.743
598,139.99,34.672
599,132.452,30.897
600,,18.992
601,,19.145
602,,20.949
603,,21.345
604,,17.333
605,,17.941
606,,19.112
607,,19.993
608,,20.332
609,,19.781
610,,20.553
611,,21.318
612,,21.255
613,,21.267
614,,21.801
615,,23.495
616,,24.645
617,,24.017
618,,25.698
619,,27.52
620,81.60600000000002,20.562
621,84.69,22.94
622,82.125,24.753
623,84.902,26.747
624,92.667,28.786
625,100.664,29.97
626,106.872,28.895
627,107.971,33.686
628,110.588,29.573
629,113.272,32.503
630,130.315,34.826
631,132.88,37.398
632,139.239,37.154
633,148.1,39.362
634,155.736,43.207
635,150.761,40.759
636,142.765,39.504
637,139.217,39.276
638,148.74200000000005,37.919
639,143.64700000000005,36.758
640,525.83,140.35
641,555.354,124.294
642,565.768,125.782
643,605.183,146.463
644,635.097,149.143
645,668.9680000000002,165.044
646,703.455,176.019
647,743.2280000000002,185.907
648,791.668,194.764
649,828.1289999999998,203.17
650,874.337,200.841
651,887.834,213.027
652,934.931,208.718
653,928.149,206.949
654,926.082,221.668
655,947.292,219.167
656,998.237,234.123
657,1028.259,250.605
658,1046.163,227.721
659,1030.296,225.882
660,,5.671
661,,5.857
662,,6.07
663,,6.435
664,,6.254
665,,6.297999999999999
666,,6.718
667,,6.846
668,,6.405
669,,6.312
670,,6.319
671,,6.499
672,,6.472
673,,6.093999999999999
674,,6.151
675,,6.675
676,,6.646
677,,6.016
678,,6.371
679,,6.853
680,,0.616
681,,2.964
682,,7.782
683,,7.962000000000001
684,,9.962
685,,8.039
686,,7.108
687,,5.584
688,,6.119
689,,5.408
690,,6.803999999999999
691,,9.464
692,,9.175
693,,11.578
694,,11.179
695,,10.834
696,,11.388
697,,12.285
698,,11.212
699,,10.27
700,,0.604
701,,0.626
702,,0.601
703,,0.71
704,,0.769
705,,0.769
706,,0.5489999999999999
707,,0.563
708,,0.409
709,,0.497
710,,0.497
711,,0.556
712,,0.605
713,,0.621
714,,0.631
715,,0.634
716,,0.645
717,,0.7040000000000001
718,,0.805
719,,0.835
720,53.843,15.485
721,55.977,15.866
722,55.594,15.349
723,60.392,17.235
724,63.074,17.368
725,61.98,17.156
726,60.945,16.502
727,69.08,20.022
728,65.808,17.875
729,57.54,14.489
730,68.475,18.995
731,70.33,19.091
732,70.429,17.846
733,73.71300000000002,19.738
734,71.405,18.885
735,66.145,15.859000000000002
736,66.62100000000001,17.567
737,71.71600000000002,18.788
738,77.48899999999998,17.945
739,61.261,12.38
740,,3.463
741,,4.265
742,,4.432
743,,4.87
744,,5.159
745,,4.956
746,,5.318
747,,5.84
748,,6.417999999999999
749,,6.452999999999999
750,,6.337000000000001
751,,7.402
752,,8.109
753,,9.781
754,,12.017
755,,12.694
756,,14.347
757,,15.238
758,,16.149
759,,16.371
760,228.481,57.038
761,241.514,62.536
762,251.935,65.06
763,280.233,72.658
764,259.563,68.961
765,229.474,57.047
766,258.718,68.389
767,252.02,66.765
768,230.581,58.617
769,218.712,55.937
770,244.803,64.10300000000001
771,218.479,56.667
772,197.574,51.229
773,206.101,51.728
774,190.221,47.645
775,178.491,44.126000000000005
776,190.853,47.229
777,179.24200000000005,44.652
778,182.693,45.849
779,168.415,42.54600000000001
780,1719.708,405.901
781,1725.441,410.533
782,1697.535,406.01
783,1730.17,411.946
784,1742.167,413.149
785,1742.59,415.518
786,1711.2320000000002,405.761
787,1675.237,395.42800000000005
788,1661.717,387.992
789,1587.678,368.631
790,1609.976,376.576
791,1503.615,353.735
792,1500.94,355.932
793,1501.535,357.537
794,1364.7579999999996,325.886
795,1390.726,329.91
796,1419.87,333.579
797,1438.369,336.996
798,1404.82,322.372
799,1384.094,315.931
800,,4.669
801,,4.772
802,,4.544
803,,4.614
804,,4.658
805,,4.859
806,,4.143
807,,4.09
808,,4.163
809,,4.2330000000000005
810,,4.783
811,,4.93
812,,5.034
813,,5.269
814,,5.317
815,,5.269
816,,5.441
817,,4.598
818,,4.759
819,,4.488
820,,4.5
821,,3.732
822,,3.352
823,,3.735
824,,4.276
825,,5.018
826,,6.097
827,,6.365
828,,5.309
829,,6.136
830,,6.207999999999999
831,,7.805
832,,8.252
833,,8.009
834,,8.934
835,,9.747
836,,10.066
837,,10.18
838,,10.105
839,,10.48
840,3391.7790000000005,899.852
841,3460.384,916.649
842,3408.059,899.971
843,3405.059,901.152
844,3366.813,887.0889999999999
845,3308.258,866.697
846,3360.62,878.32
847,3214.11,851.6239999999999
848,3225.886,854.927
849,3018.434,790.295
850,3134.531,832.949
851,3032.672,809.217
852,3052.566,813.985
853,3147.407,831.454
854,2963.166,792.5880000000001
855,2981.137,795.61
856,3062.1040000000007,800.687
857,3065.36,785.883
858,2952.43,754.112
859,2825.9,711.428
860,,6.101
861,,6.734
862,,7.233
863,,7.438
864,,7.153
865,,6.803
866,,9.159
867,,9.619
868,,8.925
869,,7.497999999999999
870,,9.71
871,,11.226
872,,14.315
873,,14.18
874,,14.755
875,,16.114
876,,16.547
877,,13.74
878,,16.683
879,,16.918
880,365.205,102.999
881,372.273,105.386
882,372.126,105.021
883,385.401,109.09
884,386.082,109.547
885,387.129,113.931
886,396.893,112.472
887,412.857,114.592
888,394.9380000000001,111.125
889,375.129,104.355
890,349.4,97.361
891,346.3119999999999,94.55
892,321.107,91.431
893,291.783,81.736
894,278.031,78.66199999999999
895,273.436,74.961
896,268.365,71.373
897,287.778,74.855
898,280.472,71.808
899,277.692,65.736
900,,9.765
901,,10.233
902,,10.722
903,,10.448
904,,11.18
905,,12.109000000000002
906,,12.177
907,,12.145
908,,10.893
909,,11.442
910,,11.098
911,,11.237
912,,11.558
913,,12.784
914,,13.785
915,,15.822
916,,16.913
917,,17.292
918,,18.646
919,,21.934
920,,1.7480000000000002
921,,1.744
922,,1.715
923,,1.858
924,,1.927
925,,1.619
926,,1.51
927,,1.781
928,,1.707
929,,1.909
930,,1.887
931,,1.96
932,,1.96
933,,1.905
934,,1.972
935,,2.003
936,,2.345
937,,2.319
938,,2.481
939,,2.487
940,,1.634
941,,1.471
942,,1.785
943,,1.7
944,,1.652
945,,1.724
946,,1.7519999999999998
947,,1.7719999999999998
948,,1.761
949,,1.888
950,,2.137
951,,2.273
952,,2.264
953,,2.7060000000000004
954,,2.705
955,,2.661
956,,2.983
957,,3.104
958,,3.3680000000000003
959,,3.289
960,,4.928999999999999
961,,5.602
962,,5.867999999999999
963,,6.617000000000001
964,,7.194
965,,6.831
966,,7.677
967,,8.206
968,,8.437999999999999
969,,7.939
970,,7.89
971,,8.736
972,,9.094
973,,9.24
974,,9.309
975,,9.802
976,,9.293
977,,8.857000000000001
978,,10.05
979,,10.789
980,239.706,58.365
981,248.105,59.968
982,244.757,59.005
983,254.657,61.756
984,252.826,60.132
985,264.978,60.278
986,262.593,59.642
987,254.107,58.554
988,246.735,57.248000000000005
989,219.582,51.471
990,224.2,52.069
991,224.259,50.191
992,204.831,46.758
993,193.445,43.59
994,192.103,43.678
995,204.052,46.615
996,207.829,47.072
997,220.42,49.452
998,222.49,49.408
999,222.441,49.08
1000,10.698,2.932
1001,10.201,2.863
1002,10.559,2.991
1003,10.638,2.985
1004,11.129,3.109
1005,11.255999999999998,2.9760000000000004
1006,11.453,3.153
1007,11.57,3.4960000000000004
1008,10.64,3.811
1009,9.861,3.728
1010,9.543,3.625
1011,9.428,3.5010000000000003
1012,9.363,3.497
1013,9.903,3.483
1014,10.068,3.459
1015,11.0,3.536
1016,12.183,3.487
1017,13.438,3.605
1018,14.183,3.663
1019,12.561,3.551
1020,3438.942,978.919
1021,3462.548,992.56
1022,3643.887,1023.027
1023,3793.599,1059.616
1024,3988.063,1125.471
1025,4263.618,1185.953
1026,4447.593,1259.744
1027,4833.655,1358.152
1028,5149.306,1462.815
1029,5582.255,1612.817
1030,5833.073,1677.888
1031,6099.206,1780.13
1032,6464.328,1963.586
1033,6676.501,2036.937
1034,7136.279,2185.856
1035,7391.897,2268.567
1036,7731.248,2382.223
1037,8021.763000000001,2433.856
1038,8499.809000000001,2599.806
1039,8612.962,2625.968
1040,1142.325,274.72700000000003
1041,1204.054,303.341
1042,1264.2,310.818
1043,1366.902,340.441
1044,1357.615,344.394
1045,1389.855,348.98900000000003
1046,1413.781,346.706
1047,1514.894,388.255
1048,1490.961,366.293
1049,1543.179,401.957
1050,1683.84,451.931
1051,1856.241,504.762
1052,1955.309,521.528
1053,2025.581,496.074
1054,1888.559,498.973
1055,1903.847,551.475
1056,1925.585,560.846
1057,2000.617,575.1759999999999
1058,2172.531,614.884
1059,2324.6020000000008,660.5939999999999
1060,291.275,71.71600000000001
1061,327.466,84.556
1062,306.597,86.322
1063,282.358,90.785
1064,299.644,113.635
1065,289.031,112.764
1066,295.343,97.965
1067,315.215,61.169
1068,331.694,91.803
1069,371.496,102.969
1070,394.329,110.066
1071,417.883,135.274
1072,442.372,152.815
1073,476.763,163.67700000000002
1074,460.224,165.15099999999998
1075,459.703,165.64700000000002
1076,530.408,194.361
1077,525.6569999999998,211.703
1078,552.205,211.326
1079,612.215,222.991
1080,169.213,45.249
1081,180.033,47.607
1082,177.832,46.081
1083,173.824,45.683
1084,175.476,46.166
1085,182.05,48.156000000000006
1086,184.354,47.604
1087,189.228,47.664
1088,185.888,47.367
1089,167.19299999999996,42.18
1090,167.613,41.794
1091,154.085,38.097
1092,152.73,38.242
1093,148.385,37.292
1094,145.984,36.909
1095,152.059,38.688
1096,160.056,40.156
1097,156.87,39.133
1098,157.688,39.195
1099,153.732,37.275
1100,233.61900000000003,59.519
1101,232.563,63.024
1102,235.88,59.301
1103,242.429,62.415
1104,245.382,58.679
1105,253.346,56.524
1106,253.141,62.149
1107,267.096,62.8
1108,271.305,67.98
1109,259.632,63.861
1110,275.032,68.28699999999999
1111,281.18,68.595
1112,293.194,74.785
1113,271.903,63.132
1114,266.349,60.352
1115,280.265,62.975
1116,283.943,61.219
1117,297.039,58.873000000000005
1118,297.284,60.54600000000001
1119,305.526,62.394
1120,1939.972,470.49300000000005
1121,1942.017,470.576
1122,1942.758,478.005
1123,2015.524,495.965
1124,2033.519,501.568
1125,2052.189,502.26
1126,2036.617,496.892
1127,2004.721,490.603
1128,1942.317,478.903
1129,1769.473,424.739
1130,1806.89,436.154
1131,1745.745,424.278
1132,1667.519,403.447
1133,1530.118,369.834
1134,1411.109,349.582
1135,1481.703,361.302
1136,1503.792,358.061
1137,1533.07,352.85
1138,1517.578,349.02
1139,1482.024,339.772
1140,,10.314
1141,,10.576
1142,,10.203
1143,,10.667
1144,,10.574000000000002
1145,,10.417
1146,,11.577
1147,,10.749
1148,,10.78
1149,,7.934
1150,,7.677
1151,,8.256
1152,,7.912999999999999
1153,,8.492
1154,,7.697
1155,,7.995
1156,,8.163
1157,,7.797999999999999
1158,,8.039
1159,,8.045
1160,4961.77,1264.375
1161,4913.257000000001,1249.766
1162,4918.99,1279.12
1163,5094.962,1287.468
1164,5021.134,1282.862
1165,5142.846,1290.371
1166,5069.777,1267.362
1167,5115.193,1303.134
1168,5108.512,1232.314
1169,4533.407,1163.213
1170,4796.607,1214.816
1171,4853.726,1264.866
1172,5198.311,1306.01
1173,5136.163,1315.3429999999998
1174,5000.09,1263.729
1175,4863.212,1223.396
1176,4772.839,1203.718
1177,4766.34,1188.123
1178,4664.021,1143.458
1179,4536.13,1105.929
1180,,15.2
1181,,15.61
1182,,16.42
1183,,16.982
1184,,18.671
1185,,20.437
1186,,20.526
1187,,21.436
1188,,20.718000000000004
1189,,21.337
1190,,20.615
1191,,21.244
1192,,23.814
1193,,23.813
1194,,25.895
1195,,25.556
1196,,24.346
1197,,25.561
1198,,25.26
1199,,25.745
1200,351.973,149.054
1201,397.46,143.585
1202,405.304,161.037
1203,449.783,178.96200000000002
1204,480.187,188.547
1205,506.101,201.8
1206,536.5740000000002,221.13
1207,599.243,227.55
1208,635.31,228.67
1209,574.1419999999998,223.11
1210,617.508,249.067
1211,682.715,239.66
1212,709.0419999999998,245.836
1213,717.908,253.729
1214,727.549,279.032
1215,715.427,288.582
1216,720.9169999999998,288.686
1217,764.4830000000002,307.909
1218,848.52,317.28
1219,834.317,295.869
1220,,10.390999999999998
1221,,9.237
1222,,7.819
1223,,6.587000000000001
1224,,7.439
1225,,8.338
1226,,9.336
1227,,9.541
1228,,9.911
1229,,11.966
1230,,11.745
1231,,12.928
1232,,11.988
1233,,12.77
1234,,13.773
1235,,16.301
1236,,17.156
1237,,16.322
1238,,18.016
1239,,18.347
1240,229.627,53.385
1241,233.206,57.485
1242,237.532,57.981
1243,279.243,59.624
1244,312.831,63.109
1245,346.348,71.166
1246,327.262,73.39
1247,317.934,74.875
1248,345.839,82.29700000000001
1249,361.27,86.955
1250,391.745,89.272
1251,393.086,86.26299999999999
1252,436.736,100.074
1253,452.734,81.704
1254,415.215,75.482
1255,450.585,91.349
1256,468.062,100.859
1257,438.028,95.145
1258,436.439,95.575
1259,454.495,96.651
1260,,4.602
1261,,3.861
1262,,4.921
1263,,5.382000000000001
1264,,5.808
1265,,5.515
1266,,5.419
1267,,6.519
1268,,7.547000000000001
1269,,6.737
1270,,6.314
1271,,7.553999999999999
1272,,9.998
1273,,9.658
1274,,10.095
1275,,10.279000000000002
1276,,9.646
1277,,9.348
1278,,11.698
1279,,11.018
1280,29.404,7.081
1281,32.329,7.496
1282,33.773,7.52
1283,33.738,7.726
1284,36.342,7.731
1285,37.144,7.811
1286,36.571,8.31
1287,37.901,8.637
1288,37.181,8.198
1289,33.844,7.456
1290,39.246,8.554
1291,35.509,7.811
1292,34.314,7.519
1293,34.148,7.367999999999999
1294,32.653,7.172000000000001
1295,33.563,7.262
1296,34.591,7.21
1297,33.796,7.215
1298,34.098,7.859
1299,35.677,7.648
1300,,15.466
1301,,16.407
1302,,16.244
1303,,18.529
1304,,17.208
1305,,16.65
1306,,14.792
1307,,13.746
1308,,17.418
1309,,20.958
1310,,19.997
1311,,20.264
1312,,22.332
1313,,22.163
1314,,23.992
1315,,25.735
1316,,26.501
1317,,27.977
1318,,26.551
1319,,26.658
1320,,47.515
1321,,48.463
1322,,48.18600000000001
1323,,49.474
1324,,50.629
1325,,56.989
1326,,53.256
1327,,49.977
1328,,53.591
1329,,53.121
1330,,60.653
1331,,49.212
1332,,51.647
1333,,41.914
1334,,71.39
1335,,58.184
1336,,53.485
1337,,54.399
1338,,53.362
1339,,54.50899999999999
1340,53.142,11.876
1341,58.25100000000001,12.627
1342,56.725,12.699000000000002
1343,58.056,12.693
1344,59.972,13.287
1345,63.72,14.117
1346,64.428,14.434
1347,68.999,15.824000000000002
1348,67.993,15.203
1349,57.625,13.042
1350,62.612,13.945
1351,64.589,14.293
1352,64.509,14.345
1353,58.344,13.355
1354,56.103,13.107
1355,58.345,13.319
1356,58.565,13.351
1357,60.992,13.572
1358,63.244,13.696
1359,62.286,13.923
1360,36.694,8.71
1361,39.368,9.207
1362,43.133,9.984
1363,45.285,10.459
1364,51.20399999999999,11.829
1365,51.93899999999999,12.087
1366,50.909,11.92
1367,48.843,11.317
1368,48.435,11.184
1369,46.341,10.638
1370,48.863,11.207
1371,47.574,11.102
1372,46.515,10.866
1373,44.014,10.321
1374,42.34,9.836
1375,40.87300000000001,9.348
1376,40.176,9.093
1377,41.357,9.261
1378,43.11,9.568
1379,43.886,9.752
1380,588.768,126.203
1381,595.698,133.988
1382,640.729,135.118
1383,699.176,156.52100000000002
1384,744.6669999999998,171.102
1385,794.46,181.333
1386,825.322,178.785
1387,882.0369999999998,182.455
1388,909.055,201.985
1389,881.416,200.713
1390,910.841,215.935
1391,938.526,216.99400000000003
1392,1006.504,215.213
1393,1048.004,242.487
1394,1054.519,244.833
1395,1067.692,231.844
1396,1111.393,250.561
1397,1112.613,250.561
1398,1095.305,272.22900000000004
1399,1108.253,278.659
1400,,2.546
1401,,2.665
1402,,2.707
1403,,2.979
1404,,2.846
1405,,2.654
1406,,2.6660000000000004
1407,,2.738
1408,,2.747
1409,,2.533
1410,,2.58
1411,,2.577
1412,,2.761
1413,,2.444
1414,,2.448
1415,,1.741
1416,,1.405
1417,,1.5590000000000002
1418,,1.538
1419,,1.669
1420,,2.689
1421,,2.862
1422,,2.884
1423,,3.059
1424,,3.089
1425,,3.294
1426,,3.627
1427,,3.686
1428,,3.767
1429,,3.708
1430,,3.913
1431,,3.917
1432,,3.964
1433,,4.067
1434,,4.206
1435,,4.21
1436,,4.346
1437,,4.5360000000000005
1438,,4.513999999999999
1439,,4.378
1440,1495.734,396.066
1441,1488.39,410.698
1442,1548.021,411.968
1443,1571.816,437.758
1444,1650.929,438.857
1445,1751.339,463.99300000000005
1446,1805.725,476.565
1447,1823.536,479.787
1448,1836.306,492.98
1449,1852.331,475.903
1450,1894.152,463.783
1451,1983.096,484.165
1452,2007.305,496.3
1453,2016.594,490.13
1454,1977.481,481.129
1455,1984.575,481.975
1456,2011.499,482.798
1457,2035.174,459.849
1458,2001.132,455.3080000000001
1459,1961.967,435.512
1460,,7.487
1461,,7.87
1462,,8.262
1463,,8.008
1464,,8.571
1465,,8.574
1466,,9.406
1467,,12.079
1468,,12.017
1469,,13.074000000000002
1470,,13.82
1471,,21.426
1472,,35.031
1473,,43.559
1474,,29.586
1475,,23.243
1476,,25.327
1477,,34.265
1478,,47.537
1479,,88.691
1480,,1.521
1481,,1.6669999999999998
1482,,1.766
1483,,1.889
1484,,2.041
1485,,1.751
1486,,2.063
1487,,2.056
1488,,2.605
1489,,1.682
1490,,2.422
1491,,2.407
1492,,2.213
1493,,2.151
1494,,2.107
1495,,2.239
1496,,2.015
1497,,2.103
1498,,2.4
1499,,2.645
1500,115.151,33.199
1501,123.768,36.806
1502,127.038,37.306
1503,125.651,36.57
1504,143.366,42.226000000000006
1505,157.734,44.661
1506,161.042,46.249
1507,159.466,48.913
1508,176.278,51.369
1509,167.05,50.86
1510,183.009,54.365
1511,196.694,54.868
1512,201.169,56.95399999999999
1513,202.314,56.606
1514,206.634,57.175
1515,208.22,58.547
1516,210.017,58.457
1517,220.636,61.629
1518,223.883,62.295
1519,244.938,68.217
1520,,1.3219999999999998
1521,,1.554
1522,,1.537
1523,,1.856
1524,,1.864
1525,,1.77
1526,,1.916
1527,,2.189
1528,,2.18
1529,,2.439
1530,,2.635
1531,,3.107
1532,,2.9810000000000003
1533,,3.576
1534,,7.899
1535,,6.303999999999999
1536,,8.155
1537,,8.323
1538,,6.891
1539,,7.287999999999999
1540,,10.044
1541,,8.681000000000001
1542,,9.154
1543,,9.779
1544,,12.37
1545,,11.529000000000002
1546,,12.779000000000002
1547,,12.794
1548,,9.722
1549,,10.156
1550,,13.083
1551,,15.068
1552,,11.893
1553,,12.938
1554,,16.17
1555,,22.109
1556,,25.437
1557,,24.768
1558,,32.68
1559,,36.047
1560,,1.605
1561,,2.012
1562,,1.788
1563,,1.883
1564,,1.971
1565,,2.312
1566,,2.338
1567,,2.36
1568,,3.334
1569,,3.056
1570,,3.085
1571,,2.782
1572,,3.355
1573,,2.568
1574,,3.678
1575,,3.851
1576,,4.051
1577,,4.216
1578,,4.077
1579,,4.082
1580,,3.037
1581,,3.236
1582,,2.596
1583,,2.81
1584,,2.582
1585,,2.987
1586,,2.456
1587,,2.57
1588,,3.352
1589,,4.129
1590,,4.824
1591,,5.22
1592,,5.47
1593,,6.218
1594,,7.591
1595,,6.817
1596,,9.76
1597,,11.648
1598,,13.69
1599,,16.967
1600,986.378,171.085
1601,1024.025,176.21099999999998
1602,1022.691,175.571
1603,1029.643,179.009
1604,1061.811,180.896
1605,1078.146,176.922
1606,1054.879,172.09799999999998
1607,1069.354,171.88099999999997
1608,1051.266,174.862
1609,1030.884,169.53900000000002
1610,1095.2910000000004,181.538
1611,1042.319,168.271
1612,1006.845,164.7
1613,979.321,164.685
1614,920.421,157.66299999999998
1615,928.086,164.2
1616,944.085,164.925
1617,923.95,162.61
1618,916.524,159.02
1619,901.859,153.6
1620,147.255,32.339
1621,154.113,34.49
1622,153.80100000000004,34.66
1623,151.137,36.301
1624,148.118,35.953
1625,149.945,37.553
1626,150.967,37.543
1627,149.49200000000005,36.657
1628,151.921,37.713
1629,143.95,34.882
1630,145.097,35.031
1631,143.934,34.497
1632,150.971,36.138000000000005
1633,151.438,35.305
1634,157.08100000000005,35.531
1635,157.54,36.071
1636,156.047,34.305
1637,162.222,35.855
1638,157.955,35.789
1639,164.422,37.495
1640,,3.721
1641,,3.922
1642,,3.99
1643,,4.335
1644,,4.378
1645,,4.27
1646,,4.418
1647,,4.551
1648,,4.3660000000000005
1649,,4.445
1650,,4.468
1651,,4.806
1652,,4.546
1653,,4.6160000000000005
1654,,4.756
1655,,5.43
1656,,5.382999999999999
1657,,5.504
1658,,5.281000000000001
1659,,5.672999999999999
1660,,0.6940000000000001
1661,,0.653
1662,,0.696
1663,,0.754
1664,,0.809
1665,,0.7090000000000001
1666,,0.688
1667,,0.716
1668,,0.802
1669,,0.961
1670,,1.17
1671,,1.3219999999999998
1672,,1.754
1673,,1.891
1674,,2.075
1675,,2.035
1676,,2.064
1677,,2.006
1678,,1.863
1679,,1.853
1680,,78.82300000000001
1681,,86.719
1682,,94.304
1683,,100.008
1684,,98.685
1685,,105.758
1686,,97.809
1687,,94.27
1688,,94.772
1689,,74.885
1690,,112.314
1691,,129.569
1692,,116.331
1693,,122.098
1694,,127.823
1695,,113.47
1696,,115.821
1697,,114.043
1698,,127.928
1699,,130.10399999999998
1700,160.233,42.17100000000001
1701,170.19299999999996,43.537
1702,167.618,42.623000000000005
1703,174.419,44.012
1704,175.57,44.357
1705,169.713,43.382
1706,170.55,43.972
1707,169.24200000000005,45.714
1708,168.989,44.837
1709,166.55200000000005,43.268
1710,173.63,45.697
1711,170.50400000000005,44.817
1712,168.817,44.342
1713,170.25,44.639
1714,166.93400000000003,45.078
1715,170.093,45.61600000000001
1716,163.656,44.8
1717,165.135,44.372
1718,168.62400000000005,44.469
1719,161.613,42.865
1720,114.527,21.536
1721,126.486,20.107
1722,137.64600000000002,25.235
1723,142.58,32.028
1724,132.44299999999998,27.592
1725,159.327,29.467
1726,174.06599999999997,39.047
1727,173.545,43.97
1728,203.783,42.11
1729,204.161,40.654
1730,239.875,46.915
1731,262.053,53.476000000000006
1732,284.885,58.968
1733,318.336,61.278
1734,316.9190000000001,60.676
1735,334.8,61.856
1736,336.05800000000005,60.31
1737,373.009,65.906
1738,412.887,60.617
1739,420.54,60.757
1740,426.193,105.42
1741,432.7480000000001,107.126
1742,446.137,112.904
1743,479.609,117.491
1744,537.07,129.96
1745,551.304,134.757
1746,588.286,143.726
1747,628.484,155.846
1748,646.444,155.356
1749,650.475,155.221
1750,651.195,154.145
1751,645.3290000000002,154.66
1752,650.953,153.876
1753,653.944,150.451
1754,674.587,156.243
1755,713.4019999999998,169.252
1756,777.4739999999998,207.019
1757,830.007,233.978
1758,856.4630000000002,238.306
1759,860.248,234.289
1760,,5.728
1761,,6.952999999999999
1762,,5.821000000000001
1763,,6.09
1764,,5.711
1765,,6.971
1766,,7.524
1767,,7.35
1768,,7.335
1769,,8.461
1770,,9.072
1771,,9.953
1772,,9.768
1773,,10.513
1774,,10.855
1775,,10.878
1776,,10.555
1777,,11.212
1778,,10.731
1779,,12.294
1780,,3.606
1781,,3.696
1782,,3.857
1783,,4.031000000000001
1784,,4.061
1785,,3.78
1786,,3.909
1787,,4.042
1788,,4.2780000000000005
1789,,4.532
1790,,5.022
1791,,5.199
1792,,5.172999999999999
1793,,5.172000000000001
1794,,5.457999999999999
1795,,6.051
1796,,7.183
1797,,8.073
1798,,8.509
1799,,8.525
1800,100.416,30.104
1801,94.864,26.981
1802,97.211,27.01
1803,94.021,26.21
1804,106.778,31.708
1805,112.469,36.934
1806,108.854,28.432
1807,124.837,34.669000000000004
1808,140.263,40.81
1809,142.467,51.318000000000005
1810,166.532,57.173
1811,191.499,48.924
1812,192.101,54.041
1813,196.428,43.063
1814,201.516,49.434
1815,215.025,49.067
1816,232.223,52.72
1817,218.788,53.722
1818,227.273,54.649
1819,229.738,54.978
1820,245.374,72.348
1821,246.504,70.304
1822,245.634,70.156
1823,255.233,70.215
1824,262.436,72.771
1825,262.961,73.27199999999999
1826,248.083,66.524
1827,264.624,70.763
1828,270.36400000000003,77.301
1829,273.53700000000003,76.492
1830,290.1090000000001,82.95299999999999
1831,291.664,83.743
1832,299.949,88.40799999999999
1833,327.567,95.794
1834,347.63699999999994,101.184
1835,383.147,112.142
1836,421.035,122.237
1837,464.794,134.90200000000002
1838,479.42,140.658
1839,496.61300000000006,146.615
1840,1010.578,317.692
1841,1002.168,313.823
1842,991.387,306.584
1843,1027.222,319.598
1844,1031.94,324.413
1845,1052.261,323.385
1846,1103.036,337.29
1847,1096.415,336.706
1848,1108.294,330.454
1849,1060.089,316.84
1850,1125.9,334.88800000000003
1851,1125.515,334.306
1852,1079.677,326.702
1853,1082.905,322.61400000000003
1854,1034.272,310.28
1855,1039.331,313.41900000000004
1856,1090.461,324.342
1857,1131.244,337.68300000000005
1858,1148.214,336.992
1859,1107.963,319.521
1860,254.975,65.69800000000001
1861,251.09,65.264
1862,266.61400000000003,69.749
1863,251.621,64.654
1864,261.555,67.495
1865,272.858,69.71300000000001
1866,248.882,64.92699999999999
1867,249.111,62.447
1868,243.315,60.123000000000005
1869,234.71,57.224
1870,221.515,53.017
1871,219.699,51.815
1872,208.101,49.979
1873,206.865,48.182
1874,203.86900000000003,47.962
1875,220.026,52.29
1876,216.408,50.458
1877,238.96400000000003,55.231
1878,222.8,51.492
1879,218.846,47.629
1880,134.408,34.012
1881,130.994,41.214
1882,147.974,40.703
1883,166.324,41.3
1884,194.97,42.711000000000006
1885,224.39,50.69
1886,236.403,63.197
1887,258.517,62.901
1888,285.887,64.257
1889,288.842,68.597
1890,336.0180000000001,71.92
1891,388.569,79.648
1892,441.046,92.304
1893,474.362,82.697
1894,509.63,90.419
1895,568.405,90.137
1896,553.976,88.90700000000001
1897,533.719,99.757
1898,552.764,106.927
1899,561.615,115.037
1900,361.152,92.364
1901,365.912,97.849
1902,379.021,98.05
1903,389.129,102.509
1904,394.386,101.765
1905,385.152,100.259
1906,399.999,103.193
1907,384.53,101.36
1908,372.527,98.58
1909,318.535,81.554
1910,310.255,77.943
1911,330.3230000000001,86.04700000000001
1912,319.749,83.882
1913,279.87,74.75
1914,280.512,75.594
1915,279.72700000000003,76.362
1916,278.24,74.152
1917,291.521,77.203
1918,294.593,77.609
1919,287.9840000000001,74.846
1920,1334.906,296.36400000000003
1921,1422.359,296.588
1922,1481.409,325.698
1923,1569.217,326.517
1924,1702.474,394.585
1925,1814.511,395.855
1926,1883.858,431.292
1927,1965.808,386.507
1928,2143.67,432.336
1929,2259.359,465.844
1930,2476.778,517.716
1931,2556.7270000000008,497.659
1932,2710.451,563.179
1933,2721.594,540.805
1934,2917.262,609.206
1935,3009.158,674.878
1936,3048.788,639.056
1937,3056.868,639.378
1938,3029.131,621.953
1939,3061.018,622.413
1940,,3.902
1941,,4.258
1942,,4.437
1943,,4.928
1944,,5.238
1945,,5.539
1946,,4.422
1947,,4.863
1948,,4.74
1949,,5.257999999999999
1950,,6.862
1951,,7.819
1952,,7.362
1953,,7.853
1954,,8.724
1955,,9.845
1956,,10.016
1957,,10.746
1958,,11.33
1959,,11.265999999999998
1960,,44.95
1961,,48.099
1962,,51.019
1963,,54.764
1964,,59.01
1965,,51.63399999999999
1966,,60.838
1967,,59.554
1968,,51.778
1969,,45.895
1970,,45.696000000000005
1971,,48.957
1972,,43.724
1973,,44.54600000000001
1974,,37.189
1975,,43.746
1976,,45.034
1977,,45.526
1978,,44.261
1979,,49.338
1980,442.233,48.394
1981,501.578,49.2
1982,492.722,47.093
1983,465.411,49.438
1984,521.18,46.859
1985,547.712,36.468
1986,602.821,43.045
1987,647.2959999999998,47.518
1988,688.6519999999998,57.572
1989,740.7080000000002,90.098
1990,795.9939999999998,56.62
1991,827.622,30.272
1992,831.059,48.145
1993,849.201,54.36600000000001
1994,873.5880000000002,55.209
1995,928.846,62.13
1996,963.959,40.275
1997,994.564,39.066
1998,999.24,46.002
1999,983.664,45.705
2000,53.556,15.043
2001,55.992,16.288
2002,56.29600000000001,16.547
2003,56.757,16.25
2004,57.898,16.68
2005,58.758,16.905
2006,60.221,17.15
2007,60.286,17.315
2008,64.218,18.25
2009,56.981,16.177
2010,57.791,16.432000000000002
2011,56.455,16.334
2012,54.629,15.737
2013,52.289,15.106
2014,47.87600000000001,13.54
2015,48.026,13.623
2016,51.39100000000001,14.425
2017,52.502,14.592
2018,52.945,14.494000000000002
2019,50.06800000000001,14.005999999999998
2020,1143.661,378.255
2021,1154.881,371.517
2022,1119.461,356.357
2023,1218.4160000000004,404.173
2024,1331.1429999999998,449.079
2025,1263.617,415.925
2026,1289.138,446.6230000000001
2027,1321.424,464.8
2028,1419.5120000000004,494.642
2029,1415.719,502.259
2030,1429.569,466.93
2031,1405.792,473.949
2032,1389.214,461.139
2033,1390.88,455.866
2034,1403.434,480.628
2035,1352.493,450.572
2036,1409.45,464.769
2037,1390.118,464.199
2038,1410.15,464.193
2039,1430.966,475.923
2040,,0.46
2041,,0.529
2042,,0.674
2043,,0.753
2044,,0.952
2045,,0.912
2046,,0.999
2047,,1.173
2048,,1.239
2049,,1.291
2050,,1.3130000000000002
2051,,1.281
2052,,1.33
2053,,1.444
2054,,1.524
2055,,1.913
2056,,1.704
2057,,1.455
2058,,1.337
2059,,1.395
2060,1244.659,311.385
2061,1274.083,313.344
2062,1336.226,333.44699999999995
2063,1375.4620000000002,337.701
2064,1456.514,354.612
2065,1513.5179999999998,369.681
2066,1506.692,360.703
2067,1541.87,368.546
2068,1469.829,336.767
2069,1321.5120000000004,297.385
2070,1268.731,283.873
2071,1273.134,284.73
2072,1250.134,278.964
2073,1128.547,252.726
2074,1100.87,255.068
2075,1156.956,271.694
2076,1150.099,260.758
2077,1213.639,274.642
2078,1198.017,269.713
2079,1174.89,251.498
2080,40.762,10.134
2081,40.062,10.326
2082,42.339,10.948
2083,42.647,10.953
2084,41.919,12.147
2085,48.06399999999999,11.935
2086,49.952,11.793
2087,52.995,12.152
2088,48.378,11.987
2089,50.952,12.945
2090,50.658,13.050999999999998
2091,56.709,14.886
2092,60.493,15.798
2093,52.168,14.679
2094,51.091,17.691
2095,64.543,19.83
2096,74.195,23.027
2097,79.085,23.03
2098,79.01,20.998
2099,85.619,22.825
2100,,5.055
2101,,5.817
2102,,7.417999999999999
2103,,8.285
2104,,10.470999999999998
2105,,10.028
2106,,10.984000000000002
2107,,12.905
2108,,13.634
2109,,14.189
2110,,14.398
2111,,14.017
2112,,14.539
2113,,16.175
2114,,16.645
2115,,20.163
2116,,19.311
2117,,21.715
2118,,21.18
2119,,22.031
2120,,2.192
2121,,2.363
2122,,1.56
2123,,1.538
2124,,1.556
2125,,1.589
2126,,1.739
2127,,1.756
2128,,1.935
2129,,1.994
2130,,2.396
2131,,2.18
2132,,2.635
2133,,2.744
2134,,2.809
2135,,2.702
2136,,2.276
2137,,2.474
2138,,2.514
2139,,2.52
2140,230.027,54.71
2141,236.864,55.638000000000005
2142,242.443,56.607
2143,255.924,57.188
2144,247.829,56.501000000000005
2145,244.802,53.88399999999999
2146,250.074,53.703
2147,243.071,52.97
2148,231.02,50.887
2149,217.507,47.252
2150,229.608,53.126000000000005
2151,209.757,49.257
2152,201.754,46.774
2153,199.797,45.206
2154,193.049,43.336000000000006
2155,190.819,43.603
2156,196.599,43.262
2157,194.982,42.594
2158,188.779,42.095
2159,193.733,40.937
2160,178.18900000000005,43.618
2161,189.827,45.082
2162,180.876,43.468
2163,178.532,44.652
2164,178.707,45.236
2165,182.344,45.788
2166,185.275,45.373000000000005
2167,169.77700000000004,43.368
2168,180.61,44.714
2169,181.505,43.534
2170,174.49900000000005,45.049
2171,166.271,40.985
2172,171.605,42.255
2173,179.884,43.18600000000001
2174,160.375,39.231
2175,163.956,38.731
2176,158.405,39.193000000000005
2177,161.515,38.183
2178,155.09799999999996,36.868
2179,158.612,36.742
2180,,2.234
2181,,2.2880000000000003
2182,,1.877
2183,,2.071
2184,,2.56
2185,,2.439
2186,,2.655
2187,,3.227
2188,,2.8960000000000004
2189,,2.444
2190,,2.536
2191,,2.341
2192,,2.9330000000000003
2193,,2.907
2194,,4.6
2195,,5.3020000000000005
2196,,6.44
2197,,7.865
2198,,9.108
2199,,8.634
2200,724.798,168.8
2201,764.072,180.708
2202,838.368,190.81
2203,909.024,201.993
2204,976.157,217.171
2205,1010.81,222.99
2206,1019.971,226.331
2207,1065.338,229.41
2208,1077.778,226.873
2209,1114.102,242.274
2210,1187.738,255.405
2211,1226.463,253.612
2212,1307.101,270.268
2213,1328.6270000000004,287.598
2214,1359.5120000000004,282.648
2215,1402.943,285.688
2216,1428.739,283.435
2217,1443.2579999999996,285.96
2218,1468.644,276.177
2219,1463.066,271.625
2220,,1.331
2221,,1.159
2222,,1.3219999999999998
2223,,1.805
2224,,1.744
2225,,1.722
2226,,1.501
2227,,1.517
2228,,1.523
2229,,2.741
2230,,2.596
2231,,2.504
2232,,2.216
2233,,1.643
2234,,1.5419999999999998
2235,,1.866
2236,,2.306
2237,,2.21
2238,,2.29
2239,,2.305
2240,118.771,24.191
2241,128.127,26.569000000000003
2242,139.054,28.591
2243,155.94899999999996,32.251
2244,171.47,32.576
2245,183.863,37.944
2246,214.748,42.414
2247,221.468,45.235
2248,218.206,44.096
2249,216.399,44.22
2250,233.859,46.957
2251,229.663,46.68
2252,226.09,45.556
2253,230.285,45.236
2254,229.1,46.344
2255,222.289,45.122
2256,197.219,40.052
2257,209.272,39.948
2258,198.169,40.475
2259,198.24400000000003,40.378
2260,,19.672
2261,,20.546
2262,,20.559
2263,,20.926
2264,,21.927
2265,,22.269
2266,,22.602
2267,,23.684
2268,,24.333
2269,,24.321
2270,,27.101
2271,,25.526
2272,,26.306
2273,,26.864
2274,,27.894
2275,,29.272
2276,,29.008000000000003
2277,,29.231
2278,,29.363000000000003
2279,,30.011
2280,772.529,229.791
2281,714.072,213.486
2282,760.4680000000002,220.978
2283,807.1519999999998,236.484
2284,841.316,244.46400000000003
2285,882.937,264.201
2286,978.913,281.649
2287,1071.111,312.737
2288,1081.407,309.321
2289,1087.623,315.36
2290,1105.043,314.38
2291,1185.432,339.482
2292,1249.553,353.666
2293,1225.853,345.221
2294,1317.707,361.675
2295,1376.938,381.332
2296,1441.504,401.24
2297,1550.745,425.329
2298,1502.33,419.437
2299,1467.9920000000004,399.345
2300,119.811,37.466
2301,151.22799999999995,38.0
2302,127.556,39.89
2303,176.11,44.521
2304,174.398,46.447
2305,176.592,48.233
2306,178.454,49.373000000000005
2307,173.16400000000004,55.89
2308,142.047,56.667
2309,231.593,50.17
2310,249.557,57.11
2311,276.98900000000003,62.183
2312,301.954,64.53399999999999
2313,268.232,66.375
2314,278.022,68.033
2315,332.801,70.23
2316,329.515,70.164
2317,326.077,70.23100000000001
2318,365.046,70.447
2319,402.001,76.319
2320,1335.294,285.337
2321,1317.091,303.559
2322,1306.617,295.673
2323,1337.568,307.017
2324,1318.5320000000004,310.363
2325,1320.779,313.118
2326,1338.884,332.67
2327,1331.394,336.36400000000003
2328,1285.092,325.533
2329,1069.243,277.29400000000004
2330,1143.171,294.078
2331,1202.241,307.953
2332,1167.25,303.976
2333,1102.531,297.25
2334,940.062,257.509
2335,746.2739999999999,223.822
2336,806.571,234.006
2337,718.4630000000002,223.085
2338,741.596,232.033
2339,710.505,222.579
2340,538.872,111.787
2341,544.822,100.591
2342,595.384,83.698
2343,634.856,105.619
2344,678.863,111.802
2345,708.238,114.478
2346,745.1,121.737
2347,821.8430000000002,133.264
2348,941.835,153.97
2349,929.881,165.5
2350,974.372,180.622
2351,1027.66,192.991
2352,1079.194,201.548
2353,1137.17,205.39
2354,1131.474,201.927
2355,1245.012,216.583
2356,1293.055,214.667
2357,1307.931,168.831
2358,1330.207,154.204
2359,1331.39,154.186
2360,2395.339,567.585
2361,2413.574,576.314
2362,2356.74,560.066
2363,2394.471,571.472
2364,2424.556,572.904
2365,2442.832000000001,569.962
2366,2423.487,567.572
2367,2372.573,559.236
2368,2343.709,544.498
2369,2163.999,493.895
2370,2239.036,511.632
2371,2064.643,469.454
2372,2077.791,487.517
2373,2035.313,477.387
2374,1887.676,438.541
2375,1853.012,422.34
2376,1825.189,399.337
2377,1785.851,387.565
2378,1762.0970000000002,381.89
2379,1723.9129999999998,369.01
2380,23224.264,6010.508000000001
2381,22744.12,5904.882
2382,22941.458,5946.771
2383,23040.023,6011.837
2384,23499.054,6114.007
2385,23512.607000000004,6134.521
2386,23185.686,6051.668000000001
2387,23576.561,6131.004
2388,22789.636,5914.078
2389,21395.358,5478.21
2390,22174.395,5675.786
2391,21746.803,5540.173000000001
2392,21197.905,5338.698
2393,21729.859,5474.257
2394,21940.02,5522.807
2395,21670.455,5371.771
2396,21428.95,5248.024
2397,21331.723,5207.751
2398,22196.473,5375.491
2399,21891.102000000006,5255.816
2400,,5.268
2401,,5.03
2402,,4.558
2403,,4.527
2404,,5.565
2405,,5.727
2406,,6.597
2407,,5.948
2408,,8.202
2409,,7.947
2410,,6.297999999999999
2411,,7.653
2412,,8.592
2413,,7.492000000000001
2414,,6.684
2415,,6.725
2416,,6.52
2417,,6.162999999999999
2418,,6.571000000000001
2419,,6.584
2420,578.762,120.994
2421,579.975,122.586
2422,593.398,127.518
2423,547.62,125.936
2424,556.504,125.118
2425,539.9490000000002,116.576
2426,504.039,119.365
2427,534.326,119.113
2428,507.225,123.039
2429,503.858,106.252
2430,495.812,103.336
2431,527.146,112.705
2432,512.36,114.891
2433,514.797,109.473
2434,535.864,104.953
2435,509.804,101.412
2436,476.327,108.169
2437,475.647,107.153
2438,493.35,114.732
2439,479.365,114.199
2440,596.8290000000002,151.87
2441,650.974,171.975
2442,652.752,192.747
2443,567.7919999999998,191.458
2444,626.873,151.268
2445,644.698,163.82299999999998
2446,729.6089999999998,160.16
2447,732.382,149.924
2448,756.0,168.69
2449,755.453,169.57299999999998
2450,724.7560000000002,184.084
2451,751.31,175.945
2452,795.905,182.224
2453,767.967,207.425
2454,748.1239999999998,186.708
2455,729.4580000000002,180.12400000000002
2456,675.207,169.477
2457,644.846,161.536
2458,540.031,120.177
2459,461.508,99.175
2460,94314.391,25234.207
2461,95461.607,25451.054
2462,97636.749,26039.191000000003
2463,101858.037,27366.723
2464,106655.621,28627.533
2465,110458.954,29602.777
2466,113613.158,30583.53
2467,117504.838,31493.742
2468,118360.46,32069.444
2469,116213.166,31607.042
2470,121691.136,33343.3
2471,124939.047,34468.451
2472,126562.097,34974.075
2473,128448.117,35283.025
2474,128962.368,35534.443
2475,129516.27,35496.406
2476,130705.831,35452.459
2477,132512.67,35925.738
2478,135807.237,36646.14
2479,136761.607,36702.503
2480,,14.475
2481,,16.017
2482,,15.554
2483,,17.081
2484,,18.647
2485,,19.794
2486,,21.085
2487,,20.719
2488,,22.025
2489,,24.251
2490,,23.151
2491,,20.19
2492,,18.268
2493,,24.976
2494,,24.216
2495,,12.806
2496,,10.427
2497,,9.951
2498,,9.984
2499,,10.02
2500,,1.784
2501,,1.886
2502,,1.961
2503,,2.074
2504,,2.104
2505,,2.2430000000000003
2506,,2.231
2507,,2.294
2508,,2.553
2509,,2.94
2510,,3.12
2511,,3.372
2512,,4.166
2513,,4.416
2514,,4.877
2515,,5.098
2516,,5.659
2517,,6.517
2518,,7.313
2519,,7.047000000000001
2520,,13.818
2521,,12.509
2522,,11.896
2523,,10.61
2524,,9.429
2525,,10.698
2526,,10.365
2527,,9.835
2528,,7.72
2529,,5.476
2530,,7.877999999999999
2531,,9.744
2532,,7.882999999999999
2533,,11.836
2534,,11.906
2535,,12.226
2536,,10.738
2537,,9.582
2538,,11.854
2539,,10.949000000000002
