,renewables_electricity,gdp
0,77.704,
1,83.632,
2,87.932,
3,86.059,
4,91.186,
5,92.895,
6,96.90899999999999,
7,99.557,
8,101.816,
9,105.012,
10,113.75399999999999,
11,117.365,
12,118.555,
13,126.49600000000001,
14,136.269,
15,139.477,
16,139.253,
17,150.829,
18,162.585,
19,177.805,
20,4.548,16399011840.0
21,3.5189999999999997,16951805952.0
22,3.477,17037855744.0
23,5.117,17847300096.0
24,5.4110000000000005,18592794624.0
25,5.319,19691970560.0
26,4.9510000000000005,21411221504.0
27,2.76,22995980288.0
28,3.759,25764829184.0
29,5.2010000000000005,28006524928.0
30,7.492000000000001,27897407488.0
31,4.091,28451999744.0
32,4.678999999999999,31114752000.0
33,6.89,30586345472.0
34,4.678,32387278848.0
35,5.8370000000000015,33224144896.0
36,7.706,34351540224.0
37,4.481,
38,8.467,
39,5.176,
40,0.053,252000000000.0
41,0.068,252000000000.0
42,0.055999999999999994,266000000000.0
43,0.262,289000000000.0
44,0.248,308000000000.0
45,0.5489999999999999,354000000000.0
46,0.21600000000000005,386000000000.0
47,0.22399999999999998,398000000000.0
48,0.28,423000000000.0
49,0.303,392000000000.0
50,0.172,448000000000.0
51,0.4970000000000001,482000000000.0
52,0.616,493000000000.0
53,0.327,493000000000.0
54,0.252,494000000000.0
55,0.221,513000000000.0
56,0.332,534000000000.0
57,0.635,
58,0.73,
59,0.732,
60,0.903,18270171136.0
61,1.0070000000000001,21532884992.0
62,1.1320000000000001,24934770688.0
63,1.229,25932263424.0
64,1.733,31778297856.0
65,2.197,43459514368.0
66,2.638,60607725568.0
67,2.472,72748662784.0
68,3.103,88982708224.0
69,3.063,75516665856.0
70,3.676,95524052992.0
71,3.978,123000000000.0
72,3.748,128000000000.0
73,4.734,140000000000.0
74,5.044,144000000000.0
75,5.0969999999999995,148000000000.0
76,5.93,148000000000.0
77,7.794,
78,8.865,
79,10.121,
80,29.201,557000000000.0
81,37.321999999999996,525000000000.0
82,36.435,453000000000.0
83,34.553000000000004,487000000000.0
84,31.408,532000000000.0
85,35.039,584000000000.0
86,40.441,631000000000.0
87,32.884,694000000000.0
88,31.730999999999998,741000000000.0
89,34.929,692000000000.0
90,34.21,772000000000.0
91,32.257,836000000000.0
92,30.914,838000000000.0
93,34.849000000000004,847000000000.0
94,33.955,818000000000.0
95,33.741,840000000000.0
96,31.180999999999997,820000000000.0
97,33.476,
98,34.843,
99,34.856,
100,1.248,9858983936.0
101,0.958,10404185088.0
102,1.641,11264486400.0
103,1.962,12845384704.0
104,1.9780000000000002,13681249280.0
105,1.756,15262571520.0
106,1.808,17466900480.0
107,1.837,19888445440.0
108,1.781,21660479488.0
109,2.003,20310546432.0
110,2.537,22459838464.0
111,2.467,24861704192.0
112,2.303,25898418176.0
113,2.155,26405591040.0
114,1.976,27113279488.0
115,2.188,27930048512.0
116,2.33,27987372032.0
117,2.251,
118,2.316,
119,2.363,
120,17.422,680000000000.0
121,18.000999999999994,694000000000.0
122,17.712,724000000000.0
123,18.509,742000000000.0
124,18.52,773000000000.0
125,19.95,826000000000.0
126,21.480999999999998,842000000000.0
127,20.866,877000000000.0
128,19.605999999999998,932000000000.0
129,18.465,927000000000.0
130,21.72,994000000000.0
131,26.273000000000003,1030000000000.0
132,26.318,1020000000000.0
133,32.705,1010000000000.0
134,36.111999999999995,1020000000000.0
135,33.423,1050000000000.0
136,37.152,1070000000000.0
137,40.205999999999996,
138,44.44300000000001,
139,54.4,
140,43.434,288000000000.0
141,42.233000000000004,283000000000.0
142,41.896,292000000000.0
143,35.25199999999999,293000000000.0
144,39.629,303000000000.0
145,40.885,312000000000.0
146,40.669000000000004,325000000000.0
147,43.177,337000000000.0
148,44.53100000000001,342000000000.0
149,47.177,336000000000.0
150,44.99800000000001,341000000000.0
151,40.908,350000000000.0
152,51.328,365000000000.0
153,50.49100000000001,368000000000.0
154,50.18600000000001,386000000000.0
155,47.582,389000000000.0
156,51.083,395000000000.0
157,51.055,
158,50.036,
159,55.128,
160,1.5190000000000001,20935151616.0
161,1.288,22697379840.0
162,2.0,23994841088.0
163,2.444,25655795712.0
164,2.727,27732254720.0
165,2.9789999999999996,40730849280.0
166,2.4930000000000003,58473254912.0
167,2.34,80977575936.0
168,2.21,89389998080.0
169,2.285,95528968192.0
170,3.4130000000000003,115000000000.0
171,2.6489999999999996,146000000000.0
172,1.8030000000000002,150000000000.0
173,1.61,146000000000.0
174,1.466,149000000000.0
175,1.8130000000000002,151000000000.0
176,2.171,145000000000.0
177,1.9580000000000002,
178,2.033,
179,1.8840000000000001,
180,0.0,18573453312.0
181,0.0,18176229376.0
182,0.0,17574588416.0
183,0.0,21589673984.0
184,0.0,24214464512.0
185,0.0,32081874944.0
186,0.0,36242309120.0
187,0.0,40256888832.0
188,0.001,52838674432.0
189,0.002,43643830272.0
190,0.002,47179927552.0
191,0.002,47938297856.0
192,0.002,54356865024.0
193,0.002,53839859712.0
194,0.009000000000000001,52947091456.0
195,0.009000000000000001,54483828736.0
196,0.009000000000000001,56079929344.0
197,0.009000000000000001,
198,0.009000000000000001,
199,0.009000000000000001,
200,0.938,185000000000.0
201,0.9840000000000001,190000000000.0
202,1.057,201000000000.0
203,1.1179999999999999,208000000000.0
204,1.218,212000000000.0
205,1.286,224000000000.0
206,1.3869999999999998,244000000000.0
207,0.764,270000000000.0
208,0.963,301000000000.0
209,0.47100000000000003,326000000000.0
210,0.8370000000000001,373000000000.0
211,0.98,432000000000.0
212,0.8170000000000001,425000000000.0
213,1.08,446000000000.0
214,0.7959999999999999,466000000000.0
215,0.813,498000000000.0
216,1.252,533000000000.0
217,1.308,
218,1.375,
219,1.249,
220,0.027000000000000003,86161956864.0
221,0.03,83450003456.0
222,0.027999999999999997,85045567488.0
223,0.027999999999999997,89551101952.0
224,0.034,96194560000.0
225,0.066,101000000000.0
226,0.129,113000000000.0
227,0.124,124000000000.0
228,0.073,144000000000.0
229,0.105,141000000000.0
230,0.139,155000000000.0
231,0.14800000000000002,173000000000.0
232,0.20199999999999999,179000000000.0
233,0.297,188000000000.0
234,0.287,193000000000.0
235,0.326,185000000000.0
236,0.42,180000000000.0
237,0.782,
238,0.8029999999999999,
239,1.04,
240,1.044,343000000000.0
241,1.075,343000000000.0
242,1.138,358000000000.0
243,1.192,356000000000.0
244,1.4969999999999999,361000000000.0
245,2.106,370000000000.0
246,2.9530000000000003,370000000000.0
247,3.485,382000000000.0
248,4.416,392000000000.0
249,5.44,402000000000.0
250,6.494,420000000000.0
251,8.353,419000000000.0
252,10.437999999999999,430000000000.0
253,11.657,438000000000.0
254,12.254000000000001,437000000000.0
255,14.499,443000000000.0
256,14.339,448000000000.0
257,15.857000000000001,
258,17.139,
259,18.765,
260,0.002,9855690752.0
261,0.002,10586772480.0
262,0.002,11740367872.0
263,0.002,12538386432.0
264,0.001,13420641280.0
265,0.001,14225961984.0
266,0.005,14626272256.0
267,0.004,15620586496.0
268,0.004,16187101184.0
269,0.002,16326744064.0
270,0.002,16880384000.0
271,0.002,17120700416.0
272,0.002,18295693312.0
273,0.003,19378673664.0
274,0.003,21256812544.0
275,0.006999999999999999,22371309568.0
276,0.01,23265005568.0
277,0.006,
278,0.005,
279,0.005,
280,2.0069999999999997,24453879808.0
281,2.162,25577918464.0
282,2.235,26975635456.0
283,2.021,28345468928.0
284,2.1830000000000003,30184128512.0
285,2.001,32590215168.0
286,2.195,34446999552.0
287,2.358,36591730688.0
288,2.384,41332305920.0
289,2.394,43342348288.0
290,2.24,47795335168.0
291,2.412,53944389632.0
292,2.4130000000000003,57088921600.0
293,2.6039999999999996,60914401280.0
294,2.33,61489704960.0
295,2.659,64471166976.0
296,1.926,67114459136.0
297,2.421,
298,2.968,
299,3.748,
300,5.043,22914473984.0
301,5.129,23051558912.0
302,5.215,24114681856.0
303,4.456,23691220992.0
304,5.919,23102699520.0
305,5.938,25861679104.0
306,5.797999999999999,28102733824.0
307,3.9610000000000003,30910529536.0
308,4.8180000000000005,32805036032.0
309,6.1770000000000005,34366640128.0
310,7.9460000000000015,34437017600.0
311,4.343999999999999,35664781312.0
312,4.1739999999999995,37336076288.0
313,7.165,38494396416.0
314,5.8770000000000024,39634432000.0
315,5.496,40849018880.0
316,5.6110000000000015,41870385152.0
317,3.78,
318,6.4860000000000015,
319,6.315,
320,0.0,15763874816.0
321,0.0,15779424256.0
322,0.0,18706720768.0
323,0.0,18380249088.0
324,0.0,19293714432.0
325,0.0,21960869888.0
326,0.0,22822098944.0
327,0.0,23521949696.0
328,0.0,23539697664.0
329,0.0,21862223872.0
330,0.0,24107864064.0
331,0.0,26899136512.0
332,0.001,27167825920.0
333,0.002,27425443840.0
334,0.003,31468800000.0
335,0.003,31387396096.0
336,0.005,32747714560.0
337,0.005,
338,0.005,
339,0.005,
340,309.205,1470000000000.0
341,274.212,1460000000000.0
342,293.51099999999997,1480000000000.0
343,314.515,1480000000000.0
344,330.126,1560000000000.0
345,347.76599999999996,1630000000000.0
346,360.277,1770000000000.0
347,388.945,1970000000000.0
348,386.515,2210000000000.0
349,410.918,2300000000000.0
350,432.92900000000003,2660000000000.0
351,459.191,2970000000000.0
352,451.89099999999996,2960000000000.0
353,434.42900000000003,3040000000000.0
354,428.619,3040000000000.0
355,427.281,3180000000000.0
356,461.61300000000006,2810000000000.0
357,462.93800000000016,
358,490.92800000000005,
359,511.05300000000005,
360,2.6310000000000002,68578938880.0
361,1.651,71572488192.0
362,2.116,75092246528.0
363,2.995,76743450624.0
364,3.14,80431669248.0
365,4.302,84497326080.0
366,4.2330000000000005,92283183104.0
367,2.877,103000000000.0
368,2.93,110000000000.0
369,3.679,110000000000.0
370,5.763,111000000000.0
371,3.889,111000000000.0
372,5.278,115000000000.0
373,6.8820000000000014,116000000000.0
374,7.385,120000000000.0
375,8.76,124000000000.0
376,7.045,128000000000.0
377,6.131,
378,9.3,
379,7.172999999999999,
380,0.047,15881768960.0
381,0.031,17062276096.0
382,0.03,18234327040.0
383,0.049,19668613120.0
384,0.042,20924801024.0
385,0.059000000000000004,24951465984.0
386,0.065,26783873024.0
387,0.065,30065944576.0
388,0.062,33262047232.0
389,0.057999999999999996,32224854016.0
390,0.055,33478596608.0
391,0.07400000000000001,36606337024.0
392,0.535,39422988288.0
393,1.02,44624257024.0
394,1.8530000000000002,45967020032.0
395,2.021,49188130816.0
396,2.638,52640825344.0
397,2.763,
398,4.77,
399,4.119,
400,3.408,35329376256.0
401,3.4389999999999996,36148596736.0
402,3.15,37470752768.0
403,3.4930000000000003,39493361664.0
404,3.8810000000000002,40660705280.0
405,3.734,42509447168.0
406,4.496,44672548864.0
407,3.885,45796945920.0
408,4.2669999999999995,47176802304.0
409,4.047,47888769024.0
410,4.277,50016722944.0
411,4.417,52887764992.0
412,4.2810000000000015,55905361920.0
413,4.402,57928609792.0
414,4.408,61295681536.0
415,4.36,64840175616.0
416,4.378,67720478720.0
417,5.093,
418,5.032,
419,5.401,
420,363.46,1150000000000.0
421,338.9840000000001,1150000000000.0
422,356.55800000000005,1170000000000.0
423,344.009,1210000000000.0
424,347.244,1260000000000.0
425,369.001,1330000000000.0
426,360.582,1360000000000.0
427,375.434,1400000000000.0
428,384.642,1460000000000.0
429,381.463,1320000000000.0
430,368.92699999999996,1390000000000.0
431,394.43300000000005,1460000000000.0
432,401.106,1450000000000.0
433,419.705,1480000000000.0
434,414.21,1530000000000.0
435,417.339,1540000000000.0
436,426.154,1570000000000.0
437,437.096,
438,429.615,
439,423.82,
440,20.494,167000000000.0
441,22.868000000000002,167000000000.0
442,23.993000000000002,168000000000.0
443,23.271,177000000000.0
444,23.796999999999997,194000000000.0
445,28.015,215000000000.0
446,30.276,253000000000.0
447,25.604,271000000000.0
448,27.072,264000000000.0
449,29.396,269000000000.0
450,24.22,309000000000.0
451,25.948,340000000000.0
452,25.24,361000000000.0
453,26.0,367000000000.0
454,30.061999999999998,376000000000.0
455,32.368,385000000000.0
456,33.801,391000000000.0
457,34.374,
458,37.507,
459,36.44,
460,32.255,267000000000.0
461,31.982,269000000000.0
462,34.125,273000000000.0
463,36.314,282000000000.0
464,40.202,296000000000.0
465,39.964,318000000000.0
466,42.915,349000000000.0
467,44.589,384000000000.0
468,46.537,419000000000.0
469,41.246,428000000000.0
470,42.46100000000001,467000000000.0
471,50.43600000000001,524000000000.0
472,49.122,543000000000.0
473,50.87300000000001,559000000000.0
474,48.817,581000000000.0
475,49.53,599000000000.0
476,50.12600000000001,610000000000.0
477,62.263999999999996,
478,60.855,
479,55.496,
480,0.292,8014652928.0
481,0.331,7468848128.0
482,0.392,7848606208.0
483,0.33899999999999997,7996828160.0
484,0.327,9966012416.0
485,0.35100000000000003,13575520256.0
486,0.368,15415371776.0
487,0.332,12971907072.0
488,0.371,15151250432.0
489,0.327,14488657920.0
490,0.426,21601085440.0
491,0.7829999999999999,25726625792.0
492,0.977,24299880448.0
493,0.961,23583543296.0
494,0.9420000000000001,21263382528.0
495,1.088,21521129472.0
496,1.117,20912119808.0
497,1.192,
498,1.228,
499,1.274,
500,6.7929999999999975,36935999488.0
501,6.784,37629501440.0
502,7.3039999999999985,38275182592.0
503,7.138,39160352768.0
504,7.901,40976089088.0
505,7.902,42683604992.0
506,8.084,44507025408.0
507,8.251,47364378624.0
508,8.724,50109009920.0
509,8.788,52501508096.0
510,8.87,54214258688.0
511,8.894,56661012480.0
512,9.273,57546874880.0
513,8.97,57839300608.0
514,9.107000000000001,62450036736.0
515,10.623,65397760000.0
516,10.610999999999999,68237692928.0
517,11.184000000000001,
518,11.258,
519,11.296,
520,6.454,62891139072.0
521,7.18,63642439680.0
522,5.851,66150264832.0
523,5.4579999999999975,68902117376.0
524,7.632999999999999,71095967744.0
525,7.06,73977069568.0
526,6.647,77424394240.0
527,4.742,85629665280.0
528,5.841,90480205824.0
529,7.487999999999999,87007707136.0
530,9.298,83865575424.0
531,5.287000000000001,87256449024.0
532,5.2620000000000005,90095968256.0
533,9.276,88068751360.0
534,9.936,89170362368.0
535,7.508999999999999,90623172608.0
536,8.363,93290250240.0
537,7.1160000000000005,
538,9.781,
539,8.298,
540,1.033,54419652608.0
541,1.005,56576917504.0
542,1.045,57540931584.0
543,0.848,58464440320.0
544,0.877,58214199296.0
545,0.488,59134464000.0
546,0.5,66728517632.0
547,0.5379999999999999,68174094336.0
548,0.711,71330684928.0
549,0.7040000000000001,72919760896.0
550,0.563,75421614080.0
551,0.574,78036992000.0
552,0.6829999999999999,80388153344.0
553,0.8320000000000001,83013746688.0
554,0.777,85723463680.0
555,0.8009999999999999,88467243008.0
556,0.809,
557,0.785,
558,0.757,
559,0.706,
560,0.0,20776794112.0
561,0.0,21458608128.0
562,0.0,21256992768.0
563,0.0,19989295104.0
564,0.001,20515725312.0
565,0.001,21763364864.0
566,0.002,22869377024.0
567,0.004,23958491136.0
568,0.013999999999999999,26921664512.0
569,0.031,28517449728.0
570,0.073,28750800896.0
571,0.17800000000000002,27271999488.0
572,0.257,27581609984.0
573,0.327,26033086464.0
574,0.317,25381662720.0
575,0.4,25799387136.0
576,0.425,26539999232.0
577,0.435,
578,0.47700000000000004,
579,0.496,
580,5.572,192000000000.0
581,5.846,192000000000.0
582,6.789,196000000000.0
583,8.078,192000000000.0
584,9.519,201000000000.0
585,9.812000000000001,206000000000.0
586,9.201,217000000000.0
587,10.305,222000000000.0
588,10.096,228000000000.0
589,10.062999999999999,224000000000.0
590,12.429,236000000000.0
591,14.181,243000000000.0
592,14.837,244000000000.0
593,15.968,249000000000.0
594,17.984,251000000000.0
595,18.937,255000000000.0
596,18.39,259000000000.0
597,21.813000000000002,
598,20.766,
599,22.613000000000003,
600,0.792,63797911552.0
601,0.7340000000000001,70083977216.0
602,0.91,71063699456.0
603,1.238,67760832512.0
604,1.67,70368313344.0
605,1.913,78938693632.0
606,1.7790000000000001,87716773888.0
607,1.739,95965347840.0
608,1.413,97710768128.0
609,1.492,104000000000.0
610,1.51,113000000000.0
611,1.62,116000000000.0
612,1.959,120000000000.0
613,2.21,124000000000.0
614,1.6540000000000001,131000000000.0
615,1.33,140000000000.0
616,1.973,149000000000.0
617,2.8560000000000003,
618,2.698,
619,2.487,
620,7.532999999999999,62578487296.0
621,7.0,67085246464.0
622,7.45,74319634432.0
623,7.109,78718550016.0
624,7.337999999999999,88135221248.0
625,6.864,101000000000.0
626,7.737,108000000000.0
627,9.897,114000000000.0
628,11.392000000000001,126000000000.0
629,9.35,124000000000.0
630,8.789,135000000000.0
631,11.302999999999999,150000000000.0
632,12.414000000000001,157000000000.0
633,11.289000000000001,168000000000.0
634,11.838,173000000000.0
635,13.509,173000000000.0
636,16.288,169000000000.0
637,20.456,
638,21.017,
639,24.997,
640,14.011,355000000000.0
641,15.511,377000000000.0
642,13.254000000000001,388000000000.0
643,13.582,401000000000.0
644,13.366,420000000000.0
645,13.395999999999999,449000000000.0
646,13.745,483000000000.0
647,16.526,552000000000.0
648,15.795,653000000000.0
649,14.177,685000000000.0
650,14.936,800000000000.0
651,14.863,919000000000.0
652,14.661,943000000000.0
653,15.08,974000000000.0
654,15.693,1030000000000.0
655,15.954,1070000000000.0
656,15.812999999999999,1110000000000.0
657,15.84,
658,16.945,
659,19.329,
660,1.969,29694599168.0
661,2.137,30590916608.0
662,2.1430000000000002,32130488320.0
663,2.5180000000000002,33779519488.0
664,2.4459999999999997,34909671424.0
665,2.804,37999280128.0
666,3.24,40238567424.0
667,3.261,43100311552.0
668,3.612,43939897344.0
669,3.153,42017976320.0
670,3.7889999999999997,43937521664.0
671,3.719,46189703168.0
672,3.637,47400161280.0
673,3.69,47650201600.0
674,3.6180000000000003,48934486016.0
675,3.154,50128982016.0
676,3.1639999999999997,51318595584.0
677,3.603,
678,3.6,
679,3.5780000000000003,
680,0.002,6272033792.0
681,0.002,10537450496.0
682,0.005,12666031104.0
683,0.006999999999999999,14383024128.0
684,0.006999999999999999,17827053568.0
685,0.077,19420317696.0
686,0.077,20678426624.0
687,0.077,24137400320.0
688,0.052000000000000005,28732088320.0
689,0.052000000000000005,29462984704.0
690,0.027999999999999997,27185108992.0
691,0.027999999999999997,29285787648.0
692,0.08,28326311936.0
693,0.251,30229760000.0
694,0.379,28593364992.0
695,0.561,26485563392.0
696,0.565,23897874432.0
697,0.434,
698,0.58,
699,0.586,
700,0.001,
701,0.001,
702,0.001,
703,0.001,
704,0.001,
705,0.001,
706,0.002,
707,0.002,
708,0.002,
709,0.002,
710,0.004,
711,0.004,
712,0.004,
713,0.004,
714,0.004,
715,0.004,
716,0.004,
717,0.013000000000000001,
718,0.045,
719,0.062,
720,0.018000000000000002,16247595008.0
721,0.018000000000000002,17008637952.0
722,0.03,18237091840.0
723,0.049,19056140288.0
724,0.06,20073240576.0
725,0.111,22335879168.0
726,0.13,24778964992.0
727,0.146,27692089344.0
728,0.198,27294081024.0
729,0.54,25280647168.0
730,1.044,25912016896.0
731,1.18,28530108416.0
732,1.476,30716508160.0
733,1.22,31826479104.0
734,1.389,32669839360.0
735,1.5019999999999998,33140150272.0
736,1.524,33684649984.0
737,1.801,
738,1.989,
739,2.077,
740,1.679,42410430464.0
741,2.017,47945699328.0
742,2.048,43955625984.0
743,2.305,47835451392.0
744,2.545,51512844288.0
745,2.858,62126407680.0
746,3.281,63036678144.0
747,3.395,75917934592.0
748,3.326,86960791552.0
749,3.562,84748247040.0
750,4.96,97815052288.0
751,6.2829999999999995,115000000000.0
752,7.546,127000000000.0
753,8.652999999999999,138000000000.0
754,9.47,155000000000.0
755,10.385,170000000000.0
756,12.464,184000000000.0
757,13.137,
758,13.47,
759,14.574000000000002,
760,23.379,171000000000.0
761,21.549,173000000000.0
762,19.831,175000000000.0
763,19.065,174000000000.0
764,25.631999999999998,183000000000.0
765,23.469,188000000000.0
766,22.467,195000000000.0
767,24.324,210000000000.0
768,27.781,214000000000.0
769,21.701,202000000000.0
770,24.195,204000000000.0
771,24.177,207000000000.0
772,28.559,210000000000.0
773,25.63,206000000000.0
774,26.271,207000000000.0
775,30.526999999999997,208000000000.0
776,30.412,211000000000.0
777,31.476999999999997,
778,32.14,
779,31.18,
780,69.403,1930000000000.0
781,77.73899999999998,2010000000000.0
782,64.207,2050000000000.0
783,63.056999999999995,1960000000000.0
784,63.94,2020000000000.0
785,56.325,2110000000000.0
786,62.34,2170000000000.0
787,65.908,2290000000000.0
788,73.82600000000002,2300000000000.0
789,69.658,2280000000000.0
790,78.196,2330000000000.0
791,66.02600000000001,2390000000000.0
792,85.208,2410000000000.0
793,99.28299999999999,2500000000000.0
794,93.961,2530000000000.0
795,91.83200000000001,2560000000000.0
796,99.01299999999999,2600000000000.0
797,92.617,
798,113.397,
799,112.397,
800,0.802,12980471808.0
801,0.8759999999999999,11551707136.0
802,0.9209999999999999,12494300160.0
803,0.898,13883195392.0
804,0.8909999999999999,16935424000.0
805,0.8109999999999999,22985140224.0
806,0.943,22016014336.0
807,0.8,23239215104.0
808,0.893,27324567552.0
809,0.9440000000000001,17086170112.0
810,0.907,17719605248.0
811,0.8420000000000001,25867530240.0
812,0.912,23581319168.0
813,0.9390000000000001,24201480192.0
814,0.7979999999999999,23510669312.0
815,0.9209999999999999,24407074816.0
816,0.956,24926826496.0
817,0.9329999999999999,
818,0.905,
819,0.9,
820,5.801,16507205632.0
821,5.487,17331390464.0
822,6.699,18439915520.0
823,6.461,20863416320.0
824,5.989,22652420096.0
825,6.1739999999999995,25088212992.0
826,5.2620000000000005,29462730752.0
827,6.75,33759279104.0
828,7.09,35940102144.0
829,7.337999999999999,38162817024.0
830,9.273,40677888000.0
831,7.811,44139565056.0
832,7.151,45705986048.0
833,8.187999999999999,47108521984.0
834,8.252,48831692800.0
835,8.369,50245545984.0
836,9.245,51618291712.0
837,9.206,
838,9.934,
839,8.927999999999997,
840,37.84,2790000000000.0
841,39.0,2840000000000.0
842,46.1,2860000000000.0
843,46.1,2880000000000.0
844,57.5,2960000000000.0
845,63.5,3070000000000.0
846,72.5,3190000000000.0
847,89.4,3370000000000.0
848,94.2,3390000000000.0
849,95.93799999999999,3230000000000.0
850,105.2,3370000000000.0
851,124.1,3520000000000.0
852,143.1,3530000000000.0
853,152.3,3650000000000.0
854,162.6,3780000000000.0
855,188.8,3850000000000.0
856,189.7,3920000000000.0
857,216.5,
858,224.9,
859,242.4,
860,6.558,43972993024.0
861,6.557,41181855744.0
862,5.0,42958938112.0
863,3.86,44519993344.0
864,5.242000000000001,49089458176.0
865,5.5870000000000015,50866245632.0
866,5.5729999999999995,49831284736.0
867,3.7,53204865024.0
868,6.149,59184271360.0
869,6.824,58044080128.0
870,6.942,62670295040.0
871,7.501,78460420096.0
872,8.006,90200662016.0
873,8.17,90805936128.0
874,8.326,92611821568.0
875,5.809,96227016704.0
876,5.551,100000000000.0
877,5.605,
878,6.0070000000000014,
879,6.063,
880,4.144,248000000000.0
881,2.932,262000000000.0
882,3.577,279000000000.0
883,5.892,278000000000.0
884,5.9179999999999975,289000000000.0
885,6.4060000000000015,282000000000.0
886,7.68,303000000000.0
887,4.595,311000000000.0
888,5.751,322000000000.0
889,8.185,320000000000.0
890,10.522,300000000000.0
891,8.144,269000000000.0
892,10.151,262000000000.0
893,14.35,270000000000.0
894,12.175999999999998,264000000000.0
895,14.85,264000000000.0
896,14.892999999999999,264000000000.0
897,13.800999999999998,
898,16.148,
899,15.807,
900,3.283,52913479680.0
901,2.964,56052596736.0
902,2.752,58386518016.0
903,4.277,60775858176.0
904,4.169,63406710784.0
905,4.3180000000000005,66336436224.0
906,4.606,70370746368.0
907,4.711,75432050688.0
908,4.794,78681153536.0
909,4.3069999999999995,81414561792.0
910,5.629,85682970624.0
911,5.864,91936251904.0
912,6.4239999999999995,93666304000.0
913,6.994,96147685376.0
914,7.392,101000000000.0
915,6.718999999999999,105000000000.0
916,7.354,108000000000.0
917,8.984,
918,8.658999999999999,
919,8.064,
920,0.040999999999999995,
921,0.047,
922,0.055999999999999994,
923,0.051,
924,0.055999999999999994,
925,0.045,
926,0.045,
927,0.047,
928,0.045,
929,0.046,
930,0.01,
931,0.013000000000000001,
932,0.019,
933,0.022000000000000002,
934,0.022000000000000002,
935,0.028999999999999998,
936,0.022000000000000002,
937,0.019,
938,0.019,
939,0.013999999999999999,
940,0.28,16011585536.0
941,0.28,15730379776.0
942,0.257,15812939776.0
943,0.252,15904979968.0
944,0.257,15227899904.0
945,0.262,15956420608.0
946,0.268,15842304000.0
947,0.152,16349544448.0
948,0.179,15783279616.0
949,0.205,16176751616.0
950,0.17600000000000002,15705132032.0
951,0.121,15936159744.0
952,0.221,15668799488.0
953,0.142,16252235776.0
954,0.091,16627784704.0
955,0.085,16908846080.0
956,0.071,17155095552.0
957,0.127,
958,0.196,
959,0.23399999999999999,
960,2.238,22542655488.0
961,1.8940000000000001,22942404608.0
962,1.61,24185421824.0
963,1.76,25499191296.0
964,1.4609999999999999,27096795136.0
965,1.86,29656739840.0
966,2.191,30802739200.0
967,2.3369999999999997,32927596544.0
968,2.465,31241320448.0
969,2.937,31712032768.0
970,3.495,33465921536.0
971,3.4410000000000003,36004622336.0
972,3.638,36656144384.0
973,3.623,35591421952.0
974,3.358,36734926848.0
975,3.923,38066946048.0
976,4.579,39440453632.0
977,5.557,
978,6.365,
979,6.808,
980,0.243,151000000000.0
981,0.257,162000000000.0
982,0.237,172000000000.0
983,0.336,173000000000.0
984,0.9359999999999999,172000000000.0
985,1.87,178000000000.0
986,1.494,184000000000.0
987,1.882,188000000000.0
988,2.3569999999999998,195000000000.0
989,2.895,198000000000.0
990,3.0189999999999997,204000000000.0
991,2.708,208000000000.0
992,2.6460000000000004,208000000000.0
993,2.787,216000000000.0
994,3.1510000000000002,225000000000.0
995,3.2289999999999996,232000000000.0
996,3.258,236000000000.0
997,3.4819999999999998,
998,3.753,
999,4.73,
1000,7.615,10012029952.0
1001,7.962999999999999,10430144512.0
1002,8.34,10524290048.0
1003,8.423,10166153216.0
1004,8.548,10772171776.0
1005,8.611,10844063744.0
1006,9.853,10504720384.0
1007,11.890999999999998,11295209472.0
1008,16.340999999999998,12663198720.0
1009,16.709,12433164288.0
1010,16.744,11611769856.0
1011,16.849,11720059904.0
1012,17.293,12108440576.0
1013,17.995,12528432128.0
1014,17.8,12878240768.0
1015,18.554000000000002,13429331968.0
1016,18.169,14398300160.0
1017,18.844,
1018,19.43,
1019,19.262,
1020,76.755,2020000000000.0
1021,77.033,2140000000000.0
1022,72.27600000000002,2270000000000.0
1023,85.464,2490000000000.0
1024,96.009,2690000000000.0
1025,105.949,3050000000000.0
1026,123.069,3390000000000.0
1027,136.238,3750000000000.0
1028,138.327,4290000000000.0
1029,136.014,4560000000000.0
1030,145.82399999999996,5110000000000.0
1031,174.62099999999995,5680000000000.0
1032,168.59799999999996,6000000000000.0
1033,192.275,6170000000000.0
1034,199.063,6570000000000.0
1035,188.58700000000002,7070000000000.0
1036,199.483,7560000000000.0
1037,223.857,
1038,254.535,
1039,286.385,
1040,14.790999999999999,734000000000.0
1041,17.578,752000000000.0
1042,16.083,766000000000.0
1043,15.317,771000000000.0
1044,16.252,840000000000.0
1045,17.244,921000000000.0
1046,16.217,1010000000000.0
1047,18.23,1120000000000.0
1048,19.769000000000002,1360000000000.0
1049,20.628,1510000000000.0
1050,26.738000000000003,1770000000000.0
1051,21.888,2150000000000.0
1052,22.366999999999997,2250000000000.0
1053,26.354,2330000000000.0
1054,26.018,2430000000000.0
1055,24.796999999999997,2550000000000.0
1056,30.971999999999998,2680000000000.0
1057,32.074,
1058,49.13399999999999,
1059,47.663000000000004,
1060,0.605,76975620096.0
1061,0.612,91946008576.0
1062,0.512,99146276864.0
1063,0.429,77066510336.0
1064,0.488,118000000000.0
1065,5.94,129000000000.0
1066,6.035,149000000000.0
1067,5.678999999999999,175000000000.0
1068,3.45,214000000000.0
1069,3.195,248000000000.0
1070,4.718,302000000000.0
1071,3.363,380000000000.0
1072,4.348,424000000000.0
1073,4.755,468000000000.0
1074,2.9589999999999996,472000000000.0
1075,2.5780000000000003,495000000000.0
1076,3.3939999999999997,544000000000.0
1077,2.211,
1078,1.857,
1079,2.51,
1080,1.186,149000000000.0
1081,1.0270000000000001,161000000000.0
1082,1.382,182000000000.0
1083,1.138,193000000000.0
1084,1.3940000000000001,208000000000.0
1085,1.8730000000000002,222000000000.0
1086,2.475,230000000000.0
1087,2.795,246000000000.0
1088,3.5869999999999997,221000000000.0
1089,4.109,218000000000.0
1090,3.7289999999999996,223000000000.0
1091,5.4239999999999995,224000000000.0
1092,5.256,220000000000.0
1093,5.627999999999999,221000000000.0
1094,6.392,239000000000.0
1095,7.8610000000000015,249000000000.0
1096,7.513,262000000000.0
1097,8.879,
1098,10.195,
1099,11.209000000000001,
1100,0.031,183000000000.0
1101,0.02,187000000000.0
1102,0.032,190000000000.0
1103,0.043,183000000000.0
1104,0.039,183000000000.0
1105,0.039,184000000000.0
1106,0.025,192000000000.0
1107,0.024,199000000000.0
1108,0.032,200000000000.0
1109,0.099,211000000000.0
1110,0.16,217000000000.0
1111,0.281,221000000000.0
1112,0.461,229000000000.0
1113,0.607,239000000000.0
1114,0.9570000000000001,250000000000.0
1115,1.317,256000000000.0
1116,1.761,267000000000.0
1117,1.729,
1118,1.8090000000000002,
1119,2.832,
1120,50.879,1890000000000.0
1121,54.348,1940000000000.0
1122,48.316,1880000000000.0
1123,46.865,1860000000000.0
1124,53.872,1870000000000.0
1125,48.44,1910000000000.0
1126,50.63399999999999,1980000000000.0
1127,47.715,2090000000000.0
1128,58.163999999999994,2110000000000.0
1129,69.25399999999999,2060000000000.0
1130,76.96300000000002,2050000000000.0
1131,82.96,2090000000000.0
1132,92.221,2090000000000.0
1133,112.001,2080000000000.0
1134,120.67,2090000000000.0
1135,108.89399999999999,2110000000000.0
1136,108.01100000000001,2130000000000.0
1137,103.88600000000001,
1138,114.402,
1139,117.079,
1140,0.217,13980013568.0
1141,0.14400000000000002,13886352384.0
1142,0.124,14201782272.0
1143,0.147,15938249728.0
1144,0.201,16414271488.0
1145,0.23600000000000002,17063216128.0
1146,0.256,18385498112.0
1147,0.247,19472650240.0
1148,0.258,19110465536.0
1149,0.223,20201742336.0
1150,0.223,20343263232.0
1151,0.26899999999999996,20487528448.0
1152,0.284,20149080064.0
1153,0.26,20656455680.0
1154,0.287,20798375936.0
1155,0.28300000000000003,20996364288.0
1156,0.345,21316925440.0
1157,0.51,
1158,0.544,
1159,0.561,
1160,125.398,4230000000000.0
1161,122.919,4210000000000.0
1162,122.74600000000001,4240000000000.0
1163,137.851,4290000000000.0
1164,137.534,4390000000000.0
1165,124.98299999999999,4510000000000.0
1166,137.313,4550000000000.0
1167,125.323,4610000000000.0
1168,121.83,4510000000000.0
1169,122.695,4310000000000.0
1170,142.58700000000005,4520000000000.0
1171,146.116,4460000000000.0
1172,140.57399999999998,4470000000000.0
1173,152.118,4510000000000.0
1174,166.545,4500000000000.0
1175,183.412,4560000000000.0
1176,188.028,4600000000000.0
1177,208.35,
1178,216.343,
1179,225.53799999999998,
1180,0.042,18042376192.0
1181,0.046,19121948672.0
1182,0.06,21466574848.0
1183,0.05,22045898752.0
1184,0.061,24873895936.0
1185,0.064,30546460672.0
1186,0.059000000000000004,34734256128.0
1187,0.07200000000000001,41748021248.0
1188,0.073,54538596352.0
1189,0.068,64534372352.0
1190,0.07200000000000001,67070615552.0
1191,0.065,76264087552.0
1192,0.069,82091900928.0
1193,0.061,81685250048.0
1194,0.063,84570423296.0
1195,0.179,86591225856.0
1196,0.858,88403697664.0
1197,1.3980000000000001,
1198,2.188,
1199,2.717,
1200,7.456,87470841856.0
1201,8.0,98712707072.0
1202,8.801,105000000000.0
1203,8.539,118000000000.0
1204,7.976,136000000000.0
1205,7.777,163000000000.0
1206,7.691,197000000000.0
1207,8.09,229000000000.0
1208,7.386,264000000000.0
1209,6.811,254000000000.0
1210,7.943,296000000000.0
1211,7.805,360000000000.0
1212,7.564,376000000000.0
1213,7.6610000000000005,405000000000.0
1214,8.291,411000000000.0
1215,9.429,415000000000.0
1216,11.92,420000000000.0
1217,11.6,
1218,11.137,
1219,10.629000000000001,
1220,2.057,63825342464.0
1221,3.175,66063642624.0
1222,3.79,64448475136.0
1223,4.33,63281344512.0
1224,4.191,65793523712.0
1225,4.316,70755893248.0
1226,4.574,78094204928.0
1227,4.8,83736363008.0
1228,4.137,87540162560.0
1229,3.734,93923098624.0
1230,5.081,104000000000.0
1231,5.12,114000000000.0
1232,6.007999999999999,121000000000.0
1233,5.915,127000000000.0
1234,6.404,134000000000.0
1235,8.488999999999999,142000000000.0
1236,8.011000000000001,150000000000.0
1237,8.175,
1238,9.652000000000001,
1239,10.192,
1240,0.0,88143429632.0
1241,0.0,79746752512.0
1242,0.0,85675753472.0
1243,0.0,104000000000.0
1244,0.0,130000000000.0
1245,0.0,167000000000.0
1246,0.0,200000000000.0
1247,0.0,214000000000.0
1248,0.0,254000000000.0
1249,0.0,186000000000.0
1250,0.0,203000000000.0
1251,0.0,260000000000.0
1252,0.0,295000000000.0
1253,0.004,283000000000.0
1254,0.006999999999999999,270000000000.0
1255,0.009000000000000001,276000000000.0
1256,0.053,283000000000.0
1257,0.067,
1258,0.084,
1259,0.158,
1260,13.546,9709912064.0
1261,12.306,9574320128.0
1262,10.679,9596157952.0
1263,13.380999999999998,10431114240.0
1264,13.953,11012797440.0
1265,12.66,11246944256.0
1266,12.347000000000001,13055951872.0
1267,12.609000000000002,14892163072.0
1268,10.023,17373720576.0
1269,10.115,17725392896.0
1270,10.997,17882109952.0
1271,13.998,22068576256.0
1272,14.037,21271707648.0
1273,12.995999999999999,23644280832.0
1274,13.165,31624493056.0
1275,10.989,32729579520.0
1276,11.379000000000001,33957935104.0
1277,14.061,
1278,14.175,
1279,13.706,
1280,2.824,25228673024.0
1281,2.839,26669565952.0
1282,2.485,28483074048.0
1283,2.339,29327583232.0
1284,3.196,30351355904.0
1285,3.4139999999999997,32431915008.0
1286,2.787,36045434880.0
1287,2.8280000000000003,39488139264.0
1288,3.213,39694049280.0
1289,3.555,35212337152.0
1290,3.635,35345006592.0
1291,3.076,37961678848.0
1292,4.109,40317419520.0
1293,3.533,41799946240.0
1294,2.802,43756335104.0
1295,2.7769999999999997,44948070400.0
1296,3.4819999999999998,45812883456.0
1297,5.4620000000000015,
1298,3.4989999999999997,
1299,3.135,
1300,0.445,43063488512.0
1301,0.33,45053464576.0
1302,0.6709999999999999,46858838016.0
1303,1.349,48681951232.0
1304,1.109,52638146560.0
1305,1.036,54423711744.0
1306,0.688,52187832320.0
1307,0.579,57624862720.0
1308,0.369,63953342464.0
1309,0.616,72629248000.0
1310,0.8320000000000001,76310093824.0
1311,0.7979999999999999,73229762560.0
1312,0.9990000000000001,73344638976.0
1313,1.263,75314421760.0
1314,0.204,77167312896.0
1315,0.495,78333026304.0
1316,0.41200000000000003,79116550144.0
1317,0.45799999999999996,
1318,0.419,
1319,0.387,
1320,0.0,112000000000.0
1321,0.0,112000000000.0
1322,0.0,111000000000.0
1323,0.0,125000000000.0
1324,0.0,131000000000.0
1325,0.0,144000000000.0
1326,0.0,154000000000.0
1327,0.0,162000000000.0
1328,0.0,185000000000.0
1329,0.0,184000000000.0
1330,0.006,192000000000.0
1331,0.006,74353934336.0
1332,0.006999999999999999,167000000000.0
1333,0.008,79982649344.0
1334,0.008,60791582720.0
1335,0.008,54591766528.0
1336,0.008,52964032512.0
1337,0.008,
1338,0.008,
1339,0.008,
1340,0.34,38858665984.0
1341,0.32799999999999996,41505021952.0
1342,0.35700000000000004,42848641024.0
1343,0.332,46498734080.0
1344,0.428,46993072128.0
1345,0.45899999999999996,49919520768.0
1346,0.436,53438320640.0
1347,0.5820000000000001,58199494656.0
1348,0.602,59742826496.0
1349,0.684,54137118720.0
1350,0.9109999999999999,56762298368.0
1351,1.113,61255319552.0
1352,1.183,66443116544.0
1353,1.525,69114494976.0
1354,1.511,72089722880.0
1355,1.679,73384935424.0
1356,2.095,75063795712.0
1357,2.5380000000000003,
1358,2.205,
1359,2.439,
1360,0.171,27865122816.0
1361,0.168,25977962496.0
1362,0.151,26320701440.0
1363,0.141,25401974784.0
1364,0.195,24444045312.0
1365,0.209,24792096768.0
1366,0.24600000000000002,26457731072.0
1367,0.265,28851822592.0
1368,0.282,27093080064.0
1369,0.268,27566755840.0
1370,0.268,29648912384.0
1371,0.24600000000000002,28096120832.0
1372,0.308,30788435968.0
1373,0.37,30693855232.0
1374,0.39799999999999996,37246500864.0
1375,0.431,38716084224.0
1376,0.457,40329289728.0
1377,0.6,
1378,0.684,
1379,0.684,
1380,7.34,278000000000.0
1381,6.371,274000000000.0
1382,5.247999999999998,293000000000.0
1383,5.693,311000000000.0
1384,5.769,342000000000.0
1385,5.138999999999999,380000000000.0
1386,6.377999999999999,396000000000.0
1387,6.433,435000000000.0
1388,7.396,476000000000.0
1389,8.067,453000000000.0
1390,7.4270000000000005,489000000000.0
1391,8.631,545000000000.0
1392,9.839,577000000000.0
1393,12.97,614000000000.0
1394,14.335999999999999,628000000000.0
1395,16.39,659000000000.0
1396,21.223000000000006,687000000000.0
1397,27.618000000000002,
1398,27.956999999999997,
1399,29.081999999999997,
1400,0.0,9422896128.0
1401,0.0,8356619776.0
1402,0.0,8672818176.0
1403,0.0,8824807424.0
1404,0.0,8388042240.0
1405,0.0,8741585920.0
1406,0.0,9019247616.0
1407,0.0,9499842560.0
1408,0.0,9540683776.0
1409,0.0,10187004928.0
1410,0.001,10302401536.0
1411,0.01,10001948672.0
1412,0.026000000000000002,10128000000.0
1413,0.035,10312181760.0
1414,0.075,10750430208.0
1415,0.102,11534417920.0
1416,0.136,12121667584.0
1417,0.172,
1418,0.19899999999999998,
1419,0.19899999999999998,
1420,0.505,17434200064.0
1421,0.52,17021184000.0
1422,0.515,17094880256.0
1423,0.547,16891314176.0
1424,0.5710000000000001,16853760000.0
1425,0.5429999999999999,16211206144.0
1426,0.496,17310195712.0
1427,0.523,19135696896.0
1428,0.593,19303647232.0
1429,0.607,19882739712.0
1430,0.653,20518957056.0
1431,0.551,21493831680.0
1432,0.578,22071529472.0
1433,0.594,22452848640.0
1434,0.595,23633235968.0
1435,0.68,24467060736.0
1436,0.6629999999999999,25412495360.0
1437,0.623,
1438,0.648,
1439,0.636,
1440,40.400999999999996,1120000000000.0
1441,36.319,1130000000000.0
1442,32.605,1140000000000.0
1443,28.44400000000001,1170000000000.0
1444,34.075,1260000000000.0
1445,37.783,1360000000000.0
1446,39.176,1450000000000.0
1447,37.041,1520000000000.0
1448,46.828,1570000000000.0
1449,34.425,1480000000000.0
1450,45.128,1590000000000.0
1451,44.526,1720000000000.0
1452,42.004,1740000000000.0
1453,39.08,1770000000000.0
1454,52.253,1810000000000.0
1455,46.67,1860000000000.0
1456,47.498999999999995,1880000000000.0
1457,50.543,
1458,54.007,
1459,55.36,
1460,0.0,6735756800.0
1461,0.0,7534202880.0
1462,0.0,8300105216.0
1463,0.0,9092790272.0
1464,0.0,10779912192.0
1465,0.004,12861685760.0
1466,0.004,15202941952.0
1467,0.004,17539614720.0
1468,0.006999999999999999,19005868032.0
1469,0.022000000000000002,18427742208.0
1470,0.044000000000000004,20836321280.0
1471,0.061,26811267072.0
1472,0.06,30912770048.0
1473,0.122,32288256000.0
1474,0.2,32586354688.0
1475,0.221,33339027456.0
1476,0.247,33659254784.0
1477,0.41600000000000004,
1478,0.457,
1479,0.513,
1480,0.0,5257224192.0
1481,0.0,5621417984.0
1482,0.0,5482080256.0
1483,0.0,5629890048.0
1484,0.0,5916175872.0
1485,0.0,6256749056.0
1486,1.733,8113699840.0
1487,1.271,9354359808.0
1488,1.524,10206612480.0
1489,2.05,9606912000.0
1490,2.7230000000000003,9695511552.0
1491,1.192,10424513536.0
1492,1.462,10320813056.0
1493,2.479,10681120768.0
1494,1.734,10986949632.0
1495,1.476,11476486144.0
1496,1.825,11767379968.0
1497,1.111,
1498,2.235,
1499,2.5069999999999997,
1500,0.775,133000000000.0
1501,1.068,135000000000.0
1502,1.036,134000000000.0
1503,1.6440000000000001,139000000000.0
1504,1.791,138000000000.0
1505,1.175,137000000000.0
1506,1.171,151000000000.0
1507,1.185,163000000000.0
1508,1.218,185000000000.0
1509,2.9330000000000003,199000000000.0
1510,4.092,215000000000.0
1511,2.676,238000000000.0
1512,2.3480000000000003,244000000000.0
1513,4.118,251000000000.0
1514,3.5460000000000003,249000000000.0
1515,4.396,260000000000.0
1516,4.655,264000000000.0
1517,4.636,
1518,6.481,
1519,7.933,
1520,9.562999999999999,10635299840.0
1521,11.737,11516837888.0
1522,12.579,14081280000.0
1523,10.8,15496326144.0
1524,11.589,16161756160.0
1525,13.175999999999998,17534720000.0
1526,14.610999999999999,18381838336.0
1527,15.943,19302912000.0
1528,15.012,20363417600.0
1529,16.825,20778444800.0
1530,16.535,21117726720.0
1531,16.71,20700575744.0
1532,15.062000000000001,21808332800.0
1533,14.464,26364755968.0
1534,16.086,29544933376.0
1535,17.099,31509975040.0
1536,15.51,32568367104.0
1537,13.98,
1538,13.845,
1539,12.761,
1540,,65653415936.0
1541,,68594200576.0
1542,,68128731136.0
1543,,78579548160.0
1544,,84990066688.0
1545,,99614457856.0
1546,,112000000000.0
1547,,125000000000.0
1548,,139000000000.0
1549,,144000000000.0
1550,,175000000000.0
1551,,203000000000.0
1552,,240000000000.0
1553,,267000000000.0
1554,,297000000000.0
1555,,319000000000.0
1556,,339000000000.0
1557,,
1558,,
1559,,
1560,1.3659999999999999,9773112320.0
1561,1.3559999999999999,10151799808.0
1562,1.446,10565805056.0
1563,1.4969999999999999,10619352064.0
1564,1.5859999999999999,11540941824.0
1565,1.641,12607352832.0
1566,1.59,13914024960.0
1567,1.56,14416287744.0
1568,1.476,15927875584.0
1569,1.396,15740582912.0
1570,1.2429999999999999,16241519616.0
1571,1.399,18161442816.0
1572,1.6059999999999999,20648069120.0
1573,1.2819999999999998,21811015680.0
1574,1.5,26872559616.0
1575,1.527,28297799680.0
1576,1.403,28601075712.0
1577,1.608,
1578,1.1640000000000001,
1579,1.045,
1580,1.6159999999999999,32693903360.0
1581,1.831,31291969536.0
1582,2.0980000000000003,31239350272.0
1583,2.24,34355130368.0
1584,2.378,33360314368.0
1585,2.492,34170015744.0
1586,2.708,36008890368.0
1587,2.764,38495072256.0
1588,2.786,42740711424.0
1589,3.083,48572407808.0
1590,3.179,53914607616.0
1591,3.466,59280310272.0
1592,3.511,65186848768.0
1593,3.487,67614973952.0
1594,3.7739999999999996,72787582976.0
1595,3.443,74763542528.0
1596,4.22,75081924608.0
1597,4.67,
1598,4.941,
1599,5.42,
1600,2.971,636000000000.0
1601,3.302,642000000000.0
1602,3.975,650000000000.0
1603,3.9619999999999997,638000000000.0
1604,5.307,651000000000.0
1605,7.447,694000000000.0
1606,8.05,729000000000.0
1607,7.5829999999999975,778000000000.0
1608,9.531,781000000000.0
1609,10.835,749000000000.0
1610,11.197000000000001,738000000000.0
1611,12.32,744000000000.0
1612,12.481,761000000000.0
1613,12.106,817000000000.0
1614,11.648,805000000000.0
1615,13.685,821000000000.0
1616,14.777000000000001,839000000000.0
1617,17.437,
1618,18.884,
1619,22.715,
1620,27.881,98350137344.0
1621,24.98,101000000000.0
1622,28.118000000000002,105000000000.0
1623,26.759,107000000000.0
1624,30.357,108000000000.0
1625,27.44400000000001,110000000000.0
1626,27.95,112000000000.0
1627,28.505,121000000000.0
1628,27.993000000000002,122000000000.0
1629,30.97,127000000000.0
1630,32.285,133000000000.0
1631,33.233000000000004,138000000000.0
1632,31.22300000000001,138000000000.0
1633,31.53,144000000000.0
1634,33.827,148000000000.0
1635,34.754,153000000000.0
1636,36.135,159000000000.0
1637,35.176,
1638,36.319,
1639,35.769,
1640,0.375,13254983680.0
1641,0.435,13825984512.0
1642,0.606,14166267904.0
1643,0.696,14867095552.0
1644,0.7040000000000001,15739982848.0
1645,0.9009999999999999,17065079808.0
1646,0.807,17786216448.0
1647,0.7879999999999999,19192991744.0
1648,1.192,20283103232.0
1649,1.068,20667930624.0
1650,1.351,21934055424.0
1651,1.301,23734874112.0
1652,1.7309999999999999,24177887232.0
1653,2.176,25037424640.0
1654,2.394,26460876800.0
1655,2.293,27761692672.0
1656,2.392,29071224832.0
1657,2.529,
1658,2.7310000000000003,
1659,2.832,
1660,0.0,7190411776.0
1661,0.0,7874376192.0
1662,0.0,8302315008.0
1663,0.0,8920647680.0
1664,0.0,8600471552.0
1665,0.0,9017536512.0
1666,0.0,9588882432.0
1667,0.0,9844835328.0
1668,0.0,10672463872.0
1669,0.0,11246819328.0
1670,0.0,13083209728.0
1671,0.0,12652165120.0
1672,0.0,13840254976.0
1673,0.004,14546306048.0
1674,0.004,15629286400.0
1675,0.004,16184285184.0
1676,0.005,16921362432.0
1677,0.006,
1678,0.024,
1679,0.024,
1680,5.699,329000000000.0
1681,5.8629999999999995,340000000000.0
1682,8.165,378000000000.0
1683,7.3870000000000005,401000000000.0
1684,8.04,430000000000.0
1685,7.7029999999999985,448000000000.0
1686,6.212999999999999,476000000000.0
1687,6.178,614000000000.0
1688,5.6770000000000005,642000000000.0
1689,4.497,711000000000.0
1690,6.327000000000001,815000000000.0
1691,5.841,844000000000.0
1692,5.64,905000000000.0
1693,5.316,928000000000.0
1694,5.34,979000000000.0
1695,5.712999999999999,1010000000000.0
1696,8.124,990000000000.0
1697,7.726,
1698,6.45,
1699,6.6960000000000015,
1700,140.727,245000000000.0
1701,119.62700000000001,245000000000.0
1702,128.47899999999998,244000000000.0
1703,105.08,255000000000.0
1704,108.404,276000000000.0
1705,135.222,328000000000.0
1706,119.28,348000000000.0
1707,133.684,352000000000.0
1708,139.05100000000002,391000000000.0
1709,125.309,339000000000.0
1710,117.598,355000000000.0
1711,121.50200000000001,399000000000.0
1712,143.17700000000005,411000000000.0
1713,130.032,406000000000.0
1714,137.52700000000002,390000000000.0
1715,139.649,396000000000.0
1716,144.785,400000000000.0
1717,144.958,
1718,142.455,
1719,129.655,
1720,0.0,41063723008.0
1721,0.0,44382195712.0
1722,0.0,46212362240.0
1723,0.0,53275885568.0
1724,0.0,66722304000.0
1725,0.0,73114116096.0
1726,0.0,97566883840.0
1727,0.0,109000000000.0
1728,0.0,131000000000.0
1729,0.0,112000000000.0
1730,0.0,125000000000.0
1731,0.0,140000000000.0
1732,0.0,154000000000.0
1733,0.001,160000000000.0
1734,0.001,156000000000.0
1735,0.004,163000000000.0
1736,0.004,168000000000.0
1737,0.004,
1738,0.004,
1739,0.004,
1740,18.18,383000000000.0
1741,19.842,389000000000.0
1742,23.32800000000001,409000000000.0
1743,27.976,428000000000.0
1744,26.76,464000000000.0
1745,31.734,516000000000.0
1746,32.75,567000000000.0
1747,29.798000000000002,602000000000.0
1748,29.123,647000000000.0
1749,29.092,683000000000.0
1750,32.769,735000000000.0
1751,29.678,807000000000.0
1752,31.103,838000000000.0
1753,33.825,872000000000.0
1754,34.84,923000000000.0
1755,37.468,971000000000.0
1756,36.865,1020000000000.0
1757,33.953,
1758,44.208,
1759,50.44600000000001,
1760,3.408,26563999744.0
1761,2.497,26963568640.0
1762,3.385,28525496320.0
1763,2.8160000000000003,32244131840.0
1764,3.765,32902400000.0
1765,3.71,40384000000.0
1766,3.616,44422336512.0
1767,3.705,42761248768.0
1768,3.949,45965971456.0
1769,3.883,47997599744.0
1770,4.1739999999999995,51802857472.0
1771,4.08,57996521472.0
1772,5.36,63576629248.0
1773,5.1370000000000005,74895597568.0
1774,5.1320000000000014,71932698624.0
1775,6.664,76098510848.0
1776,7.187,79798288384.0
1777,7.859,
1778,8.63,
1779,9.311,
1780,52.957,20230811648.0
1781,44.864,21263550464.0
1782,47.73,27763617792.0
1783,51.253,29172068352.0
1784,51.412,30690248704.0
1785,50.653999999999996,32012251136.0
1786,53.246,34151460864.0
1787,53.188,35369816064.0
1788,54.909,37093941248.0
1789,54.409,39765409792.0
1790,53.523999999999994,43854127104.0
1791,57.049,47648043008.0
1792,59.63,49208922112.0
1793,59.9,51732254720.0
1794,54.861999999999995,55039840256.0
1795,55.332,56733011968.0
1796,64.027,59056115712.0
1797,59.769,
1798,59.32,
1799,49.82100000000001,
1800,16.165,123000000000.0
1801,17.601,125000000000.0
1802,18.054000000000002,133000000000.0
1803,18.554000000000002,141000000000.0
1804,17.511,153000000000.0
1805,18.26,170000000000.0
1806,19.882,193000000000.0
1807,19.805,214000000000.0
1808,19.418,235000000000.0
1809,19.877,237000000000.0
1810,20.516,270000000000.0
1811,22.046999999999997,294000000000.0
1812,21.869,311000000000.0
1813,23.247,322000000000.0
1814,23.728,331000000000.0
1815,25.206,342000000000.0
1816,25.776,355000000000.0
1817,30.6,
1818,33.086,
1819,34.207,
1820,19.347,339000000000.0
1821,17.475,342000000000.0
1822,17.205,348000000000.0
1823,17.612000000000005,358000000000.0
1824,18.789,370000000000.0
1825,18.224,384000000000.0
1826,20.359,406000000000.0
1827,18.752,438000000000.0
1828,20.529,467000000000.0
1829,20.079,488000000000.0
1830,17.744,537000000000.0
1831,19.75,586000000000.0
1832,20.656999999999996,609000000000.0
1833,19.803,662000000000.0
1834,19.719,694000000000.0
1835,20.874000000000002,735000000000.0
1836,21.898000000000003,785000000000.0
1837,23.092,
1838,22.66,
1839,21.425,
1840,2.332,511000000000.0
1841,2.783,513000000000.0
1842,2.767,530000000000.0
1843,2.25,528000000000.0
1844,3.207,547000000000.0
1845,3.847,568000000000.0
1846,4.291,594000000000.0
1847,5.428999999999999,656000000000.0
1848,6.607,681000000000.0
1849,8.679,732000000000.0
1850,10.889000000000001,791000000000.0
1851,13.137,843000000000.0
1852,16.879,889000000000.0
1853,17.066,912000000000.0
1854,19.842,939000000000.0
1855,22.684,975000000000.0
1856,22.807,1000000000000.0
1857,24.122,
1858,21.616999999999997,
1859,24.505,
1860,12.868,220000000000.0
1861,15.741,222000000000.0
1862,9.732999999999999,225000000000.0
1863,17.703,222000000000.0
1864,12.314,220000000000.0
1865,8.259,238000000000.0
1866,15.722999999999999,249000000000.0
1867,16.218,262000000000.0
1868,14.640999999999998,258000000000.0
1869,18.291,263000000000.0
1870,28.351999999999997,269000000000.0
1871,24.115,264000000000.0
1872,19.372,269000000000.0
1873,29.471999999999998,269000000000.0
1874,31.561,276000000000.0
1875,24.372,281000000000.0
1876,32.31,285000000000.0
1877,22.573,
1878,29.401999999999997,
1879,27.791999999999998,
1880,0.0,36707676160.0
1881,0.0,37521051648.0
1882,0.0,39263993856.0
1883,0.0,52706697216.0
1884,0.0,66352525312.0
1885,0.0,90173325312.0
1886,0.0,115000000000.0
1887,0.0,140000000000.0
1888,0.0,189000000000.0
1889,0.0,168000000000.0
1890,0.0,203000000000.0
1891,0.11599999999999999,277000000000.0
1892,0.11599999999999999,295000000000.0
1893,0.11900000000000001,293000000000.0
1894,0.122,282000000000.0
1895,0.122,292000000000.0
1896,0.12300000000000001,300000000000.0
1897,0.12300000000000001,
1898,0.12300000000000001,
1899,0.12300000000000001,
1900,14.777999999999999,167000000000.0
1901,14.923,187000000000.0
1902,16.049,196000000000.0
1903,13.262,204000000000.0
1904,16.517,223000000000.0
1905,20.213,230000000000.0
1906,18.36,264000000000.0
1907,16.004,300000000000.0
1908,17.225,345000000000.0
1909,15.552999999999999,347000000000.0
1910,20.3,360000000000.0
1911,16.313,376000000000.0
1912,14.925999999999998,406000000000.0
1913,20.148,412000000000.0
1914,27.125999999999998,428000000000.0
1915,26.2,445000000000.0
1916,26.969,409000000000.0
1917,24.281999999999996,
1918,26.195,
1919,24.737,
1920,0.0,423000000000.0
1921,0.0,405000000000.0
1922,0.0,450000000000.0
1923,0.0,482000000000.0
1924,0.0,578000000000.0
1925,0.0,702000000000.0
1926,0.0,794000000000.0
1927,0.0,858000000000.0
1928,0.0,1050000000000.0
1929,0.0,932000000000.0
1930,0.0,1090000000000.0
1931,0.0,1370000000000.0
1932,0.024,1450000000000.0
1933,0.039,1430000000000.0
1934,0.042,1420000000000.0
1935,0.129,1480000000000.0
1936,0.129,1500000000000.0
1937,0.16,
1938,0.16,
1939,0.16,
1940,0.053,19075350528.0
1941,0.062,19742279680.0
1942,0.262,19763380224.0
1943,0.39,20649799680.0
1944,0.335,21155538944.0
1945,0.319,22880980992.0
1946,0.28600000000000003,23402833920.0
1947,0.21899999999999997,24888442880.0
1948,0.27,25310406656.0
1949,0.29,27091400704.0
1950,0.327,28446160896.0
1951,0.33399999999999996,29229463552.0
1952,0.336,30404665344.0
1953,0.368,32729319424.0
1954,0.387,34952192000.0
1955,0.40700000000000003,37223227392.0
1956,0.425,39668592640.0
1957,0.532,
1958,0.525,
1959,0.54,
1960,0.0,70572097536.0
1961,0.0,67947266048.0
1962,0.0,71438802944.0
1963,0.0,75324211200.0
1964,0.0,77297115136.0
1965,0.0,87761117184.0
1966,10.855,93483180032.0
1967,9.937000000000001,95941296128.0
1968,9.468,106000000000.0
1969,10.436,107000000000.0
1970,11.772,107000000000.0
1971,8.58,111000000000.0
1972,9.2,117000000000.0
1973,10.125,118000000000.0
1974,10.925,118000000000.0
1975,10.017999999999999,119000000000.0
1976,10.76,122000000000.0
1977,9.201,
1978,10.802999999999999,
1979,11.048,
1980,0.49,160000000000.0
1981,0.946,148000000000.0
1982,0.946,165000000000.0
1983,0.99,153000000000.0
1984,0.958,184000000000.0
1985,0.9179999999999999,223000000000.0
1986,0.9540000000000001,270000000000.0
1987,0.9740000000000001,295000000000.0
1988,1.048,249000000000.0
1989,1.064,258000000000.0
1990,1.179,318000000000.0
1991,1.213,324000000000.0
1992,1.263,331000000000.0
1993,1.374,337000000000.0
1994,1.453,374000000000.0
1995,1.556,381000000000.0
1996,1.588,388000000000.0
1997,1.629,
1998,1.6680000000000001,
1999,1.673,
2000,3.904,42722009088.0
2001,3.8680000000000003,43362324480.0
2002,3.4139999999999997,45058019328.0
2003,3.08,45062782976.0
2004,4.215,47041609728.0
2005,3.575,48663568384.0
2006,3.701,49665998848.0
2007,3.38,51871690752.0
2008,4.3069999999999995,55143321600.0
2009,4.907,52803108864.0
2010,4.748,52372058112.0
2011,3.8789999999999996,53204185088.0
2012,4.329,53345099776.0
2013,5.1080000000000005,53505286144.0
2014,6.607,56434409472.0
2015,4.351,57726312448.0
2016,5.055,59161378816.0
2017,4.4430000000000005,
2018,5.23,
2019,5.1579999999999995,
2020,1.65,381000000000.0
2021,2.3680000000000003,394000000000.0
2022,2.6689999999999996,421000000000.0
2023,1.089,432000000000.0
2024,1.256,456000000000.0
2025,1.6369999999999998,492000000000.0
2026,3.19,529000000000.0
2027,1.183,560000000000.0
2028,1.521,572000000000.0
2029,1.72,557000000000.0
2030,2.476,577000000000.0
2031,2.44,609000000000.0
2032,1.614,616000000000.0
2033,1.527,628000000000.0
2034,3.3789999999999996,638000000000.0
2035,5.81,647000000000.0
2036,7.755,648000000000.0
2037,10.079,
2038,12.244000000000002,
2039,12.952,
2040,0.0,
2041,0.0,
2042,0.0,
2043,0.0,
2044,0.0,
2045,0.0,
2046,0.0,
2047,0.0,
2048,0.0,
2049,0.0,
2050,0.0,
2051,0.0,
2052,0.002,
2053,0.002,
2054,0.002,
2055,0.002,
2056,0.002,
2057,0.003,
2058,0.003,
2059,0.003,
2060,34.49,1090000000000.0
2061,49.295,1130000000000.0
2062,33.17,1190000000000.0
2063,55.762,1180000000000.0
2064,50.137,1230000000000.0
2065,42.27,1300000000000.0
2066,52.155,1420000000000.0
2067,58.29,1530000000000.0
2068,62.143,1560000000000.0
2069,74.08,1550000000000.0
2070,97.77600000000001,1520000000000.0
2071,87.522,1500000000000.0
2072,86.962,1490000000000.0
2073,111.406,1490000000000.0
2074,110.26799999999999,1520000000000.0
2075,97.088,1570000000000.0
2076,104.633,1480000000000.0
2077,87.92399999999998,
2078,103.885,
2079,100.30799999999999,
2080,3.176,86564175872.0
2081,3.09,85882822656.0
2082,2.68,90858618880.0
2083,3.2769999999999997,98236047360.0
2084,2.946,102000000000.0
2085,3.4339999999999997,106000000000.0
2086,3.8680000000000003,117000000000.0
2087,3.927,128000000000.0
2088,4.115,138000000000.0
2089,3.908,153000000000.0
2090,5.681,171000000000.0
2091,4.7139999999999995,196000000000.0
2092,3.444,211000000000.0
2093,7.13,218000000000.0
2094,4.837,231000000000.0
2095,6.33,242000000000.0
2096,4.619,252000000000.0
2097,4.553999999999999,
2098,6.8660000000000005,
2099,7.314,
2100,1.271,59498708992.0
2101,1.365,57386381312.0
2102,1.3940000000000001,60166295552.0
2103,1.281,65087254528.0
2104,1.236,69422637056.0
2105,1.392,81089241088.0
2106,1.496,99844743168.0
2107,1.585,110000000000.0
2108,1.597,120000000000.0
2109,3.3480000000000003,126000000000.0
2110,6.276,139000000000.0
2111,6.527,152000000000.0
2112,6.682,122000000000.0
2113,8.381,147000000000.0
2114,8.953,159000000000.0
2115,8.46,166000000000.0
2116,8.099,170000000000.0
2117,9.391,
2118,9.698,
2119,10.109,
2120,0.71,
2121,0.725,
2122,0.741,
2123,0.752,
2124,0.764,
2125,0.821,
2126,0.862,
2127,0.862,
2128,0.863,
2129,0.863,
2130,1.198,
2131,1.031,
2132,0.825,
2133,0.83,
2134,0.562,
2135,0.483,
2136,0.7909999999999999,
2137,0.932,
2138,1.006,
2139,1.181,
2140,83.14,323000000000.0
2141,83.321,317000000000.0
2142,71.145,323000000000.0
2143,58.731,330000000000.0
2144,68.187,346000000000.0
2145,81.23,343000000000.0
2146,71.068,361000000000.0
2147,77.42399999999998,387000000000.0
2148,81.40899999999998,390000000000.0
2149,79.81,375000000000.0
2150,82.085,394000000000.0
2151,84.088,398000000000.0
2152,98.309,405000000000.0
2153,82.68799999999997,406000000000.0
2154,85.741,409000000000.0
2155,102.49600000000001,426000000000.0
2156,89.12700000000002,440000000000.0
2157,95.05799999999999,
2158,91.15299999999999,
2159,99.76799999999999,
2160,38.226,313000000000.0
2161,42.742,312000000000.0
2162,36.764,319000000000.0
2163,36.393,318000000000.0
2164,35.421,329000000000.0
2165,33.05,345000000000.0
2166,33.021,369000000000.0
2167,37.244,404000000000.0
2168,38.118,427000000000.0
2169,37.812,427000000000.0
2170,38.26,433000000000.0
2171,34.836999999999996,473000000000.0
2172,41.347,495000000000.0
2173,41.536,505000000000.0
2174,41.607,514000000000.0
2175,41.926,518000000000.0
2176,38.716,525000000000.0
2177,38.676,
2178,39.785,
2179,43.22,
2180,13.774000000000001,7929517056.0
2181,14.064,8817549312.0
2182,15.012,9432823808.0
2183,16.173,11413445632.0
2184,16.176,13141919744.0
2185,16.797,14064096256.0
2186,16.534000000000002,15846207488.0
2187,16.942999999999998,16692284416.0
2188,16.642,19895148544.0
2189,15.741,19063306240.0
2190,16.236,21659891712.0
2191,16.038,23727597568.0
2192,16.730999999999998,24950816768.0
2193,16.9,26079270912.0
2194,15.84,25972525056.0
2195,16.83,27562715136.0
2196,16.465999999999998,29521520640.0
2197,16.962,
2198,18.21,
2199,18.977,
2200,6.477,428000000000.0
2201,6.734,444000000000.0
2202,8.084,477000000000.0
2203,8.379,526000000000.0
2204,7.2620000000000005,567000000000.0
2205,7.271,614000000000.0
2206,9.507,656000000000.0
2207,9.818,702000000000.0
2208,9.656,741000000000.0
2209,10.164,730000000000.0
2210,8.895,826000000000.0
2211,12.472999999999999,878000000000.0
2212,13.706,957000000000.0
2213,13.780999999999999,923000000000.0
2214,14.344000000000001,906000000000.0
2215,13.870999999999999,932000000000.0
2216,25.272,962000000000.0
2217,25.743000000000002,
2218,29.996,
2219,33.893,
2220,0.099,5790720000.0
2221,0.05,5807685120.0
2222,0.086,6196371968.0
2223,0.12300000000000001,5983775232.0
2224,0.08199999999999999,6213892096.0
2225,0.075,6406515200.0
2226,0.09300000000000001,6656775168.0
2227,0.1,6797250048.0
2228,0.092,6960180224.0
2229,0.113,7621949952.0
2230,0.096,8115184128.0
2231,0.111,8309243904.0
2232,0.094,8631640064.0
2233,0.04,10201604096.0
2234,0.12,10607493120.0
2235,0.059000000000000004,11192064000.0
2236,0.207,11751855104.0
2237,0.105,
2238,0.006999999999999999,
2239,0.003,
2240,0.02,15867847680.0
2241,0.028999999999999998,14615797760.0
2242,0.026000000000000002,15464105984.0
2243,0.012,19989989376.0
2244,0.023,22231377920.0
2245,0.024,27012368384.0
2246,0.028999999999999998,31257219072.0
2247,0.022000000000000002,34498105344.0
2248,0.023,40615612416.0
2249,0.023,28179300352.0
2250,0.004,31569321984.0
2251,0.004,36497113088.0
2252,0.004,37210324992.0
2253,0.004,38178349056.0
2254,0.004,37983166464.0
2255,0.005,37750022144.0
2256,0.005,35816759296.0
2257,0.005,
2258,0.005,
2259,0.005,
2260,0.086,80289718272.0
2261,0.077,81507491840.0
2262,0.09300000000000001,80294477824.0
2263,0.19699999999999998,81963597824.0
2264,0.196,83805634560.0
2265,0.18600000000000005,86715809792.0
2266,0.129,92226568192.0
2267,0.092,98348253184.0
2268,0.069,104000000000.0
2269,0.175,107000000000.0
2270,0.19,113000000000.0
2271,0.166,111000000000.0
2272,0.31,115000000000.0
2273,0.433,114000000000.0
2274,0.599,116000000000.0
2275,0.583,117000000000.0
2276,0.628,118000000000.0
2277,0.599,
2278,0.644,
2279,0.7390000000000001,
2280,30.941999999999997,803000000000.0
2281,24.191999999999997,758000000000.0
2282,33.711,765000000000.0
2283,35.273,732000000000.0
2284,45.898,825000000000.0
2285,39.516,908000000000.0
2286,44.256,1000000000000.0
2287,36.319,1080000000000.0
2288,34.229,1150000000000.0
2289,37.944,1130000000000.0
2290,55.353,1250000000000.0
2291,56.927,1400000000000.0
2292,63.993,1490000000000.0
2293,68.087,1560000000000.0
2294,51.707,1650000000000.0
2295,82.29299999999998,1720000000000.0
2296,89.43,1570000000000.0
2297,86.471,
2298,96.69,
2299,130.20600000000002,
2300,0.005,17930264576.0
2301,0.003,19806908416.0
2302,0.003,24144226304.0
2303,0.003,29194848256.0
2304,0.003,33951744000.0
2305,0.003,41229758464.0
2306,0.003,44467138560.0
2307,0.003,48069406720.0
2308,0.003,50641723392.0
2309,0.003,77655597056.0
2310,0.003,80971538432.0
2311,0.003,82540445696.0
2312,0.003,86524477440.0
2313,0.003,96708812800.0
2314,0.003,104000000000.0
2315,0.003,111000000000.0
2316,0.003,118000000000.0
2317,0.003,
2318,0.003,
2319,0.0,
2320,11.167,218000000000.0
2321,11.927999999999999,233000000000.0
2322,9.552999999999999,243000000000.0
2323,9.177,270000000000.0
2324,11.668,298000000000.0
2325,12.277000000000001,346000000000.0
2326,12.792,385000000000.0
2327,10.087,439000000000.0
2328,11.706,473000000000.0
2329,11.999,403000000000.0
2330,13.26,423000000000.0
2331,11.091,471000000000.0
2332,11.126,489000000000.0
2333,14.974,499000000000.0
2334,10.083,464000000000.0
2335,7.047999999999999,419000000000.0
2336,9.175,429000000000.0
2337,10.789000000000001,
2338,12.921,
2339,10.432,
2340,0.0,324000000000.0
2341,0.0,312000000000.0
2342,0.0,318000000000.0
2343,0.0,342000000000.0
2344,0.0,370000000000.0
2345,0.0,427000000000.0
2346,0.0,497000000000.0
2347,0.0,539000000000.0
2348,0.0,583000000000.0
2349,0.01,493000000000.0
2350,0.02,492000000000.0
2351,0.034,575000000000.0
2352,0.035,598000000000.0
2353,0.10099999999999999,649000000000.0
2354,0.309,616000000000.0
2355,0.304,639000000000.0
2356,0.316,657000000000.0
2357,0.741,
2358,1.31,
2359,4.177,
2360,9.97,2030000000000.0
2361,9.549,2090000000000.0
2362,11.125,2110000000000.0
2363,10.619000000000002,2120000000000.0
2364,14.138,2190000000000.0
2365,16.937,2290000000000.0
2366,18.105999999999998,2340000000000.0
2367,19.691,2340000000000.0
2368,21.846999999999998,2340000000000.0
2369,25.245,2230000000000.0
2370,26.180999999999997,2210000000000.0
2371,35.213,2220000000000.0
2372,41.248999999999995,2290000000000.0
2373,53.214,2430000000000.0
2374,64.523,2480000000000.0
2375,82.57600000000002,2530000000000.0
2376,81.608,2580000000000.0
2377,97.038,
2378,108.131,
2379,117.333,
2380,350.939,13000000000000.0
2381,278.906,13100000000000.0
2382,334.695,13300000000000.0
2383,346.75800000000015,13700000000000.0
2384,342.996,14200000000000.0
2385,351.093,14700000000000.0
2386,379.214,15100000000000.0
2387,345.851,15400000000000.0
2388,374.644,15300000000000.0
2389,413.096,14900000000000.0
2390,421.875,15300000000000.0
2391,506.916,15500000000000.0
2392,489.62300000000016,15900000000000.0
2393,517.3919999999998,16100000000000.0
2394,543.638,16500000000000.0
2395,553.289,16900000000000.0
2396,621.571,17200000000000.0
2397,704.1060000000001,
2398,730.502,
2399,757.393,
2400,7.016,36381167616.0
2401,9.141,34657738752.0
2402,9.481,31827052544.0
2403,8.484,31410044928.0
2404,4.769,32353964032.0
2405,6.657,34038812672.0
2406,3.61,35915218944.0
2407,8.125,39316279296.0
2408,5.296,43711721472.0
2409,6.0420000000000025,45869121536.0
2410,9.747,52762112000.0
2411,7.655,57398685696.0
2412,6.797999999999999,60006850560.0
2413,9.728,62925078528.0
2414,12.213,65795518464.0
2415,12.704,66261491712.0
2416,13.362,67208687616.0
2417,14.054,
2418,14.193,
2419,15.718,
2420,5.817,84591878144.0
2421,5.899,90248200192.0
2422,6.124,96231522304.0
2423,7.544,103000000000.0
2424,8.92,108000000000.0
2425,8.838,116000000000.0
2426,4.6530000000000005,112000000000.0
2427,4.61,134000000000.0
2428,4.4430000000000005,155000000000.0
2429,6.4179999999999975,175000000000.0
2430,8.11,190000000000.0
2431,5.646,208000000000.0
2432,6.586,225000000000.0
2433,5.649,248000000000.0
2434,6.016,246000000000.0
2435,7.0,266000000000.0
2436,7.258999999999999,287000000000.0
2437,8.349,
2438,5.845,
2439,5.4579999999999975,
2440,62.198,187000000000.0
2441,59.845,180000000000.0
2442,58.94,174000000000.0
2443,59.927,168000000000.0
2444,69.374,217000000000.0
2445,76.457,276000000000.0
2446,80.78399999999998,321000000000.0
2447,82.228,363000000000.0
2448,85.973,422000000000.0
2449,85.102,369000000000.0
2450,76.014,448000000000.0
2451,82.835,499000000000.0
2452,81.222,507000000000.0
2453,82.785,544000000000.0
2454,63.721000000000004,515000000000.0
2455,74.22800000000002,483000000000.0
2456,62.407,396000000000.0
2457,59.98,
2458,57.646,
2459,52.118,
2460,2863.212,57300000000000.0
2461,2809.014,58600000000000.0
2462,2875.479000000001,60500000000000.0
2463,2914.8779999999997,62400000000000.0
2464,3117.545,66000000000000.0
2465,3272.091,70700000000000.0
2466,3414.708,75100000000000.0
2467,3525.0570000000002,79900000000000.0
2468,3726.884,83000000000000.0
2469,3839.3740000000003,82400000000000.0
2470,4168.712,88500000000000.0
2471,4385.3,94000000000000.0
2472,4726.419,96600000000000.0
2473,5027.388,99300000000000.0
2474,5306.9619999999995,102000000000000.0
2475,5506.484,105000000000000.0
2476,5900.4119999999975,107000000000000.0
2477,6276.014,
2478,6712.063,
2479,7065.089,
2480,0.0,56672096256.0
2481,0.0,58833289216.0
2482,0.0,61126594560.0
2483,0.0,63430094848.0
2484,0.0,65939030016.0
2485,0.0,69641248768.0
2486,0.0,72410071040.0
2487,0.0,78844502016.0
2488,0.0,87103545344.0
2489,0.0,89923100672.0
2490,0.002,107000000000.0
2491,0.002,103000000000.0
2492,0.003,95748104192.0
2493,0.004,102000000000.0
2494,0.009000000000000001,96706437120.0
2495,0.11,69521088512.0
2496,0.147,62722076672.0
2497,0.183,
2498,0.45799999999999996,
2499,0.5,
2500,7.7120000000000015,12077674496.0
2501,7.853,13218974720.0
2502,8.06,14656193536.0
2503,8.213,16280202240.0
2504,8.414,16997273600.0
2505,8.834,19055403008.0
2506,9.613,22128918528.0
2507,9.576,29525895168.0
2508,9.463,31585800192.0
2509,9.838,35356717056.0
2510,10.397,39683600384.0
2511,11.433,45142425600.0
2512,12.294,49481674752.0
2513,13.214,51839029248.0
2514,13.972999999999999,54324781056.0
2515,12.98,55912894464.0
2516,10.991,57577410560.0
2517,12.444,
2518,13.635,
2519,13.853,
2520,3.227,31866720256.0
2521,2.968,31141632000.0
2522,3.786,28193615872.0
2523,5.305,23135727616.0
2524,5.466,21275555840.0
2525,4.8660000000000005,19320739840.0
2526,5.2570000000000014,18320328704.0
2527,5.329,17416245248.0
2528,5.73,14300999680.0
2529,5.46,15141297152.0
2530,5.835,16604099584.0
2531,5.28,18307260416.0
2532,5.506,20482260992.0
2533,5.115,23742582784.0
2534,5.526,24748283904.0
2535,5.0760000000000005,25030569984.0
2536,3.111,25151762432.0
2537,4.091,
2538,5.2010000000000005,
2539,5.2410000000000005,
