,renewables_electricity,renewables_consumption
0,77.704,215.845
1,83.632,230.803
2,87.932,241.104
3,86.059,234.456
4,91.186,246.842
5,92.895,249.877
6,96.90899999999999,259.034
7,99.557,264.448
8,101.816,268.777
9,105.012,275.525
10,113.75399999999999,296.638
11,117.365,304.202
12,118.555,305.409
13,126.49600000000001,323.915
14,136.269,347.004
15,139.477,353.209
16,139.253,350.675
17,150.829,377.712
18,162.585,404.903
19,177.805,441.256
20,4.548,
21,3.5189999999999997,
22,3.477,
23,5.117,
24,5.4110000000000005,
25,5.319,
26,4.9510000000000005,
27,2.76,
28,3.759,
29,5.2010000000000005,
30,7.492000000000001,
31,4.091,
32,4.678999999999999,
33,6.89,
34,4.678,
35,5.8370000000000015,
36,7.706,
37,4.481,
38,8.467,
39,5.176,
40,0.053,0.15
41,0.068,0.19
42,0.055999999999999994,0.156
43,0.262,0.722
44,0.248,0.679
45,0.5489999999999999,1.494
46,0.21600000000000005,0.5820000000000001
47,0.22399999999999998,0.6
48,0.28,0.747
49,0.303,0.897
50,0.172,0.475
51,0.4970000000000001,1.0270000000000001
52,0.616,1.071
53,0.327,0.327
54,0.252,0.6459999999999999
55,0.221,0.562
56,0.332,0.845
57,0.635,1.4480000000000002
58,0.73,1.814
59,0.732,1.923
60,0.903,
61,1.0070000000000001,
62,1.1320000000000001,
63,1.229,
64,1.733,
65,2.197,
66,2.638,
67,2.472,
68,3.103,
69,3.063,
70,3.676,
71,3.978,
72,3.748,
73,4.734,
74,5.044,
75,5.0969999999999995,
76,5.93,
77,7.794,
78,8.865,
79,10.121,
80,29.201,96.51100000000001
81,37.321999999999996,117.46
82,36.435,116.23299999999999
83,34.553000000000004,109.444
84,31.408,98.469
85,35.039,108.929
86,40.441,120.98100000000001
87,32.884,104.59899999999999
88,31.730999999999998,102.77799999999999
89,34.929,111.625
90,34.21,116.988
91,32.257,117.277
92,30.914,113.155
93,34.849000000000004,123.75200000000001
94,33.955,125.58200000000001
95,33.741,128.619
96,31.180999999999997,118.891
97,33.476,130.171
98,34.843,131.431
99,34.856,130.395
100,1.248,
101,0.958,
102,1.641,
103,1.962,
104,1.9780000000000002,
105,1.756,
106,1.808,
107,1.837,
108,1.781,
109,2.003,
110,2.537,
111,2.467,
112,2.303,
113,2.155,
114,1.976,
115,2.188,
116,2.33,
117,2.251,
118,2.316,
119,2.363,
120,17.422,48.713
121,18.000999999999994,47.638999999999996
122,17.712,49.228
123,18.509,50.863
124,18.52,52.434
125,19.95,55.81399999999999
126,21.480999999999998,57.445
127,20.866,57.503
128,19.605999999999998,59.095
129,18.465,65.578
130,21.72,76.914
131,26.273000000000003,99.57799999999999
132,26.318,95.977
133,32.705,108.02799999999999
134,36.111999999999995,99.736
135,33.423,105.449
136,37.152,117.766
137,40.205999999999996,112.287
138,44.44300000000001,139.126
139,54.4,152.53
140,43.434,120.848
141,42.233000000000004,116.965
142,41.896,115.285
143,35.25199999999999,96.435
144,39.629,107.89
145,40.885,110.92
146,40.669000000000004,112.103
147,43.177,118.654
148,44.53100000000001,122.76899999999999
149,47.177,129.91
150,44.99800000000001,123.26899999999999
151,40.908,111.92299999999999
152,51.328,137.866
153,50.49100000000001,134.30200000000002
154,50.18600000000001,133.692
155,47.582,127.49
156,51.083,134.34
157,51.055,133.24200000000002
158,50.036,130.023
159,55.128,140.411
160,1.5190000000000001,4.261
161,1.288,3.59
162,2.0,5.539
163,2.444,6.729
164,2.727,7.4579999999999975
165,2.9789999999999996,8.095
166,2.4930000000000003,6.731
167,2.34,6.279
168,2.21,5.892
169,2.285,6.062
170,3.4130000000000003,8.987
171,2.6489999999999996,6.934
172,1.8030000000000002,4.69
173,1.61,3.988
174,1.466,3.542
175,1.8130000000000002,4.396
176,2.171,5.292999999999998
177,1.9580000000000002,4.727
178,2.033,4.897
179,1.8840000000000001,4.5169999999999995
180,0.0,
181,0.0,
182,0.0,
183,0.0,
184,0.0,
185,0.0,
186,0.0,
187,0.0,
188,0.001,
189,0.002,
190,0.002,
191,0.002,
192,0.002,
193,0.002,
194,0.009000000000000001,
195,0.009000000000000001,
196,0.009000000000000001,
197,0.009000000000000001,
198,0.009000000000000001,
199,0.009000000000000001,
200,0.938,2.081
201,0.9840000000000001,2.74
202,1.057,2.0540000000000003
203,1.1179999999999999,2.043
204,1.218,2.033
205,1.286,2.024
206,1.3869999999999998,2.021
207,0.764,2.0180000000000002
208,0.963,2.556
209,0.47100000000000003,1.176
210,0.8370000000000001,2.035
211,0.98,2.432
212,0.8170000000000001,2.259
213,1.08,2.222
214,0.7959999999999999,1.895
215,0.813,2.805
216,1.252,2.792
217,1.308,3.292
218,1.375,2.923
219,1.249,3.111
220,0.027000000000000003,0.075
221,0.03,0.083
222,0.027999999999999997,0.08
223,0.027999999999999997,0.076
224,0.034,0.092
225,0.066,0.1
226,0.129,0.102
227,0.124,0.133
228,0.073,0.193
229,0.105,0.278
230,0.139,0.33899999999999997
231,0.14800000000000002,0.365
232,0.20199999999999999,0.446
233,0.297,0.585
234,0.287,0.537
235,0.326,0.64
236,0.42,0.8420000000000001
237,0.782,1.743
238,0.8029999999999999,1.615
239,1.04,1.6440000000000001
240,1.044,2.9
241,1.075,2.967
242,1.138,3.12
243,1.192,3.247
244,1.4969999999999999,4.052
245,2.106,5.665
246,2.9530000000000003,7.891
247,3.485,9.26
248,4.416,11.662
249,5.44,15.807
250,6.494,21.105
251,8.353,25.833000000000002
252,10.437999999999999,31.011999999999997
253,11.657,33.915
254,12.254000000000001,36.051
255,14.499,39.736999999999995
256,14.339,41.174
257,15.857000000000001,45.183
258,17.139,48.096000000000004
259,18.765,52.273
260,0.002,
261,0.002,
262,0.002,
263,0.002,
264,0.001,
265,0.001,
266,0.005,
267,0.004,
268,0.004,
269,0.002,
270,0.002,
271,0.002,
272,0.002,
273,0.003,
274,0.003,
275,0.006999999999999999,
276,0.01,
277,0.006,
278,0.005,
279,0.005,
280,2.0069999999999997,
281,2.162,
282,2.235,
283,2.021,
284,2.1830000000000003,
285,2.001,
286,2.195,
287,2.358,
288,2.384,
289,2.394,
290,2.24,
291,2.412,
292,2.4130000000000003,
293,2.6039999999999996,
294,2.33,
295,2.659,
296,1.926,
297,2.421,
298,2.968,
299,3.748,
300,5.043,
301,5.129,
302,5.215,
303,4.456,
304,5.919,
305,5.938,
306,5.797999999999999,
307,3.9610000000000003,
308,4.8180000000000005,
309,6.1770000000000005,
310,7.9460000000000015,
311,4.343999999999999,
312,4.1739999999999995,
313,7.165,
314,5.8770000000000024,
315,5.496,
316,5.6110000000000015,
317,3.78,
318,6.4860000000000015,
319,6.315,
320,0.0,
321,0.0,
322,0.0,
323,0.0,
324,0.0,
325,0.0,
326,0.0,
327,0.0,
328,0.0,
329,0.0,
330,0.0,
331,0.0,
332,0.001,
333,0.002,
334,0.003,
335,0.003,
336,0.005,
337,0.005,
338,0.005,
339,0.005,
340,309.205,935.077
341,274.212,828.2610000000003
342,293.51099999999997,885.029
343,314.515,933.972
344,330.126,979.0369999999999
345,347.76599999999996,1027.529
346,360.277,1050.047
347,388.945,1150.505
348,386.515,1174.049
349,410.918,1245.798
350,432.92900000000003,1307.614
351,459.191,1354.0179999999998
352,451.89099999999996,1319.12
353,434.42900000000003,1292.25
354,428.619,1288.307
355,427.281,1312.795
356,461.61300000000006,1372.8339999999996
357,462.93800000000016,1378.9470000000001
358,490.92800000000005,1476.014
359,511.05300000000005,1550.999
360,2.6310000000000002,7.425
361,1.651,4.794
362,2.116,6.016
363,2.995,8.252
364,3.14,8.579
365,4.302,11.679
366,4.2330000000000005,11.380999999999998
367,2.877,7.758999999999999
368,2.93,7.819
369,3.679,9.754
370,5.763,15.091
371,3.889,10.197000000000001
372,5.278,13.720999999999998
373,6.8820000000000014,17.734
374,7.385,18.804000000000002
375,8.76,22.176
376,7.045,17.872
377,6.131,15.328
378,9.3,23.114
379,7.172999999999999,19.101
380,0.047,
381,0.031,
382,0.03,
383,0.049,
384,0.042,
385,0.059000000000000004,
386,0.065,
387,0.065,
388,0.062,
389,0.057999999999999996,
390,0.055,
391,0.07400000000000001,
392,0.535,
393,1.02,
394,1.8530000000000002,
395,2.021,
396,2.638,
397,2.763,
398,4.77,
399,4.119,
400,3.408,
401,3.4389999999999996,
402,3.15,
403,3.4930000000000003,
404,3.8810000000000002,
405,3.734,
406,4.496,
407,3.885,
408,4.2669999999999995,
409,4.047,
410,4.277,
411,4.417,
412,4.2810000000000015,
413,4.402,
414,4.408,
415,4.36,
416,4.378,
417,5.093,
418,5.032,
419,5.401,
420,363.46,1016.55
421,338.9840000000001,942.567
422,356.55800000000005,986.408
423,344.009,943.363
424,347.244,945.185
425,369.001,1002.4639999999999
426,360.582,978.8380000000001
427,375.434,1014.5830000000001
428,384.642,1036.06
429,381.463,1017.943
430,368.92699999999996,976.253
431,394.43300000000005,1043.347
432,401.106,1056.945
433,419.705,1083.888
434,414.21,1057.682
435,417.339,1088.454
436,426.154,1104.927
437,437.096,1123.138
438,429.615,1098.915
439,423.82,1091.247
440,20.494,56.821999999999996
441,22.868000000000002,64.495
442,23.993000000000002,68.48
443,23.271,66.21600000000001
444,23.796999999999997,62.276
445,28.015,73.62899999999998
446,30.276,79.26100000000002
447,25.604,66.518
448,27.072,73.62899999999998
449,29.396,75.16199999999998
450,24.22,66.48100000000001
451,25.948,65.207
452,25.24,68.39699999999999
453,26.0,70.036
454,30.061999999999998,76.186
455,32.368,82.62799999999999
456,33.801,79.002
457,34.374,90.741
458,37.507,102.47399999999999
459,36.44,105.104
460,32.255,86.98200000000001
461,31.982,88.67399999999998
462,34.125,94.49700000000001
463,36.314,99.92299999999999
464,40.202,105.186
465,39.964,107.01899999999999
466,42.915,115.39
467,44.589,119.09
468,46.537,123.47200000000001
469,41.246,110.103
470,42.46100000000001,109.036
471,50.43600000000001,129.541
472,49.122,126.874
473,50.87300000000001,117.559
474,48.817,118.838
475,49.53,118.24
476,50.12600000000001,123.199
477,62.263999999999996,148.726
478,60.855,146.614
479,55.496,133.554
480,0.292,
481,0.331,
482,0.392,
483,0.33899999999999997,
484,0.327,
485,0.35100000000000003,
486,0.368,
487,0.332,
488,0.371,
489,0.327,
490,0.426,
491,0.7829999999999999,
492,0.977,
493,0.961,
494,0.9420000000000001,
495,1.088,
496,1.117,
497,1.192,
498,1.228,
499,1.274,
500,6.7929999999999975,
501,6.784,
502,7.3039999999999985,
503,7.138,
504,7.901,
505,7.902,
506,8.084,
507,8.251,
508,8.724,
509,8.788,
510,8.87,
511,8.894,
512,9.273,
513,8.97,
514,9.107000000000001,
515,10.623,
516,10.610999999999999,
517,11.184000000000001,
518,11.258,
519,11.296,
520,6.454,17.928
521,7.18,19.817999999999998
522,5.851,16.043
523,5.4579999999999975,14.87
524,7.632999999999999,20.663
525,7.06,18.991
526,6.647,17.767
527,4.742,12.595999999999998
528,5.841,15.421
529,7.487999999999999,19.645
530,9.298,24.243000000000002
531,5.287000000000001,13.706
532,5.2620000000000005,13.554
533,9.276,23.747
534,9.936,25.289
535,7.508999999999999,18.999000000000002
536,8.363,21.034000000000002
537,7.1160000000000005,17.789
538,9.781,24.31
539,8.298,20.343
540,1.033,
541,1.005,
542,1.045,
543,0.848,
544,0.877,
545,0.488,
546,0.5,
547,0.5379999999999999,
548,0.711,
549,0.7040000000000001,
550,0.563,
551,0.574,
552,0.6829999999999999,
553,0.8320000000000001,
554,0.777,
555,0.8009999999999999,
556,0.809,
557,0.785,
558,0.757,
559,0.706,
560,0.0,0.0
561,0.0,0.0
562,0.0,0.0
563,0.0,0.0
564,0.001,0.002
565,0.001,0.002
566,0.002,0.004
567,0.004,0.009000000000000001
568,0.013999999999999999,0.040999999999999995
569,0.031,0.08199999999999999
570,0.073,0.19
571,0.17800000000000002,0.461
572,0.257,0.662
573,0.327,0.8370000000000001
574,0.317,0.809
575,0.4,1.011
576,0.425,1.068
577,0.435,1.088
578,0.47700000000000004,1.153
579,0.496,1.272
580,5.572,15.478
581,5.846,16.134
582,6.789,18.615
583,8.078,22.004
584,9.519,25.776999999999997
585,9.812000000000001,26.396
586,9.201,24.601
587,10.305,27.378
588,10.096,26.653000000000002
589,10.062999999999999,26.401
590,12.429,32.41
591,14.181,36.75
592,14.837,38.217
593,15.968,40.881
594,17.984,45.785
595,18.937,47.95399999999999
596,18.39,46.417
597,21.813000000000002,54.793
598,20.766,51.977
599,22.613000000000003,58.38399999999999
600,0.792,
601,0.7340000000000001,
602,0.91,
603,1.238,
604,1.67,
605,1.913,
606,1.7790000000000001,
607,1.739,
608,1.413,
609,1.492,
610,1.51,
611,1.62,
612,1.959,
613,2.21,
614,1.6540000000000001,
615,1.33,
616,1.973,
617,2.8560000000000003,
618,2.698,
619,2.487,
620,7.532999999999999,21.142
621,7.0,19.512999999999998
622,7.45,20.631
623,7.109,19.562
624,7.337999999999999,20.072
625,6.864,18.79
626,7.737,19.445999999999998
627,9.897,24.59
628,11.392000000000001,30.369
629,9.35,24.779
630,8.789,23.141
631,11.302999999999999,29.581
632,12.414000000000001,32.292
633,11.289000000000001,29.174
634,11.838,30.421
635,13.509,34.503
636,16.288,41.358999999999995
637,20.456,51.576
638,21.017,52.75100000000001
639,24.997,62.824
640,14.011,39.608000000000004
641,15.511,40.274
642,13.254000000000001,38.957
643,13.582,36.032
644,13.366,36.102
645,13.395999999999999,35.385999999999996
646,13.745,35.792
647,16.526,39.528
648,15.795,42.308
649,14.177,38.858000000000004
650,14.936,37.516999999999996
651,14.863,38.171
652,14.661,38.296
653,15.08,37.99
654,15.693,37.549
655,15.954,39.515
656,15.812999999999999,40.571
657,15.84,39.583
658,16.945,42.016999999999996
659,19.329,49.177
660,1.969,
661,2.137,
662,2.1430000000000002,
663,2.5180000000000002,
664,2.4459999999999997,
665,2.804,
666,3.24,
667,3.261,
668,3.612,
669,3.153,
670,3.7889999999999997,
671,3.719,
672,3.637,
673,3.69,
674,3.6180000000000003,
675,3.154,
676,3.1639999999999997,
677,3.603,
678,3.6,
679,3.5780000000000003,
680,0.002,
681,0.002,
682,0.005,
683,0.006999999999999999,
684,0.006999999999999999,
685,0.077,
686,0.077,
687,0.077,
688,0.052000000000000005,
689,0.052000000000000005,
690,0.027999999999999997,
691,0.027999999999999997,
692,0.08,
693,0.251,
694,0.379,
695,0.561,
696,0.565,
697,0.434,
698,0.58,
699,0.586,
700,0.001,
701,0.001,
702,0.001,
703,0.001,
704,0.001,
705,0.001,
706,0.002,
707,0.002,
708,0.002,
709,0.002,
710,0.004,
711,0.004,
712,0.004,
713,0.004,
714,0.004,
715,0.004,
716,0.004,
717,0.013000000000000001,
718,0.045,
719,0.062,
720,0.018000000000000002,0.05
721,0.018000000000000002,0.05
722,0.03,0.094
723,0.049,0.12300000000000001
724,0.06,0.16399999999999998
725,0.111,0.293
726,0.13,0.34299999999999997
727,0.146,0.396
728,0.198,0.525
729,0.54,1.42
730,1.044,2.728
731,1.18,3.0610000000000004
732,1.476,3.805
733,1.22,3.1319999999999997
734,1.389,3.4960000000000004
735,1.5019999999999998,3.863
736,1.524,3.833
737,1.801,6.114
738,1.989,4.758
739,2.077,4.837
740,1.679,
741,2.017,
742,2.048,
743,2.305,
744,2.545,
745,2.858,
746,3.281,
747,3.395,
748,3.326,
749,3.562,
750,4.96,
751,6.2829999999999995,
752,7.546,
753,8.652999999999999,
754,9.47,
755,10.385,
756,12.464,
757,13.137,
758,13.47,
759,14.574000000000002,
760,23.379,64.626
761,21.549,59.148999999999994
762,19.831,54.1
763,19.065,51.637
764,25.631999999999998,69.107
765,23.469,62.44300000000001
766,22.467,59.722
767,24.324,64.435
768,27.781,74.115
769,21.701,58.489
770,24.195,64.46
771,24.177,64.587
772,28.559,75.439
773,25.63,67.757
774,26.271,71.759
775,30.526999999999997,82.01100000000002
776,30.412,78.083
777,31.476999999999997,81.197
778,32.14,81.567
779,31.18,79.72800000000002
780,69.403,196.472
781,77.73899999999998,218.27599999999998
782,64.207,179.96599999999995
783,63.056999999999995,175.38299999999995
784,63.94,177.00900000000001
785,56.325,158.155
786,62.34,174.69299999999996
787,65.908,191.312
788,73.82600000000002,221.238
789,69.658,210.90200000000002
790,78.196,231.485
791,66.02600000000001,194.14700000000002
792,85.208,243.56900000000002
793,99.28299999999999,278.372
794,93.961,266.37
795,91.83200000000001,259.194
796,99.01299999999999,277.751
797,92.617,260.218
798,113.397,308.631
799,112.397,315.467
800,0.802,
801,0.8759999999999999,
802,0.9209999999999999,
803,0.898,
804,0.8909999999999999,
805,0.8109999999999999,
806,0.943,
807,0.8,
808,0.893,
809,0.9440000000000001,
810,0.907,
811,0.8420000000000001,
812,0.912,
813,0.9390000000000001,
814,0.7979999999999999,
815,0.9209999999999999,
816,0.956,
817,0.9329999999999999,
818,0.905,
819,0.9,
820,5.801,
821,5.487,
822,6.699,
823,6.461,
824,5.989,
825,6.1739999999999995,
826,5.2620000000000005,
827,6.75,
828,7.09,
829,7.337999999999999,
830,9.273,
831,7.811,
832,7.151,
833,8.187999999999999,
834,8.252,
835,8.369,
836,9.245,
837,9.206,
838,9.934,
839,8.927999999999997,
840,37.84,111.37700000000001
841,39.0,111.337
842,46.1,130.843
843,46.1,132.3
844,57.5,164.12900000000005
845,63.5,188.168
846,72.5,223.5
847,89.4,270.939
848,94.2,278.119
849,95.93799999999999,281.551
850,105.2,306.26599999999996
851,124.1,354.795
852,143.1,404.82099999999997
853,152.3,421.832
854,162.6,446.952
855,188.8,508.851
856,189.7,508.319
857,216.5,572.716
858,224.9,591.822
859,242.4,638.183
860,6.558,
861,6.557,
862,5.0,
863,3.86,
864,5.242000000000001,
865,5.5870000000000015,
866,5.5729999999999995,
867,3.7,
868,6.149,
869,6.824,
870,6.942,
871,7.501,
872,8.006,
873,8.17,
874,8.326,
875,5.809,
876,5.551,
877,5.605,
878,6.0070000000000014,
879,6.063,
880,4.144,11.511
881,2.932,8.092
882,3.577,9.808
883,5.892,16.052
884,5.9179999999999975,16.017
885,6.4060000000000015,17.230999999999998
886,7.68,20.526
887,4.595,12.203
888,5.751,15.179
889,8.185,21.473000000000006
890,10.522,27.435
891,8.144,21.101999999999997
892,10.151,26.147
893,14.35,36.736999999999995
894,12.175999999999998,30.989
895,14.85,37.567
896,14.892999999999999,37.453
897,13.800999999999998,34.503
898,16.148,40.135
899,15.807,38.541
900,3.283,
901,2.964,
902,2.752,
903,4.277,
904,4.169,
905,4.3180000000000005,
906,4.606,
907,4.711,
908,4.794,
909,4.3069999999999995,
910,5.629,
911,5.864,
912,6.4239999999999995,
913,6.994,
914,7.392,
915,6.718999999999999,
916,7.354,
917,8.984,
918,8.658999999999999,
919,8.064,
920,0.040999999999999995,
921,0.047,
922,0.055999999999999994,
923,0.051,
924,0.055999999999999994,
925,0.045,
926,0.045,
927,0.047,
928,0.045,
929,0.046,
930,0.01,
931,0.013000000000000001,
932,0.019,
933,0.022000000000000002,
934,0.022000000000000002,
935,0.028999999999999998,
936,0.022000000000000002,
937,0.019,
938,0.019,
939,0.013999999999999999,
940,0.28,
941,0.28,
942,0.257,
943,0.252,
944,0.257,
945,0.262,
946,0.268,
947,0.152,
948,0.179,
949,0.205,
950,0.17600000000000002,
951,0.121,
952,0.221,
953,0.142,
954,0.091,
955,0.085,
956,0.071,
957,0.127,
958,0.196,
959,0.23399999999999999,
960,2.238,
961,1.8940000000000001,
962,1.61,
963,1.76,
964,1.4609999999999999,
965,1.86,
966,2.191,
967,2.3369999999999997,
968,2.465,
969,2.937,
970,3.495,
971,3.4410000000000003,
972,3.638,
973,3.623,
974,3.358,
975,3.923,
976,4.579,
977,5.557,
978,6.365,
979,6.808,
980,0.243,0.675
981,0.257,0.7090000000000001
982,0.237,0.65
983,0.336,0.915
984,0.9359999999999999,2.5340000000000003
985,1.87,5.03
986,1.494,3.991
987,1.882,5.002
988,2.3569999999999998,6.222
989,2.895,7.595
990,3.0189999999999997,7.856
991,2.708,7.018
992,2.6460000000000004,6.819
993,2.787,7.138
994,3.1510000000000002,8.017999999999999
995,3.2289999999999996,8.169
996,3.258,8.193
997,3.4819999999999998,8.703
998,3.753,9.298
999,4.73,11.084000000000001
1000,7.615,21.314
1001,7.962999999999999,22.143
1002,8.34,23.035
1003,8.423,23.122
1004,8.548,23.31900000000001
1005,8.611,23.333000000000002
1006,9.853,26.52
1007,11.890999999999998,31.807
1008,16.340999999999998,43.465
1009,16.709,44.159
1010,16.744,44.475
1011,16.849,44.595
1012,17.293,45.193999999999996
1013,17.995,46.375
1014,17.8,46.113
1015,18.554000000000002,47.54600000000001
1016,18.169,46.64
1017,18.844,48.091
1018,19.43,49.278
1019,19.262,48.245
1020,76.755,223.248
1021,77.033,210.593
1022,72.27600000000002,199.877
1023,85.464,203.65200000000002
1024,96.009,295.973
1025,105.949,289.51
1026,123.069,341.441
1027,136.238,377.07
1028,138.327,367.38599999999997
1029,136.014,352.61800000000005
1030,145.82399999999996,371.945
1031,174.62099999999995,450.751
1032,168.59799999999996,426.26599999999996
1033,192.275,481.82300000000004
1034,199.063,514.809
1035,188.58700000000002,503.094
1036,199.483,525.5169999999998
1037,223.857,588.75
1038,254.535,653.641
1039,286.385,736.188
1040,14.790999999999999,41.357
1041,17.578,48.818999999999996
1042,16.083,44.354
1043,15.317,41.958
1044,16.252,44.231
1045,17.244,46.641999999999996
1046,16.217,43.58
1047,18.23,49.086999999999996
1048,19.769000000000002,52.815
1049,20.628,56.218
1050,26.738000000000003,72.085
1051,21.888,60.047
1052,22.366999999999997,63.70399999999999
1053,26.354,77.26
1054,26.018,81.325
1055,24.796999999999997,69.175
1056,30.971999999999998,102.079
1057,32.074,102.819
1058,49.13399999999999,112.294
1059,47.663000000000004,150.75
1060,0.605,8.879
1061,0.612,10.214
1062,0.512,12.503
1063,0.429,12.957
1064,0.488,15.565
1065,5.94,13.164000000000001
1066,6.035,13.34
1067,5.678999999999999,12.129000000000001
1068,3.45,7.74
1069,3.195,7.425
1070,4.718,9.426
1071,3.363,8.81
1072,4.348,11.325
1073,4.755,11.918
1074,2.9589999999999996,7.3610000000000015
1075,2.5780000000000003,6.586
1076,3.3939999999999997,8.622
1077,2.211,5.5829999999999975
1078,1.857,4.66
1079,2.51,6.277
1080,1.186,3.292
1081,1.0270000000000001,2.8339999999999996
1082,1.382,3.787
1083,1.138,3.1010000000000004
1084,1.3940000000000001,3.7739999999999996
1085,1.8730000000000002,5.04
1086,2.475,6.6160000000000005
1087,2.795,7.425
1088,3.5869999999999997,9.471
1089,4.109,10.78
1090,3.7289999999999996,9.725
1091,5.4239999999999995,14.057
1092,5.256,13.532
1093,5.627999999999999,14.397
1094,6.392,16.254
1095,7.8610000000000015,19.88
1096,7.513,18.902
1097,8.879,22.191999999999997
1098,10.195,25.337
1099,11.209000000000001,28.465
1100,0.031,0.086
1101,0.02,0.055
1102,0.032,0.08800000000000001
1103,0.043,0.11699999999999999
1104,0.039,0.106
1105,0.039,0.105
1106,0.025,0.067
1107,0.024,0.064
1108,0.032,0.084
1109,0.099,0.26
1110,0.16,0.44299999999999995
1111,0.281,0.78
1112,0.461,1.247
1113,0.607,1.4609999999999999
1114,0.9570000000000001,2.344
1115,1.317,3.1860000000000004
1116,1.761,4.282
1117,1.729,4.227
1118,1.8090000000000002,4.379
1119,2.832,7.2
1120,50.879,141.333
1121,54.348,149.984
1122,48.316,132.47899999999998
1123,46.865,127.68
1124,53.872,148.583
1125,48.44,132.22799999999998
1126,50.63399999999999,137.523
1127,47.715,128.72
1128,58.163999999999994,161.55200000000005
1129,69.25399999999999,194.62
1130,76.96300000000002,216.595
1131,82.96,230.71400000000003
1132,92.221,255.088
1133,112.001,301.493
1134,120.67,319.6670000000001
1135,108.89399999999999,287.377
1136,108.01100000000001,282.481
1137,103.88600000000001,270.806
1138,114.402,296.093
1139,117.079,288.399
1140,0.217,
1141,0.14400000000000002,
1142,0.124,
1143,0.147,
1144,0.201,
1145,0.23600000000000002,
1146,0.256,
1147,0.247,
1148,0.258,
1149,0.223,
1150,0.223,
1151,0.26899999999999996,
1152,0.284,
1153,0.26,
1154,0.287,
1155,0.28300000000000003,
1156,0.345,
1157,0.51,
1158,0.544,
1159,0.561,
1160,125.398,280.645
1161,122.919,271.33099999999996
1162,122.74600000000001,270.48400000000004
1163,137.851,305.495
1164,137.534,304.355
1165,124.98299999999999,276.486
1166,137.313,305.962
1167,125.323,270.301
1168,121.83,269.245
1169,122.695,255.17
1170,142.58700000000005,308.2870000000001
1171,146.116,294.106
1172,140.57399999999998,286.757
1173,152.118,308.638
1174,166.545,340.76
1175,183.412,389.61699999999996
1176,188.028,357.42900000000014
1177,208.35,402.741
1178,216.343,441.82800000000003
1179,225.53799999999998,483.082
1180,0.042,
1181,0.046,
1182,0.06,
1183,0.05,
1184,0.061,
1185,0.064,
1186,0.059000000000000004,
1187,0.07200000000000001,
1188,0.073,
1189,0.068,
1190,0.07200000000000001,
1191,0.065,
1192,0.069,
1193,0.061,
1194,0.063,
1195,0.179,
1196,0.858,
1197,1.3980000000000001,
1198,2.188,
1199,2.717,
1200,7.456,20.92
1201,8.0,22.302
1202,8.801,24.375
1203,8.539,23.496
1204,7.976,21.809
1205,7.777,21.131999999999998
1206,7.691,20.764
1207,8.09,21.705
1208,7.386,19.692
1209,6.811,18.047
1210,7.943,20.916
1211,7.805,20.43
1212,7.564,19.679000000000002
1213,7.6610000000000005,19.805999999999997
1214,8.291,21.065
1215,9.429,23.9
1216,11.92,30.142
1217,11.6,29.112
1218,11.137,27.104
1219,10.629000000000001,26.69
1220,2.057,
1221,3.175,
1222,3.79,
1223,4.33,
1224,4.191,
1225,4.316,
1226,4.574,
1227,4.8,
1228,4.137,
1229,3.734,
1230,5.081,
1231,5.12,
1232,6.007999999999999,
1233,5.915,
1234,6.404,
1235,8.488999999999999,
1236,8.011000000000001,
1237,8.175,
1238,9.652000000000001,
1239,10.192,
1240,0.0,0.0
1241,0.0,0.0
1242,0.0,0.0
1243,0.0,0.0
1244,0.0,0.0
1245,0.0,0.0
1246,0.0,0.0
1247,0.0,0.0
1248,0.0,0.0
1249,0.0,0.0
1250,0.0,0.0
1251,0.0,0.0
1252,0.0,0.0
1253,0.004,0.0
1254,0.006999999999999999,0.008
1255,0.009000000000000001,0.013000000000000001
1256,0.053,0.12300000000000001
1257,0.067,0.166
1258,0.084,0.207
1259,0.158,0.396
1260,13.546,
1261,12.306,
1262,10.679,
1263,13.380999999999998,
1264,13.953,
1265,12.66,
1266,12.347000000000001,
1267,12.609000000000002,
1268,10.023,
1269,10.115,
1270,10.997,
1271,13.998,
1272,14.037,
1273,12.995999999999999,
1274,13.165,
1275,10.989,
1276,11.379000000000001,
1277,14.061,
1278,14.175,
1279,13.706,
1280,2.824,7.8439999999999985
1281,2.839,7.835
1282,2.485,6.814
1283,2.339,6.37
1284,3.196,8.652000000000001
1285,3.4139999999999997,9.186
1286,2.787,7.45
1287,2.8280000000000003,7.5120000000000005
1288,3.213,8.479
1289,3.555,9.321
1290,3.635,9.478
1291,3.076,7.977
1292,4.109,10.550999999999998
1293,3.533,9.046
1294,2.802,7.035
1295,2.7769999999999997,7.0429999999999975
1296,3.4819999999999998,8.757
1297,5.4620000000000015,13.654000000000002
1298,3.4989999999999997,8.695
1299,3.135,8.021
1300,0.445,
1301,0.33,
1302,0.6709999999999999,
1303,1.349,
1304,1.109,
1305,1.036,
1306,0.688,
1307,0.579,
1308,0.369,
1309,0.616,
1310,0.8320000000000001,
1311,0.7979999999999999,
1312,0.9990000000000001,
1313,1.263,
1314,0.204,
1315,0.495,
1316,0.41200000000000003,
1317,0.45799999999999996,
1318,0.419,
1319,0.387,
1320,0.0,
1321,0.0,
1322,0.0,
1323,0.0,
1324,0.0,
1325,0.0,
1326,0.0,
1327,0.0,
1328,0.0,
1329,0.0,
1330,0.006,
1331,0.006,
1332,0.006999999999999999,
1333,0.008,
1334,0.008,
1335,0.008,
1336,0.008,
1337,0.008,
1338,0.008,
1339,0.008,
1340,0.34,0.943
1341,0.32799999999999996,0.904
1342,0.35700000000000004,0.9790000000000001
1343,0.332,0.905
1344,0.428,1.158
1345,0.45899999999999996,1.236
1346,0.436,1.165
1347,0.5820000000000001,1.5419999999999998
1348,0.602,1.589
1349,0.684,1.794
1350,0.9109999999999999,2.375
1351,1.113,2.8819999999999997
1352,1.183,3.0460000000000003
1353,1.525,3.906
1354,1.511,3.843
1355,1.679,4.249
1356,2.095,5.252000000000002
1357,2.5380000000000003,6.341
1358,2.205,5.331
1359,2.439,6.039
1360,0.171,0.474
1361,0.168,0.46299999999999997
1362,0.151,0.415
1363,0.141,0.385
1364,0.195,0.528
1365,0.209,0.562
1366,0.24600000000000002,0.657
1367,0.265,0.703
1368,0.282,0.745
1369,0.268,0.703
1370,0.268,0.6990000000000001
1371,0.24600000000000002,0.637
1372,0.308,0.7929999999999999
1373,0.37,0.948
1374,0.39799999999999996,1.012
1375,0.431,1.09
1376,0.457,1.15
1377,0.6,1.501
1378,0.684,1.7009999999999998
1379,0.684,1.9180000000000001
1380,7.34,21.014
1381,6.371,18.325
1382,5.247999999999998,15.956
1383,5.693,15.002
1384,5.769,16.646
1385,5.138999999999999,17.752
1386,6.377999999999999,18.569000000000006
1387,6.433,17.840999999999994
1388,7.396,22.712
1389,8.067,21.730999999999998
1390,7.4270000000000005,19.878
1391,8.631,24.861
1392,9.839,27.714000000000002
1393,12.97,33.394
1394,14.335999999999999,36.413000000000004
1395,16.39,37.815
1396,21.223000000000006,53.047
1397,27.618000000000002,69.85300000000001
1398,27.956999999999997,69.027
1399,29.081999999999997,71.139
1400,0.0,
1401,0.0,
1402,0.0,
1403,0.0,
1404,0.0,
1405,0.0,
1406,0.0,
1407,0.0,
1408,0.0,
1409,0.0,
1410,0.001,
1411,0.01,
1412,0.026000000000000002,
1413,0.035,
1414,0.075,
1415,0.102,
1416,0.136,
1417,0.172,
1418,0.19899999999999998,
1419,0.19899999999999998,
1420,0.505,
1421,0.52,
1422,0.515,
1423,0.547,
1424,0.5710000000000001,
1425,0.5429999999999999,
1426,0.496,
1427,0.523,
1428,0.593,
1429,0.607,
1430,0.653,
1431,0.551,
1432,0.578,
1433,0.594,
1434,0.595,
1435,0.68,
1436,0.6629999999999999,
1437,0.623,
1438,0.648,
1439,0.636,
1440,40.400999999999996,109.61
1441,36.319,95.787
1442,32.605,85.81299999999997
1443,28.44400000000001,73.997
1444,34.075,88.81299999999996
1445,37.783,97.523
1446,39.176,102.585
1447,37.041,96.223
1448,46.828,126.145
1449,34.425,92.663
1450,45.128,120.78399999999999
1451,44.526,118.54899999999999
1452,42.004,110.542
1453,39.08,102.728
1454,52.253,135.999
1455,46.67,121.77799999999999
1456,47.498999999999995,124.545
1457,50.543,130.77100000000002
1458,54.007,140.868
1459,55.36,154.825
1460,0.0,
1461,0.0,
1462,0.0,
1463,0.0,
1464,0.0,
1465,0.004,
1466,0.004,
1467,0.004,
1468,0.006999999999999999,
1469,0.022000000000000002,
1470,0.044000000000000004,
1471,0.061,
1472,0.06,
1473,0.122,
1474,0.2,
1475,0.221,
1476,0.247,
1477,0.41600000000000004,
1478,0.457,
1479,0.513,
1480,0.0,
1481,0.0,
1482,0.0,
1483,0.0,
1484,0.0,
1485,0.0,
1486,1.733,
1487,1.271,
1488,1.524,
1489,2.05,
1490,2.7230000000000003,
1491,1.192,
1492,1.462,
1493,2.479,
1494,1.734,
1495,1.476,
1496,1.825,
1497,1.111,
1498,2.235,
1499,2.5069999999999997,
1500,0.775,2.1719999999999997
1501,1.068,2.948
1502,1.036,2.841
1503,1.6440000000000001,4.481
1504,1.791,4.846
1505,1.175,3.15
1506,1.171,3.116
1507,1.185,3.137
1508,1.218,3.205
1509,2.9330000000000003,7.7639999999999985
1510,4.092,10.76
1511,2.676,6.9910000000000005
1512,2.3480000000000003,6.0760000000000005
1513,4.118,10.241
1514,3.5460000000000003,9.062999999999999
1515,4.396,11.157
1516,4.655,11.712
1517,4.636,11.587
1518,6.481,16.116
1519,7.933,18.679000000000002
1520,9.562999999999999,
1521,11.737,
1522,12.579,
1523,10.8,
1524,11.589,
1525,13.175999999999998,
1526,14.610999999999999,
1527,15.943,
1528,15.012,
1529,16.825,
1530,16.535,
1531,16.71,
1532,15.062000000000001,
1533,14.464,
1534,16.086,
1535,17.099,
1536,15.51,
1537,13.98,
1538,13.845,
1539,12.761,
1540,,
1541,,
1542,,
1543,,
1544,,
1545,,
1546,,
1547,,
1548,,
1549,,
1550,,
1551,,
1552,,
1553,,
1554,,
1555,,
1556,,
1557,,
1558,,
1559,,
1560,1.3659999999999999,
1561,1.3559999999999999,
1562,1.446,
1563,1.4969999999999999,
1564,1.5859999999999999,
1565,1.641,
1566,1.59,
1567,1.56,
1568,1.476,
1569,1.396,
1570,1.2429999999999999,
1571,1.399,
1572,1.6059999999999999,
1573,1.2819999999999998,
1574,1.5,
1575,1.527,
1576,1.403,
1577,1.608,
1578,1.1640000000000001,
1579,1.045,
1580,1.6159999999999999,
1581,1.831,
1582,2.0980000000000003,
1583,2.24,
1584,2.378,
1585,2.492,
1586,2.708,
1587,2.764,
1588,2.786,
1589,3.083,
1590,3.179,
1591,3.466,
1592,3.511,
1593,3.487,
1594,3.7739999999999996,
1595,3.443,
1596,4.22,
1597,4.67,
1598,4.941,
1599,5.42,
1600,2.971,8.312000000000001
1601,3.302,9.144
1602,3.975,10.911
1603,3.9619999999999997,10.811
1604,5.307,14.402999999999999
1605,7.447,20.082
1606,8.05,22.044
1607,7.5829999999999975,24.057
1608,9.531,28.393
1609,10.835,32.836
1610,11.197000000000001,31.976
1611,12.32,35.802
1612,12.481,36.273
1613,12.106,35.05
1614,11.648,34.226
1615,13.685,38.449
1616,14.777000000000001,40.107
1617,17.437,48.332
1618,18.884,54.214
1619,22.715,63.785
1620,27.881,77.874
1621,24.98,69.339
1622,28.118000000000002,77.335
1623,26.759,73.227
1624,30.357,83.41799999999998
1625,27.44400000000001,74.16199999999998
1626,27.95,75.068
1627,28.505,76.118
1628,27.993000000000002,74.28
1629,30.97,81.632
1630,32.285,85.484
1631,33.233000000000004,87.45200000000001
1632,31.22300000000001,81.741
1633,31.53,82.045
1634,33.827,87.536
1635,34.754,89.439
1636,36.135,92.414
1637,35.176,89.46600000000002
1638,36.319,91.486
1639,35.769,90.12
1640,0.375,
1641,0.435,
1642,0.606,
1643,0.696,
1644,0.7040000000000001,
1645,0.9009999999999999,
1646,0.807,
1647,0.7879999999999999,
1648,1.192,
1649,1.068,
1650,1.351,
1651,1.301,
1652,1.7309999999999999,
1653,2.176,
1654,2.394,
1655,2.293,
1656,2.392,
1657,2.529,
1658,2.7310000000000003,
1659,2.832,
1660,0.0,
1661,0.0,
1662,0.0,
1663,0.0,
1664,0.0,
1665,0.0,
1666,0.0,
1667,0.0,
1668,0.0,
1669,0.0,
1670,0.0,
1671,0.0,
1672,0.0,
1673,0.004,
1674,0.004,
1675,0.004,
1676,0.005,
1677,0.006,
1678,0.024,
1679,0.024,
1680,5.699,
1681,5.8629999999999995,
1682,8.165,
1683,7.3870000000000005,
1684,8.04,
1685,7.7029999999999985,
1686,6.212999999999999,
1687,6.178,
1688,5.6770000000000005,
1689,4.497,
1690,6.327000000000001,
1691,5.841,
1692,5.64,
1693,5.316,
1694,5.34,
1695,5.712999999999999,
1696,8.124,
1697,7.726,
1698,6.45,
1699,6.6960000000000015,
1700,140.727,394.749
1701,119.62700000000001,333.245
1702,128.47899999999998,355.537
1703,105.08,288.88
1704,108.404,296.1620000000001
1705,135.222,367.26
1706,119.28,321.824
1707,133.684,358.43800000000016
1708,139.05100000000002,370.52
1709,125.309,331.8540000000001
1710,117.598,307.62
1711,121.50200000000001,315.955
1712,143.17700000000005,369.93300000000005
1713,130.032,333.96
1714,137.52700000000002,351.009
1715,139.649,354.38599999999997
1716,144.785,364.119
1717,144.958,362.65
1718,142.455,355.801
1719,129.655,324.7990000000001
1720,0.0,0.0
1721,0.0,0.0
1722,0.0,0.0
1723,0.0,0.0
1724,0.0,0.0
1725,0.0,0.0
1726,0.0,0.0
1727,0.0,0.0
1728,0.0,0.0
1729,0.0,0.0
1730,0.0,0.0
1731,0.0,0.0
1732,0.0,0.0
1733,0.001,0.003
1734,0.001,0.003
1735,0.004,0.009000000000000001
1736,0.004,0.009000000000000001
1737,0.004,0.009000000000000001
1738,0.004,0.009000000000000001
1739,0.004,0.009000000000000001
1740,18.18,51.347
1741,19.842,52.88800000000001
1742,23.32800000000001,58.618
1743,27.976,69.84899999999999
1744,26.76,73.881
1745,31.734,82.57799999999997
1746,32.75,80.859
1747,29.798000000000002,84.147
1748,29.123,72.173
1749,29.092,75.42699999999998
1750,32.769,77.76
1751,29.678,79.354
1752,31.103,27.85
1753,33.825,128.519
1754,34.84,84.775
1755,37.468,87.225
1756,36.865,94.18700000000001
1757,33.953,86.515
1758,44.208,85.175
1759,50.44600000000001,105.21
1760,3.408,
1761,2.497,
1762,3.385,
1763,2.8160000000000003,
1764,3.765,
1765,3.71,
1766,3.616,
1767,3.705,
1768,3.949,
1769,3.883,
1770,4.1739999999999995,
1771,4.08,
1772,5.36,
1773,5.1370000000000005,
1774,5.1320000000000014,
1775,6.664,
1776,7.187,
1777,7.859,
1778,8.63,
1779,9.311,
1780,52.957,
1781,44.864,
1782,47.73,
1783,51.253,
1784,51.412,
1785,50.653999999999996,
1786,53.246,
1787,53.188,
1788,54.909,
1789,54.409,
1790,53.523999999999994,
1791,57.049,
1792,59.63,
1793,59.9,
1794,54.861999999999995,
1795,55.332,
1796,64.027,
1797,59.769,
1798,59.32,
1799,49.82100000000001,
1800,16.165,45.375
1801,17.601,49.065
1802,18.054000000000002,49.978
1803,18.554000000000002,51.03
1804,17.511,47.858999999999995
1805,18.26,49.295
1806,19.882,53.308
1807,19.805,53.037
1808,19.418,51.53
1809,19.877,53.427
1810,20.516,54.041000000000004
1811,22.046999999999997,57.617
1812,21.869,58.62600000000001
1813,23.247,60.108999999999995
1814,23.728,60.972
1815,25.206,64.303
1816,25.776,64.794
1817,30.6,78.667
1818,33.086,85.074
1819,34.207,88.17399999999998
1820,19.347,53.958
1821,17.475,48.422
1822,17.205,47.368
1823,17.612000000000005,48.2
1824,18.789,51.093
1825,18.224,49.247
1826,20.359,54.687
1827,18.752,50.037
1828,20.529,54.453
1829,20.079,52.97
1830,17.744,46.471000000000004
1831,19.75,51.426
1832,20.656999999999996,53.477
1833,19.803,50.956
1834,19.719,50.413999999999994
1835,20.874000000000002,53.032
1836,21.898000000000003,55.273999999999994
1837,23.092,57.958
1838,22.66,57.974
1839,21.425,59.271
1840,2.332,6.478
1841,2.783,7.68
1842,2.767,7.5870000000000015
1843,2.25,6.476
1844,3.207,8.488
1845,3.847,10.943
1846,4.291,12.550999999999998
1847,5.428999999999999,15.585999999999999
1848,6.607,22.594
1849,8.679,30.081999999999997
1850,10.889000000000001,35.929
1851,13.137,42.03
1852,16.879,52.306000000000004
1853,17.066,52.29600000000001
1854,19.842,58.68
1855,22.684,65.05
1856,22.807,62.536
1857,24.122,67.436
1858,21.616999999999997,64.426
1859,24.505,73.445
1860,12.868,35.746
1861,15.741,43.44300000000001
1862,9.732999999999999,26.686999999999998
1863,17.703,48.236000000000004
1864,12.314,33.347
1865,8.259,22.136999999999997
1866,15.722999999999999,42.628
1867,16.218,44.523
1868,14.640999999999998,40.254
1869,18.291,50.608000000000004
1870,28.351999999999997,77.736
1871,24.115,66.061
1872,19.372,53.147
1873,29.471999999999998,78.65899999999998
1874,31.561,83.544
1875,24.372,65.741
1876,32.31,84.414
1877,22.573,59.403
1878,29.401999999999997,76.358
1879,27.791999999999998,70.84
1880,0.0,0.0
1881,0.0,0.0
1882,0.0,0.0
1883,0.0,0.0
1884,0.0,0.0
1885,0.0,0.0
1886,0.0,0.0
1887,0.0,0.0
1888,0.0,0.0
1889,0.0,0.0
1890,0.0,0.0
1891,0.11599999999999999,0.3
1892,0.11599999999999999,0.299
1893,0.11900000000000001,0.304
1894,0.122,0.309
1895,0.122,0.307
1896,0.12300000000000001,0.31
1897,0.12300000000000001,0.308
1898,0.12300000000000001,0.306
1899,0.12300000000000001,0.305
1900,14.777999999999999,41.05
1901,14.923,41.184
1902,16.049,44.005
1903,13.262,36.13
1904,16.517,44.711999999999996
1905,20.213,54.37
1906,18.36,49.078
1907,16.004,42.511
1908,17.225,45.467
1909,15.552999999999999,40.805
1910,20.3,52.935
1911,16.313,42.277
1912,14.925999999999998,38.446
1913,20.148,51.168
1914,27.125999999999998,63.743
1915,26.2,66.285
1916,26.969,67.822
1917,24.281999999999996,60.705
1918,26.195,65.102
1919,24.737,60.556999999999995
1920,0.0,0.0
1921,0.0,0.0
1922,0.0,0.0
1923,0.0,0.0
1924,0.0,0.0
1925,0.0,0.0
1926,0.0,0.0
1927,0.0,0.0
1928,0.0,0.002
1929,0.0,0.002
1930,0.0,0.011000000000000001
1931,0.0,0.013000000000000001
1932,0.024,0.061
1933,0.039,0.1
1934,0.042,0.107
1935,0.129,0.327
1936,0.129,0.325
1937,0.16,0.38799999999999996
1938,0.16,0.9470000000000001
1939,0.16,4.41
1940,0.053,
1941,0.062,
1942,0.262,
1943,0.39,
1944,0.335,
1945,0.319,
1946,0.28600000000000003,
1947,0.21899999999999997,
1948,0.27,
1949,0.29,
1950,0.327,
1951,0.33399999999999996,
1952,0.336,
1953,0.368,
1954,0.387,
1955,0.40700000000000003,
1956,0.425,
1957,0.532,
1958,0.525,
1959,0.54,
1960,0.0,
1961,0.0,
1962,0.0,
1963,0.0,
1964,0.0,
1965,0.0,
1966,10.855,
1967,9.937000000000001,
1968,9.468,
1969,10.436,
1970,11.772,
1971,8.58,
1972,9.2,
1973,10.125,
1974,10.925,
1975,10.017999999999999,
1976,10.76,
1977,9.201,
1978,10.802999999999999,
1979,11.048,
1980,0.49,0.6809999999999999
1981,0.946,1.305
1982,0.946,1.297
1983,0.99,1.349
1984,0.958,1.297
1985,0.9179999999999999,1.285
1986,0.9540000000000001,1.266
1987,0.9740000000000001,1.311
1988,1.048,1.376
1989,1.064,1.3869999999999998
1990,1.179,1.5390000000000001
1991,1.213,1.581
1992,1.263,1.659
1993,1.374,1.839
1994,1.453,1.956
1995,1.556,2.178
1996,1.588,2.238
1997,1.629,2.244
1998,1.6680000000000001,2.231
1999,1.673,2.355
2000,3.904,10.844000000000001
2001,3.8680000000000003,10.675
2002,3.4139999999999997,9.363999999999999
2003,3.08,8.388
2004,4.215,11.413
2005,3.575,9.606
2006,3.701,9.863
2007,3.38,8.952
2008,4.3069999999999995,11.377
2009,4.907,12.886
2010,4.748,12.39
2011,3.8789999999999996,10.055
2012,4.329,11.15
2013,5.1080000000000005,13.08
2014,6.607,16.827
2015,4.351,11.017000000000001
2016,5.055,12.722000000000001
2017,4.4430000000000005,11.13
2018,5.23,13.027999999999999
2019,5.1579999999999995,12.253
2020,1.65,4.4110000000000005
2021,2.3680000000000003,5.947
2022,2.6689999999999996,7.01
2023,1.089,3.4210000000000003
2024,1.256,3.68
2025,1.6369999999999998,4.805
2026,3.19,8.911
2027,1.183,8.841000000000003
2028,1.521,4.6419999999999995
2029,1.72,5.126
2030,2.476,4.1739999999999995
2031,2.44,9.311
2032,1.614,4.029
2033,1.527,4.766
2034,3.3789999999999996,11.239
2035,5.81,17.807000000000006
2036,7.755,21.678
2037,10.079,28.744
2038,12.244000000000002,32.351
2039,12.952,33.152
2040,0.0,
2041,0.0,
2042,0.0,
2043,0.0,
2044,0.0,
2045,0.0,
2046,0.0,
2047,0.0,
2048,0.0,
2049,0.0,
2050,0.0,
2051,0.0,
2052,0.002,
2053,0.002,
2054,0.002,
2055,0.002,
2056,0.002,
2057,0.003,
2058,0.003,
2059,0.003,
2060,34.49,100.292
2061,49.295,137.266
2062,33.17,97.28200000000001
2063,55.762,155.80100000000004
2064,50.137,139.497
2065,42.27,115.294
2066,52.155,141.22799999999995
2067,58.29,156.452
2068,62.143,166.859
2069,74.08,197.06
2070,97.77600000000001,268.592
2071,87.522,243.36
2072,86.962,248.532
2073,111.406,294.735
2074,110.26799999999999,291.885
2075,97.088,257.144
2076,104.633,276.089
2077,87.92399999999998,235.255
2078,103.885,279.616
2079,100.30799999999999,269.66700000000003
2080,3.176,8.911
2081,3.09,8.617
2082,2.68,7.4179999999999975
2083,3.2769999999999997,9.057
2084,2.946,8.055
2085,3.4339999999999997,9.331
2086,3.8680000000000003,12.437000000000001
2087,3.927,10.534
2088,4.115,10.967
2089,3.908,10.296
2090,5.681,14.96
2091,4.7139999999999995,12.220999999999998
2092,3.444,8.967
2093,7.13,18.445999999999998
2094,4.837,12.482000000000001
2095,6.33,16.264
2096,4.619,11.898
2097,4.553999999999999,11.724
2098,6.8660000000000005,17.88
2099,7.314,13.999
2100,1.271,
2101,1.365,
2102,1.3940000000000001,
2103,1.281,
2104,1.236,
2105,1.392,
2106,1.496,
2107,1.585,
2108,1.597,
2109,3.3480000000000003,
2110,6.276,
2111,6.527,
2112,6.682,
2113,8.381,
2114,8.953,
2115,8.46,
2116,8.099,
2117,9.391,
2118,9.698,
2119,10.109,
2120,0.71,
2121,0.725,
2122,0.741,
2123,0.752,
2124,0.764,
2125,0.821,
2126,0.862,
2127,0.862,
2128,0.863,
2129,0.863,
2130,1.198,
2131,1.031,
2132,0.825,
2133,0.83,
2134,0.562,
2135,0.483,
2136,0.7909999999999999,
2137,0.932,
2138,1.006,
2139,1.181,
2140,83.14,230.945
2141,83.321,229.947
2142,71.145,195.07
2143,58.731,160.004
2144,68.187,185.812
2145,81.23,220.021
2146,71.068,191.824
2147,77.42399999999998,207.968
2148,81.40899999999998,218.52900000000002
2149,79.81,211.69
2150,82.085,219.707
2151,84.088,226.041
2152,98.309,260.91900000000004
2153,82.68799999999997,219.236
2154,85.741,228.19299999999998
2155,102.49600000000001,271.106
2156,89.12700000000002,239.597
2157,95.05799999999999,254.688
2158,91.15299999999999,242.667
2159,99.76799999999999,263.014
2160,38.226,104.679
2161,42.742,116.505
2162,36.764,98.986
2163,36.393,97.315
2164,35.421,94.057
2165,33.05,86.815
2166,33.021,85.898
2167,37.244,96.89299999999999
2168,38.118,98.527
2169,37.812,97.155
2170,38.26,97.691
2171,34.836999999999996,88.152
2172,41.347,104.365
2173,41.536,104.104
2174,41.607,103.461
2175,41.926,103.95299999999999
2176,38.716,95.046
2177,38.676,94.37299999999999
2178,39.785,95.65299999999999
2179,43.22,96.194
2180,13.774000000000001,
2181,14.064,
2182,15.012,
2183,16.173,
2184,16.176,
2185,16.797,
2186,16.534000000000002,
2187,16.942999999999998,
2188,16.642,
2189,15.741,
2190,16.236,
2191,16.038,
2192,16.730999999999998,
2193,16.9,
2194,15.84,
2195,16.83,
2196,16.465999999999998,
2197,16.962,
2198,18.21,
2199,18.977,
2200,6.477,17.829
2201,6.734,18.754
2202,8.084,22.263
2203,8.379,22.991999999999997
2204,7.2620000000000005,20.987
2205,7.271,20.665
2206,9.507,27.451999999999998
2207,9.818,29.38
2208,9.656,29.799
2209,10.164,31.849
2210,8.895,30.664
2211,12.472999999999999,39.529
2212,13.706,46.131
2213,13.780999999999999,46.69
2214,14.344000000000001,53.598
2215,13.870999999999999,54.19600000000001
2216,25.272,60.106
2217,25.743000000000002,70.844
2218,29.996,86.92399999999998
2219,33.893,96.45200000000001
2220,0.099,
2221,0.05,
2222,0.086,
2223,0.12300000000000001,
2224,0.08199999999999999,
2225,0.075,
2226,0.09300000000000001,
2227,0.1,
2228,0.092,
2229,0.113,
2230,0.096,
2231,0.111,
2232,0.094,
2233,0.04,
2234,0.12,
2235,0.059000000000000004,
2236,0.207,
2237,0.105,
2238,0.006999999999999999,
2239,0.003,
2240,0.02,0.055999999999999994
2241,0.028999999999999998,0.08199999999999999
2242,0.026000000000000002,0.07400000000000001
2243,0.012,0.037000000000000005
2244,0.023,0.068
2245,0.024,0.065
2246,0.028999999999999998,0.077
2247,0.022000000000000002,0.057999999999999996
2248,0.023,0.061
2249,0.023,0.059000000000000004
2250,0.004,0.01
2251,0.004,0.01
2252,0.004,0.01
2253,0.004,0.01
2254,0.004,0.011000000000000001
2255,0.005,0.013000000000000001
2256,0.005,0.013000000000000001
2257,0.005,0.013000000000000001
2258,0.005,0.012
2259,0.005,0.012
2260,0.086,
2261,0.077,
2262,0.09300000000000001,
2263,0.19699999999999998,
2264,0.196,
2265,0.18600000000000005,
2266,0.129,
2267,0.092,
2268,0.069,
2269,0.175,
2270,0.19,
2271,0.166,
2272,0.31,
2273,0.433,
2274,0.599,
2275,0.583,
2276,0.628,
2277,0.599,
2278,0.644,
2279,0.7390000000000001,
2280,30.941999999999997,86.537
2281,24.191999999999997,67.188
2282,33.711,93.134
2283,35.273,96.874
2284,45.898,125.363
2285,39.516,106.917
2286,44.256,119.007
2287,36.319,96.839
2288,34.229,90.863
2289,37.944,100.06200000000001
2290,55.353,145.27
2291,56.927,150.571
2292,63.993,167.99400000000003
2293,68.087,177.238
2294,51.707,133.935
2295,82.29299999999998,211.635
2296,89.43,226.946
2297,86.471,218.158
2298,96.69,242.99099999999999
2299,130.20600000000002,333.035
2300,0.005,0.009000000000000001
2301,0.003,0.009000000000000001
2302,0.003,0.009000000000000001
2303,0.003,0.009000000000000001
2304,0.003,0.009000000000000001
2305,0.003,0.008
2306,0.003,0.008
2307,0.003,0.008
2308,0.003,0.008
2309,0.003,0.008
2310,0.003,0.009000000000000001
2311,0.003,0.009000000000000001
2312,0.003,0.011000000000000001
2313,0.003,0.013000000000000001
2314,0.003,0.016
2315,0.003,0.021
2316,0.003,0.025
2317,0.003,0.025
2318,0.003,0.025
2319,0.0,0.025
2320,11.167,31.333000000000002
2321,11.927999999999999,33.249
2322,9.552999999999999,26.456999999999997
2323,9.177,25.252
2324,11.668,31.905
2325,12.277000000000001,33.357
2326,12.792,34.537
2327,10.087,27.808000000000003
2328,11.706,31.205
2329,11.999,31.791
2330,13.26,34.913000000000004
2331,11.091,29.018
2332,11.126,28.936
2333,14.974,38.696999999999996
2334,10.083,25.875
2335,7.047999999999999,17.967
2336,9.175,23.278000000000002
2337,10.789000000000001,27.156999999999996
2338,12.921,32.17
2339,10.432,29.393
2340,0.0,0.0
2341,0.0,0.0
2342,0.0,0.0
2343,0.0,0.0
2344,0.0,0.0
2345,0.0,0.0
2346,0.0,0.0
2347,0.0,0.0
2348,0.0,0.0
2349,0.01,0.017
2350,0.02,0.048
2351,0.034,0.054000000000000006
2352,0.035,0.062
2353,0.10099999999999999,0.223
2354,0.309,0.8079999999999999
2355,0.304,0.805
2356,0.316,0.871
2357,0.741,1.982
2358,1.31,3.285
2359,4.177,10.342
2360,9.97,27.54
2361,9.549,26.349
2362,11.125,30.535
2363,10.619000000000002,29.32
2364,14.138,38.48
2365,16.937,46.419
2366,18.105999999999998,50.521
2367,19.691,56.376999999999995
2368,21.846999999999998,67.131
2369,25.245,77.786
2370,26.180999999999997,81.786
2371,35.213,103.794
2372,41.248999999999995,116.866
2373,53.214,148.359
2374,64.523,178.00799999999995
2375,82.57600000000002,221.972
2376,81.608,220.545
2377,97.038,258.123
2378,108.131,288.536
2379,117.333,314.788
2380,350.939,998.832
2381,278.906,826.5010000000003
2382,334.695,984.6080000000001
2383,346.75800000000015,1029.536
2384,342.996,1030.934
2385,351.093,1061.403
2386,379.214,1171.152
2387,345.851,1112.113
2388,374.644,1248.1589999999999
2389,413.096,1377.491
2390,421.875,1436.5439999999999
2391,506.916,1677.753
2392,489.62300000000016,1629.475
2393,517.3919999999998,1725.846
2394,543.638,1772.889
2395,553.289,1803.6979999999999
2396,621.571,1998.776
2397,704.1060000000001,2197.375
2398,730.502,2248.427
2399,757.393,2290.491
2400,7.016,
2401,9.141,
2402,9.481,
2403,8.484,
2404,4.769,
2405,6.657,
2406,3.61,
2407,8.125,
2408,5.296,
2409,6.0420000000000025,
2410,9.747,
2411,7.655,
2412,6.797999999999999,
2413,9.728,
2414,12.213,
2415,12.704,
2416,13.362,
2417,14.054,
2418,14.193,
2419,15.718,
2420,5.817,16.331
2421,5.899,16.605
2422,6.124,16.962
2423,7.544,19.492
2424,8.92,17.578
2425,8.838,18.495
2426,4.6530000000000005,15.636
2427,4.61,17.152
2428,4.4430000000000005,11.578
2429,6.4179999999999975,17.009
2430,8.11,21.36
2431,5.646,14.827
2432,6.586,16.369
2433,5.649,16.053
2434,6.016,15.74
2435,7.0,15.23
2436,7.258999999999999,18.427
2437,8.349,21.07
2438,5.845,14.661
2439,5.4579999999999975,16.105
2440,62.198,174.683
2441,59.845,166.80200000000005
2442,58.94,163.239
2443,59.927,164.91099999999997
2444,69.374,189.69400000000002
2445,76.457,207.358
2446,80.78399999999998,217.614
2447,82.228,220.56
2448,85.973,228.90099999999998
2449,85.102,225.196
2450,76.014,199.886
2451,82.835,215.5
2452,81.222,210.545
2453,82.785,213.551
2454,63.721000000000004,200.421
2455,74.22800000000002,185.702
2456,62.407,155.186
2457,59.98,148.266
2458,57.646,141.657
2459,52.118,157.059
2460,2863.212,8099.816999999999
2461,2809.014,7895.97
2462,2875.479000000001,8076.714
2463,2914.8779999999997,8094.746999999998
2464,3117.545,8710.51
2465,3272.091,9059.002
2466,3414.708,9489.024
2467,3525.0570000000002,9830.863000000001
2468,3726.884,10587.198
2469,3839.3740000000003,10821.725
2470,4168.712,11652.733999999999
2471,4385.3,12161.966999999999
2472,4726.419,12902.067
2473,5027.388,13753.829
2474,5306.9619999999995,14362.386999999999
2475,5506.484,14849.694
2476,5900.4119999999975,15663.156
2477,6276.014,16563.723
2478,6712.063,17541.405
2479,7065.089,18504.151
2480,0.0,
2481,0.0,
2482,0.0,
2483,0.0,
2484,0.0,
2485,0.0,
2486,0.0,
2487,0.0,
2488,0.0,
2489,0.0,
2490,0.002,
2491,0.002,
2492,0.003,
2493,0.004,
2494,0.009000000000000001,
2495,0.11,
2496,0.147,
2497,0.183,
2498,0.45799999999999996,
2499,0.5,
2500,7.7120000000000015,
2501,7.853,
2502,8.06,
2503,8.213,
2504,8.414,
2505,8.834,
2506,9.613,
2507,9.576,
2508,9.463,
2509,9.838,
2510,10.397,
2511,11.433,
2512,12.294,
2513,13.214,
2514,13.972999999999999,
2515,12.98,
2516,10.991,
2517,12.444,
2518,13.635,
2519,13.853,
2520,3.227,
2521,2.968,
2522,3.786,
2523,5.305,
2524,5.466,
2525,4.8660000000000005,
2526,5.2570000000000014,
2527,5.329,
2528,5.73,
2529,5.46,
2530,5.835,
2531,5.28,
2532,5.506,
2533,5.115,
2534,5.526,
2535,5.0760000000000005,
2536,3.111,
2537,4.091,
2538,5.2010000000000005,
2539,5.2410000000000005,
