,fossil_prod_change_twh,solar_electricity,wind_electricity,hydro_electricity
0,425.882,0.013000000000000001,0.17600000000000002,75.24600000000002
1,-1.5729999999999977,0.016,0.41600000000000004,80.86399999999998
2,67.293,0.019,0.445,85.181
3,596.0630000000001,0.023,0.541,82.87299999999998
4,634.651,0.027000000000000003,0.769,87.405
5,271.992,0.032,0.782,89.066
6,255.16600000000005,0.040999999999999995,0.853,92.241
7,220.634,0.053,1.016,95.34100000000001
8,164.97399999999996,0.075,1.3119999999999998,97.15700000000001
9,-347.537,0.098,1.59,99.76100000000001
10,340.11199999999997,0.214,2.2840000000000003,107.427
11,-955.8539999999998,0.45299999999999996,2.537,110.445
12,539.5369999999999,0.551,2.9619999999999997,110.95200000000001
13,-458.688,0.8240000000000001,3.56,117.67299999999999
14,-156.20999999999998,1.831,5.1579999999999995,123.727
15,-66.27199999999999,3.596,8.888,119.85700000000001
16,-215.986,4.939,11.306,115.801
17,483.45900000000006,6.984,12.458,123.816
18,285.696,9.85,14.288,130.388
19,20.57399999999999,19.378,17.508,132.735
55,-5.564,0.057999999999999996,0.019,0.14400000000000002
56,113.65100000000001,0.087,0.028999999999999998,0.21600000000000005
57,-4.696999999999999,0.5720000000000001,0.008,0.055
58,-6.607999999999999,0.603,0.011000000000000001,0.11599999999999999
59,-87.835,0.615,0.011000000000000001,0.106
91,-37.096000000000004,0.002,0.059000000000000004,31.034000000000002
92,-14.267,0.008,0.8220000000000001,28.712
93,-28.957,0.015,1.0070000000000001,32.513000000000005
94,-5.34,0.016,0.619,32.332
95,13.065,0.015,0.593,31.939
96,1.4839999999999982,0.013999999999999999,0.5479999999999999,29.405
97,-17.472,0.016,0.612,31.459
98,26.264,0.10800000000000001,1.413,31.962
99,36.903,0.8,4.997,27.335
115,0.0,0.001,0.003,2.184
116,0.0,0.001,0.002,2.327
117,0.0,0.003,0.002,2.246
118,0.0,0.019,0.002,2.295
119,0.0,0.013000000000000001,0.003,2.347
120,181.398,0.038,0.057999999999999996,16.195999999999998
121,143.414,0.044000000000000004,0.21,16.397000000000002
122,67.247,0.05,0.364,15.718
123,29.211000000000006,0.059000000000000004,0.703,16.127
124,68.21299999999998,0.069,0.705,15.886
125,130.21300000000002,0.079,0.885,15.155999999999999
126,58.915000000000006,0.091,1.713,15.767000000000001
127,115.894,0.109,2.611,14.196
128,65.058,0.127,3.093,11.79
129,132.016,0.16,3.806,11.684000000000001
130,190.118,0.389,5.052,13.502
131,-82.436,1.392,6.085,16.694000000000006
132,278.164,2.325,6.97,13.979000000000001
133,213.082,3.4760000000000004,7.96,18.116
134,299.082,4.01,10.252,18.338
135,65.705,5.023,11.467,13.324000000000002
136,195.173,6.209,12.199000000000002,15.020999999999999
137,66.57700000000001,8.071,12.597000000000001,16.037
138,329.98199999999997,9.929,15.164000000000001,15.831
139,321.26,14.218,21.143,15.538
140,0.0,0.003,0.067,41.835
141,0.0,0.005,0.105,40.455
142,0.0,0.009000000000000001,0.14,40.227
143,0.0,0.015,0.3720000000000001,33.215
144,0.0,0.018000000000000002,0.934,36.762
145,0.0,0.021,1.331,37.095
146,0.0,0.022000000000000002,1.7530000000000001,35.656
147,0.0,0.024,2.037,37.054
148,0.0,0.03,2.011,38.329
149,0.0,0.049,1.954,40.896
150,0.0,0.08900000000000001,2.064,38.363
151,0.0,0.174,1.936,34.236999999999995
152,0.0,0.337,2.463,43.848
153,0.0,0.626,3.1519999999999997,42.016999999999996
154,0.0,0.785,3.846,41.007
155,0.0,0.937,4.84,37.157
156,0.0,1.0959999999999999,5.235,39.971
157,0.0,1.2690000000000001,6.572,38.294000000000004
158,0.0,1.4380000000000002,6.03,37.63800000000001
159,0.0,1.3530000000000002,7.6,41.63800000000001
173,7.605,0.001,0.001,1.474
174,-6.09,0.003,0.002,1.287
175,-1.7240000000000002,0.005,0.005,1.621
176,-11.942000000000004,0.035,0.023,1.939
177,-32.339,0.037000000000000005,0.022000000000000002,1.729
178,14.146,0.039,0.08199999999999999,1.75
179,40.245000000000005,0.044000000000000004,0.135,1.5490000000000002
206,11.0,0.01,0.002,1.375
207,9.73,0.02,0.002,0.742
208,10.401,0.02,0.002,0.941
209,23.70300000000001,0.03,0.002,0.43799999999999994
210,5.07,0.07,0.002,0.764
211,3.284,0.062,0.002,0.915
213,6.165,0.136,0.004,0.9390000000000001
214,10.695,0.17300000000000001,0.004,0.617
215,28.318,0.21,0.006,0.594
216,5.968999999999999,0.233,0.006,1.01
217,1.4169999999999998,0.268,0.006,1.031
218,-0.109,0.29100000000000004,0.006,1.075
219,21.243000000000002,0.42,0.006,0.82
234,0.0,0.001,0.011000000000000001,0.12
235,0.0,0.008,0.026000000000000002,0.106
236,0.0,0.027999999999999997,0.075,0.141
237,0.0,0.08900000000000001,0.09699999999999999,0.401
238,0.0,0.177,0.099,0.321
239,0.0,0.18100000000000002,0.17800000000000002,0.345
244,0.0,0.001,0.141,0.317
245,0.0,0.001,0.22699999999999998,0.28800000000000003
246,0.0,0.002,0.366,0.359
247,0.0,0.006,0.491,0.389
248,0.0,0.040999999999999995,0.637,0.41
249,0.0,0.166,0.996,0.32799999999999996
250,0.0,0.56,1.2919999999999998,0.312
251,0.0,1.169,2.312,0.196
252,0.0,2.148,2.7510000000000003,0.35700000000000004
253,0.0,2.6439999999999997,3.665,0.38
254,0.0,2.886,4.615,0.292
255,0.0,3.056,5.574,0.318
256,0.0,3.095,5.438,0.37
257,0.0,3.307,6.513999999999999,0.27
258,0.0,3.9019999999999997,7.465,0.314
259,0.0,3.8789999999999996,9.362,0.306
293,24.357,0.003,0.001,2.51
294,7.013999999999999,0.006,0.008,2.228
295,-7.162000000000001,0.005,0.012,2.438
296,-7.8610000000000015,0.006,0.035,1.703
297,-5.388,0.006,0.06,2.2119999999999997
298,-11.997,0.127,0.059000000000000004,2.5860000000000003
299,-20.857,0.18899999999999997,0.07,3.22
316,1.517,0.024,0.001,5.585
317,0.0,0.021,0.001,3.752
318,0.0,0.021,0.10300000000000001,6.354
319,0.0,0.03,0.254,6.02
350,88.65599999999999,0.001,2.177,399.256
351,52.042,0.002,2.705,424.05
352,6.140999999999999,0.006999999999999999,5.05,411.189
353,3.4389999999999983,0.005,6.58,387.082
354,161.583,0.016,12.21,369.705
355,109.60900000000001,0.059000000000000004,21.63,356.14599999999996
356,47.06900000000002,0.085,33.49,377.102
357,95.78000000000002,0.8320000000000001,42.37,367.19699999999995
358,-42.377,3.4610000000000003,48.475,385.08099999999996
359,135.935,6.655,55.986000000000004,393.898
369,-2.958,0.003,0.237,3.432
370,3.938,0.015,0.6809999999999999,5.0310000000000015
371,14.716,0.10099999999999999,0.861,2.872
372,-6.9620000000000015,0.8140000000000001,1.2209999999999999,3.178
373,-9.575,1.361,1.374,4.0360000000000005
374,3.951,1.252,1.331,4.602
375,8.591000000000001,1.383,1.452,5.655
376,-8.713,1.386,1.425,3.88
377,6.7520000000000024,1.403,1.504,2.8280000000000003
378,-4.996,1.3430000000000002,1.318,5.147
379,-4.637,1.47,1.297,2.9360000000000004
420,166.476,0.016,0.264,354.92400000000015
421,45.321000000000005,0.019,0.337,329.986
422,21.611000000000004,0.022000000000000002,0.408,347.048
423,13.20999999999999,0.023,0.826,334.07099999999997
424,82.68599999999999,0.013000000000000001,0.9540000000000001,337.42699999999996
425,10.138000000000002,0.017,1.4709999999999999,358.301
426,94.723,0.021,2.5,349.32300000000015
427,13.751,0.026000000000000002,3.0239999999999996,363.909
428,-115.18299999999999,0.035,3.7060000000000004,373.676
429,-146.951,0.10300000000000001,6.641,364.964
430,57.04600000000002,0.253,8.637,347.871
431,124.21799999999999,0.5660000000000001,10.086,371.967
432,140.584,0.872,11.198,376.465
433,171.94900000000004,1.484,17.913,387.871
434,244.38000000000002,2.099,22.315,378.676
435,66.88399999999999,2.866,26.697,378.37199999999996
436,150.85500000000002,3.992,30.623,381.57800000000003
437,246.29799999999997,3.5380000000000003,31.198,390.64099999999996
438,254.16400000000002,3.759,32.854,382.02
439,0.33500000000000796,4.272,30.531999999999996,377.97900000000004
453,0.0,0.008,0.5529999999999999,19.678
454,0.0,0.48,1.4409999999999998,22.814
455,0.0,1.238,2.112,23.403000000000002
456,0.0,2.59,2.4459999999999997,22.808000000000003
457,0.0,3.843,3.516,20.889
458,0.0,5.122000000000001,3.583,22.899
459,0.0,6.136,5.086,20.665
464,27.931,0.006999999999999999,0.052000000000000005,39.676
465,47.37100000000001,0.006999999999999999,0.049,39.405
466,53.87499999999999,0.006999999999999999,0.063,42.315
467,36.828,0.006999999999999999,0.049,44.00100000000001
468,78.946,0.006999999999999999,0.054000000000000006,45.93899999999999
469,58.12100000000001,0.006999999999999999,0.057999999999999996,40.64
470,90.129,0.008,0.039,39.997
471,167.65800000000002,0.008,0.04,48.388999999999996
472,54.759,0.008,0.055,47.106
473,27.42,0.008,0.06,49.757
474,3.7940000000000005,0.009000000000000001,0.07,47.39100000000001
475,-22.142000000000003,0.009000000000000001,0.068,48.082
476,-27.94399999999999,0.009000000000000001,0.05,48.605
477,-17.994,0.013999999999999999,0.003,60.82
478,-37.369,0.021,0.043,59.333
479,0.7680000000000007,0.132,0.06,53.986999999999995
511,0.0,0.001,0.41,7.064
512,0.0,0.002,0.528,7.162000000000001
513,0.0,0.003,0.485,6.782
514,0.0,0.003,0.735,6.65
515,0.0,0.003,1.08,7.9860000000000015
516,0.0,0.003,1.15,7.9460000000000015
517,0.0,0.004,1.288,8.59
518,0.0,0.055999999999999994,1.7990000000000002,8.26
519,0.0,0.076,1.796,7.749
532,0.0,0.002,0.32899999999999996,4.837
533,0.0,0.011000000000000001,0.517,8.622
534,0.0,0.035,0.73,9.006
535,0.0,0.057,0.7959999999999999,6.391
536,0.0,0.066,1.014,6.852
537,0.0,0.079,1.204,5.307
538,0.0,0.075,1.335,7.7010000000000005
539,0.0,0.078,1.4409999999999998,5.8660000000000005
550,0.0,0.002,0.01,0.096
551,0.0,0.002,0.02,0.098
552,0.0,0.001,0.021,0.11
553,0.0,0.003,0.023,0.126
554,0.0,0.018000000000000002,0.019,0.10300000000000001
555,0.0,0.028999999999999998,0.021,0.048
556,0.0,0.039,0.021,0.063
557,0.0,0.06,0.021,0.08199999999999999
558,0.0,0.147,0.021,0.145
559,0.0,0.15,0.021,0.177
580,40.92099999999999,0.001,4.2410000000000005,0.03
581,-6.6610000000000005,0.001,4.306,0.027999999999999997
582,14.054000000000002,0.001,4.877,0.032
583,-6.355,0.002,5.561,0.021
584,28.046,0.002,6.5829999999999975,0.027000000000000003
585,4.095,0.002,6.614,0.023
586,-20.186,0.002,6.108,0.023
587,-31.665999999999997,0.002,7.171,0.027999999999999997
588,-4.411,0.003,6.928,0.026000000000000002
589,-30.484,0.004,6.721,0.019
590,-10.874,0.006,7.809,0.021
591,-30.907000000000004,0.015,9.774,0.017
592,-19.813000000000002,0.10400000000000001,10.27,0.017
593,-25.237000000000002,0.518,11.123,0.013000000000000001
594,-8.144,0.596,13.079,0.015
595,-5.187,0.604,14.133,0.018000000000000002
596,-9.822,0.7440000000000001,12.782,0.019
597,1.3229999999999995,0.7509999999999999,14.78,0.018000000000000002
598,-20.229999999999997,0.953,13.899000000000001,0.015
599,-18.213,0.958,15.878,0.015
612,0.0,0.001,0.096,1.784
613,0.0,0.009000000000000001,0.24,1.883
614,0.0,0.018000000000000002,0.24,1.3230000000000002
615,0.0,0.032,0.29,0.934
616,0.0,0.075,0.32,1.504
617,0.0,0.139,0.39,2.174
618,0.0,0.23,0.4970000000000001,1.7619999999999998
619,0.0,0.4,0.78,1.053
633,13.290999999999999,0.004,0.06,10.929
634,18.429000000000002,0.016,0.08,11.343
635,-8.376,0.036000000000000004,0.1,12.965
636,4.231,0.039,0.084,15.675
637,-11.564,0.037000000000000005,0.073,19.887
638,-8.758,0.038,0.08,20.471
639,8.565,0.038,0.086,24.41800000000001
650,-15.857,0.20600000000000002,1.5,12.915999999999999
651,-3.776,0.223,1.52,12.805
652,-3.9750000000000005,0.237,1.123,12.99
653,-50.571,0.214,1.3319999999999999,13.218
654,-60.991,0.244,1.444,13.684000000000001
655,-40.32699999999999,0.168,2.0580000000000003,13.41
656,-41.92,0.58,2.2,12.722000000000001
657,66.369,0.6,2.334,12.599
658,120.85100000000001,1.51,2.36,12.77
659,56.346999999999994,3.68,2.792,12.557
736,0.0,0.01,0.594,0.035
737,0.0,0.013999999999999999,0.723,0.026000000000000002
738,0.0,0.031,0.636,0.015
739,0.0,0.034,0.7190000000000001,0.01
751,0.0,0.001,0.03,6.199
752,0.0,0.002,0.192,7.314
753,0.0,0.006,0.35600000000000004,8.255
754,0.0,0.016,0.5,8.923
755,0.0,0.018000000000000002,0.76,9.577
756,0.0,0.021,0.78,11.635
757,0.0,0.022000000000000002,0.5329999999999999,12.554
758,0.0,0.02,0.5329999999999999,12.888
759,0.0,0.02,0.5329999999999999,13.991
760,0.0,0.002,0.078,14.66
761,0.0,0.002,0.07,13.205
762,0.0,0.002,0.064,10.776
763,0.0,0.002,0.09300000000000001,9.591000000000001
764,0.0,0.002,0.12,15.07
765,0.0,0.003,0.17,13.784
766,0.0,0.003,0.156,11.494000000000002
767,0.0,0.004,0.188,14.177
768,0.0,0.004,0.261,17.112000000000002
769,0.0,0.004,0.27699999999999997,12.686
770,0.0,0.005,0.294,12.922
771,0.0,0.005,0.48100000000000004,12.445
772,0.0,0.006,0.494,16.859
773,0.0,0.006,0.774,12.839
774,0.0,0.008,1.107,13.397
775,0.0,0.011000000000000001,2.327,16.769000000000002
776,0.0,0.022000000000000002,3.068,15.799000000000001
777,0.0,0.049,4.795,14.770999999999999
778,0.0,0.09,5.8389999999999995,13.300999999999998
779,0.0,0.09,6.1270000000000024,12.225
780,0.0,0.005,0.048,66.363
781,0.0,0.006,0.131,74.267
782,0.0,0.006999999999999999,0.266,60.397
783,0.0,0.008,0.38799999999999996,58.943999999999996
784,0.0,0.008,0.595,59.555
785,0.0,0.011000000000000001,0.963,51.48
786,0.0,0.012,2.1830000000000003,56.303999999999995
787,0.0,0.018000000000000002,4.07,57.604
788,0.0,0.042,5.694,63.653999999999996
789,0.0,0.174,7.912000000000001,56.994
790,0.0,0.62,9.945,62.714
791,0.0,2.334,12.372,45.745
792,0.0,4.428,15.177999999999999,59.832
793,0.0,5.194,16.127,71.922
794,0.0,6.391,17.324,63.773
795,0.0,7.752999999999999,21.421,55.556000000000004
796,0.0,8.658999999999999,21.381,60.839
797,0.0,9.585,24.609,50.00100000000001
798,0.0,10.569,28.599,65.285
799,0.0,12.569,33.599000000000004,57.285
840,-39.988,0.04,9.5,24.9
841,-26.880000000000003,0.1,10.5,23.2
842,1.4680000000000002,0.2,15.8,23.7
843,0.02799999999999958,0.3,19.2,17.7
844,-6.677,0.6,26.1,20.1
845,-27.322000000000003,1.3,27.9,19.6
846,-39.482,2.2,31.4,20.0
847,-1.343,3.1,40.5,21.2
848,-63.567,4.4,41.4,20.4
849,-51.702,6.6,39.538000000000004,19.0
850,-22.23,11.7,38.6,21.0
851,3.102999999999999,19.6,49.9,17.7
852,2.071999999999999,26.4,51.6,21.8
853,-39.411,31.0,52.7,23.0
854,-16.694,36.1,58.5,19.6
855,-20.95,38.7,80.6,19.0
856,-42.95099999999999,38.1,80.0,20.5
857,-7.997,39.4,105.7,20.2
858,-27.381,45.8,110.0,18.0
859,-90.06200000000001,46.4,125.9,19.7
884,4.312,0.001,1.121,4.672
885,-0.102,0.001,1.266,5.0169999999999995
886,-4.276,0.001,1.699,5.865
887,2.545,0.001,1.818,2.591
888,-3.0189999999999997,0.005,2.242,3.312
889,0.54,0.05,2.543,5.374
890,-10.008,0.158,2.714,7.46
891,2.204,0.61,3.315,4.011
892,6.278,1.694,3.85,4.4030000000000005
893,-15.31,3.648,4.138999999999999,6.346
894,-4.002,3.792,3.6889999999999996,4.476
895,-8.245,3.9,4.621,6.098
896,-19.802,3.93,5.146,5.5429999999999975
897,6.916,3.991,5.537000000000001,3.963
898,-3.4010000000000002,3.7910000000000004,6.3,5.742999999999999
899,-12.457,3.9760000000000004,7.24,4.276
915,0.0,0.15,0.107,3.872
916,0.0,0.193,0.215,3.992
917,0.0,0.19899999999999998,0.218,5.806
918,0.0,0.205,0.32,5.257999999999999
919,0.0,0.22899999999999998,0.331,4.438
975,0.0,0.41700000000000004,0.665,2.3169999999999997
976,0.0,0.8809999999999999,0.574,2.327
977,0.0,0.924,0.578,3.057
978,0.0,0.993,0.929,3.2289999999999996
979,0.0,1.114,0.815,3.534
988,-0.922,0.001,0.205,0.213
989,-1.599,0.001,0.331,0.228
990,0.433,0.001,0.534,0.188
991,0.607,0.001,0.626,0.222
992,-0.45299999999999996,0.008,0.77,0.213
993,0.061,0.025,0.718,0.213
994,-0.276,0.067,0.657,0.301
995,-0.81,0.141,0.693,0.23399999999999999
996,-0.649,0.244,0.684,0.259
997,-2.086,0.349,0.758,0.22
998,-0.139,0.62,0.607,0.222
999,2.67,1.371,0.754,0.242
1020,112.156,0.006999999999999999,1.6840000000000002,73.717
1021,23.367,0.012,2.241,72.96
1022,103.14699999999999,0.013999999999999999,2.687,67.735
1023,101.882,0.017,3.59,79.994
1024,164.343,0.019,4.49,89.60700000000001
1025,83.55999999999999,0.019,6.603,97.404
1026,106.27700000000002,0.019,8.69,112.411
1027,153.999,0.059000000000000004,11.796,122.40700000000001
1028,220.017,0.063,13.700999999999999,115.006
1029,286.07000000000005,0.075,17.804000000000006,106.18799999999999
1030,224.019,0.113,19.66,111.37799999999999
1031,-45.596999999999994,0.8270000000000001,24.53,131.63299999999998
1032,-9.65700000000001,2.29,30.12,115.655
1033,-55.047,4.14,33.17,131.616
1034,132.889,5.85,37.34,130.328
1035,116.81599999999999,6.566,32.741,132.26
1036,7.102000000000004,11.556,43.453,128.611
1037,41.527,21.545,52.629,135.865
1038,213.31099999999998,36.330999999999996,60.31100000000001,141.33100000000005
1039,-48.951,46.273,63.308,161.741
1050,222.15699999999998,0.001,0.004,17.281
1051,465.168,0.001,0.005,12.295
1052,159.863,0.003,0.005,12.671
1053,579.679,0.005,0.001,16.754
1054,-145.993,0.006999999999999999,0.001,15.01
1055,16.942,0.005,0.004,13.604000000000001
1056,-22.223,0.021,0.006,18.49
1057,-10.015,0.028999999999999998,0.006,18.445999999999998
1058,645.6909999999998,0.091,0.19,21.42
1059,289.705,0.098,0.484,20.949
1091,0.0,0.001,4.38,0.7070000000000001
1092,0.0,0.001,4.01,0.802
1093,0.0,0.001,4.542,0.599
1094,0.0,0.002,5.14,0.7090000000000001
1095,0.0,0.003,6.5729999999999995,0.8059999999999999
1096,0.0,0.006,6.147,0.6809999999999999
1097,0.0,0.011000000000000001,7.444,0.6920000000000001
1098,0.0,0.017,8.64,0.6940000000000001
1099,0.0,0.017,9.463,0.8859999999999999
1109,0.0,0.024,0.009000000000000001,0.024
1110,0.0,0.07,0.008,0.031
1111,0.0,0.192,0.006999999999999999,0.028999999999999998
1112,0.0,0.369,0.006,0.033
1113,0.0,0.494,0.006,0.027999999999999997
1114,0.0,0.84,0.006,0.013000000000000001
1115,0.0,1.115,0.006999999999999999,0.024
1120,-13.075,0.018000000000000002,0.563,44.199
1121,-18.658,0.019,1.179,46.81
1122,10.347,0.021,1.4040000000000001,39.519
1123,-6.629999999999997,0.024,1.4580000000000002,36.67
1124,-10.035,0.028999999999999998,1.847,42.338
1125,-1.0819999999999999,0.031,2.343,36.067
1126,-14.450000000000001,0.035,2.971,36.994
1127,-11.154,0.039,4.034,32.815
1128,-12.227999999999998,0.193,4.8610000000000015,41.62300000000001
1129,-19.534,0.6759999999999999,6.5429999999999975,49.137
1130,9.940999999999999,1.906,9.126,51.117
1131,2.7439999999999998,10.796,9.856,45.823
1132,2.5229999999999997,18.862000000000002,13.407,41.875
1133,-7.063999999999999,21.589000000000002,14.897,52.773
1134,-2.5209999999999995,22.305999999999997,15.177999999999999,58.545
1135,-7.023999999999999,22.941999999999997,14.844000000000001,45.537
1136,-29.262,22.104,17.689,42.431999999999995
1137,2.146,24.378,17.742,36.199
1138,5.385,22.654,17.715999999999994,48.786
1139,-10.389,24.67,20.319000000000006,46.876999999999995
1156,0.0,0.013000000000000001,0.19,0.11800000000000001
1157,0.0,0.044000000000000004,0.289,0.152
1158,0.0,0.046,0.302,0.177
1159,0.0,0.05,0.302,0.193
1160,-4.998,0.34700000000000003,0.109,86.38
1161,0.449,0.475,0.252,83.324
1162,-11.73,0.669,0.415,81.554
1163,-0.20199999999999999,0.903,0.833,93.661
1164,0.004,1.189,1.31,93.12200000000001
1165,-1.4409999999999998,1.493,1.754,75.705
1166,1.578,1.794,2.21,86.649
1167,0.40700000000000003,2.015,2.6239999999999997,73.26899999999998
1168,-1.253,2.251,2.946,75.684
1169,0.33899999999999997,2.758,3.616,76.127
1170,-2.33,3.543,4.016,83.432
1171,2.272,4.8389999999999995,4.676,84.551
1172,0.317,6.6129999999999995,4.838,76.17699999999998
1173,-0.753,12.879000000000001,5.187,79.036
1174,0.6659999999999999,22.951999999999998,5.2170000000000005,83.162
1175,-0.8759999999999999,34.803000000000004,5.58,86.751
1176,1.087,45.761,6.166,79.138
1177,0.308,55.068999999999996,6.49,83.417
1178,-2.229,62.668,7.481,80.634
1179,-1.8090000000000002,74.52199999999998,8.533999999999999,79.82
1195,0.0,0.002,0.121,0.052000000000000005
1196,0.0,0.42100000000000004,0.391,0.042
1197,0.0,0.9079999999999999,0.44799999999999995,0.038
1198,0.0,1.4409999999999998,0.72,0.023
1199,0.0,1.5,1.2,0.013000000000000001
1213,47.684000000000005,0.001,0.005,7.654
1214,-39.774,0.09699999999999999,0.013000000000000001,8.18
1215,-39.488,0.11800000000000001,0.132,9.176
1216,-30.657000000000004,0.136,0.275,11.505
1217,148.38299999999998,0.16,0.34,11.097999999999999
1218,84.95299999999999,0.384,0.461,10.290999999999999
1219,-16.884999999999998,0.23600000000000002,0.5489999999999999,9.843
1227,0.0,0.01,0.001,3.4530000000000003
1228,0.0,0.01,0.001,2.821
1229,0.0,0.01,0.016,2.148
1230,0.0,0.019,0.018000000000000002,3.3930000000000002
1231,0.0,0.023,0.015,3.4160000000000004
1232,0.0,0.027999999999999997,0.015,4.256
1233,0.0,0.031,0.018000000000000002,3.906
1234,0.0,0.034,0.04,3.2769999999999997
1235,0.0,0.037000000000000005,0.06,3.7489999999999997
1236,0.0,0.04,0.055999999999999994,3.3080000000000003
1237,0.0,0.057999999999999996,0.061,3.174
1238,0.0,0.075,0.376,3.946
1239,0.0,0.092,1.5630000000000002,3.173
1298,0.0,0.001,0.122,2.432
1299,0.0,0.001,0.14800000000000002,2.108
1312,0.0,0.001,0.001,0.997
1313,0.0,0.003,0.004,1.256
1314,0.0,0.006999999999999999,0.006,0.191
1315,0.0,0.015,0.006,0.474
1316,0.0,0.027999999999999997,0.006,0.37799999999999995
1317,0.0,0.040999999999999995,0.006,0.41100000000000003
1318,0.0,0.068,0.006,0.345
1319,0.0,0.08,0.006,0.301
1352,0.0,0.002,0.54,0.423
1353,0.0,0.045,0.603,0.521
1354,0.0,0.073,0.639,0.39899999999999997
1355,0.0,0.073,0.81,0.349
1356,0.0,0.066,1.136,0.45399999999999996
1357,0.0,0.068,1.364,0.602
1358,0.0,0.087,1.1440000000000001,0.431
1359,0.0,0.09,1.4280000000000002,0.353
1363,0.0,0.001,0.026000000000000002,0.079
1364,0.0,0.009000000000000001,0.039,0.10400000000000001
1365,0.0,0.018000000000000002,0.052000000000000005,0.09300000000000001
1366,0.0,0.021,0.057999999999999996,0.111
1367,0.0,0.021,0.064,0.11699999999999999
1368,0.0,0.02,0.061,0.132
1369,0.0,0.02,0.063,0.106
1370,0.0,0.021,0.055,0.10800000000000001
1371,0.0,0.026000000000000002,0.064,0.063
1372,0.0,0.038,0.077,0.098
1373,0.0,0.07400000000000001,0.083,0.11900000000000001
1374,0.0,0.095,0.08,0.10800000000000001
1375,0.0,0.10400000000000001,0.102,0.099
1376,0.0,0.1,0.10099999999999999,0.115
1377,0.0,0.10800000000000001,0.235,0.086
1378,0.0,0.12,0.255,0.09300000000000001
1379,0.0,0.12,0.255,0.09300000000000001
1432,0.0,0.001,0.004,0.073
1433,0.0,0.003,0.004,0.094
1434,0.0,0.025,0.003,0.09
1435,0.0,0.026000000000000002,0.003,0.121
1436,0.0,0.03,0.018000000000000002,0.099
1437,0.0,0.039,0.015,0.08900000000000001
1438,0.0,0.049,0.015,0.124
1439,0.0,0.06,0.015,0.125
1440,53.861000000000004,0.006999999999999999,0.019,32.802
1441,47.440000000000005,0.008,0.018000000000000002,28.217
1442,19.586000000000002,0.008,0.021,24.701
1443,143.534,0.008,0.019,19.680999999999997
1444,60.278000000000006,0.009000000000000001,0.02,24.954
1445,33.88099999999998,0.009000000000000001,0.019,27.381999999999998
1446,3.6889999999999983,0.01,0.059000000000000004,30.09
1447,-129.46800000000002,0.009000000000000001,0.262,27.003
1448,-178.77600000000004,0.009000000000000001,0.26899999999999996,38.786
1449,-75.04400000000001,0.012,0.596,26.445999999999998
1450,-12.008000000000001,0.031,1.237,36.79
1451,20.480999999999998,0.040999999999999995,1.6340000000000001,35.92800000000001
1452,-42.798,0.069,3.667,31.587
1453,-10.013999999999998,0.106,4.168,27.721999999999998
1454,-65.941,0.221,6.351,38.549
1455,-149.25,0.239,8.453,30.614
1456,-123.844,0.46399999999999997,9.935,29.744
1457,-176.73600000000002,1.074,9.913,31.739
1458,-122.116,1.8359999999999999,12.238,32.384
1459,-101.81,6.591,16.837,23.845
1470,56.725,0.008,0.001,0.035
1471,41.445,0.008,0.001,0.052000000000000005
1472,-9.816,0.008,0.001,0.051
1473,11.65,0.009000000000000001,0.054000000000000006,0.059000000000000004
1474,-47.049,0.009000000000000001,0.126,0.065
1475,-1.604,0.009000000000000001,0.154,0.057999999999999996
1476,57.94600000000001,0.009000000000000001,0.154,0.084
1477,76.11399999999998,0.025,0.307,0.084
1478,26.945,0.033,0.34,0.084
1479,13.527999999999999,0.04,0.38,0.09300000000000001
1515,0.0,0.005,2.52,1.8659999999999999
1516,0.0,0.401,3.0,1.242
1517,0.0,0.415,3.035,1.173
1518,0.0,0.95,3.841,1.6769999999999998
1519,0.0,1.581,4.699,1.6369999999999998
1570,0.0,0.006999999999999999,0.001,1.235
1571,0.0,0.008,0.001,1.39
1572,0.0,0.013999999999999999,0.001,1.591
1573,0.0,0.022000000000000002,0.001,1.2590000000000001
1574,0.0,0.028999999999999998,0.001,1.47
1575,0.0,0.039,0.001,1.4869999999999999
1576,0.0,0.057,0.001,1.345
1577,0.0,0.026000000000000002,0.005,1.577
1578,0.0,0.026000000000000002,0.005,1.133
1579,0.0,0.026000000000000002,0.005,1.014
1594,0.004,0.017,0.006,3.7510000000000003
1595,0.019,0.019,0.006,3.418
1596,0.009000000000000001,0.019,0.006,4.195
1597,0.0,0.078,0.006,4.586
1598,0.0,0.078,0.013999999999999999,4.849
1599,0.0,0.08,0.013999999999999999,5.3260000000000005
1600,-15.722000000000001,0.008,0.8290000000000001,0.142
1601,32.861,0.012,0.825,0.11699999999999999
1602,-11.277999999999999,0.016,0.9470000000000001,0.11
1603,-28.028000000000002,0.025,1.32,0.07200000000000001
1604,109.0,0.034,1.871,0.095
1605,-62.833,0.035,2.0669999999999997,0.08800000000000001
1606,-8.306000000000001,0.037000000000000005,2.734,0.106
1607,-25.0,0.038,3.438,0.107
1608,89.056,0.04,4.26,0.102
1609,-54.083,0.045,4.581,0.098
1610,97.667,0.055999999999999994,3.9930000000000003,0.105
1611,-57.693999999999996,0.10400000000000001,5.1,0.057
1612,-10.944,0.191,4.982,0.10400000000000001
1613,40.028,0.41,5.6270000000000024,0.114
1614,-120.195,0.725,5.7970000000000015,0.11199999999999999
1615,-145.139,1.109,7.55,0.09300000000000001
1616,-15.860999999999999,1.6019999999999999,8.17,0.1
1617,-57.583,2.208,10.569,0.061
1618,-62.306000000000004,3.693,10.564,0.07200000000000001
1619,-42.07,5.32,11.523,0.07400000000000001
1630,6.263999999999999,0.004,1.621,24.479
1631,-2.972,0.004,1.9380000000000002,24.86
1632,-0.276,0.005,2.0580000000000003,22.66800000000001
1633,-1.8019999999999998,0.006999999999999999,2.002,22.799
1634,-4.831,0.018000000000000002,2.189,24.075
1635,-4.9910000000000005,0.036000000000000004,2.34,24.285
1636,-3.825,0.055999999999999994,2.307,25.663
1637,0.245,0.075,2.066,24.928
1638,2.247,0.098,2.0469999999999997,26.026999999999997
1639,-1.306,0.12300000000000001,2.222,25.326999999999998
1649,0.0,0.004,0.11,0.294
1650,0.0,0.005,0.16,0.499
1651,0.0,0.006,0.21,0.44
1652,0.0,0.009000000000000001,0.33,0.415
1653,0.0,0.001,0.562,0.451
1654,0.0,0.001,0.85,0.391
1655,0.0,0.002,0.865,0.292
1656,0.0,0.002,0.7290000000000001,0.42200000000000004
1657,0.0,0.013999999999999999,0.635,0.46299999999999997
1658,0.0,0.02,0.8009999999999999,0.40700000000000003
1659,0.0,0.022000000000000002,0.73,0.445
1692,4.4140000000000015,0.021,0.002,5.602
1693,-141.699,0.022000000000000002,0.002,5.273
1694,66.816,0.022000000000000002,0.003,5.292999999999998
1695,34.678000000000004,0.024,0.003,5.664
1696,-216.663,0.027000000000000003,0.003,8.068999999999999
1697,82.47200000000001,0.027999999999999997,0.003,7.67
1698,32.335,0.027999999999999997,0.003,6.393
1699,68.849,0.03,0.003,6.6370000000000005
1700,132.054,0.01,0.031,140.4
1701,61.022999999999996,0.01,0.027000000000000003,119.258
1702,63.52700000000001,0.01,0.075,128.078
1703,26.817,0.01,0.218,104.425
1704,25.061999999999998,0.01,0.252,107.693
1705,-70.80799999999999,0.01,0.499,134.33100000000002
1706,-83.23100000000001,0.02,0.636,118.175
1707,-104.72,0.02,0.892,132.319
1708,51.166999999999994,0.02,0.9129999999999999,137.654
1709,-27.912,0.02,0.977,124.03
1710,-84.884,0.02,0.879,116.257
1711,-120.08400000000003,0.02,1.2830000000000001,119.78
1718,-83.62299999999999,0.002,3.8760000000000003,138.202
1719,-124.49199999999999,0.013000000000000001,5.53,123.663
1750,5.722,0.013000000000000001,0.01,31.493000000000002
1751,-0.819,0.027000000000000003,0.018000000000000002,28.232
1753,-10.395,0.145,0.4,31.554000000000002
1754,-3.9210000000000003,0.23800000000000002,0.8,32.149
1755,0.309,0.368,0.7859999999999999,34.287
1756,0.355,0.8540000000000001,1.409,31.861
1757,0.10399999999999998,0.889,2.101,27.646
1758,-3.5039999999999996,1.02,3.157,37.006
1759,7.167000000000002,1.032,3.609,43.146
1774,0.0,0.001,0.11599999999999999,4.984
1775,0.0,0.016,0.42,6.194
1776,0.0,0.071,0.625,6.4579999999999975
1777,0.0,0.156,0.49,7.181
1778,0.0,0.233,0.588,7.776
1779,0.0,0.295,0.68,8.302999999999999
1812,3.583,0.06,0.001,21.14
1813,9.628,0.2,0.001,22.086
1814,9.916,0.2,0.26,21.976999999999997
1815,-16.386,0.23,0.595,23.474
1816,5.6450000000000005,0.24100000000000002,1.063,23.916
1817,-11.759,0.287,1.073,28.769000000000002
1818,5.865,0.75,1.5019999999999998,30.415
1819,3.1479999999999997,0.767,1.655,31.255
1825,0.0,0.002,0.017,8.302999999999999
1826,0.0,0.001,0.053,9.84
1827,0.0,0.001,0.057999999999999996,8.478
1828,0.0,0.001,0.061,9.744
1829,0.0,0.001,0.064,9.69
1830,0.0,0.001,0.062,7.725
1831,0.0,0.001,0.09,9.601
1832,0.0,0.001,0.075,10.149
1833,0.0,0.001,0.066,9.919
1834,0.0,0.017,0.15,9.046
1835,0.0,0.139,0.75,8.578
1836,0.0,1.097,0.975,8.03
1837,0.0,1.2009999999999998,1.094,9.515
1838,0.0,1.249,1.153,9.29
1839,0.0,1.246,1.042,7.945
1852,25.089,0.001,4.747,2.037
1853,-8.651,0.001,6.004,2.439
1854,-37.489,0.006999999999999999,7.676,2.182
1855,-12.831,0.057,10.857999999999999,1.8319999999999999
1856,-11.927,0.124,12.588,2.1390000000000002
1857,-27.639,0.165,14.909,2.56
1858,-29.767,0.3,12.799000000000001,1.97
1859,-30.217,0.725,15.039000000000001,1.9280000000000002
1860,0.0,0.001,0.168,11.323
1861,0.0,0.001,0.256,14.034
1862,0.0,0.002,0.36200000000000004,7.8
1863,0.0,0.003,0.496,15.722999999999999
1864,0.0,0.003,0.816,9.869
1865,0.0,0.003,1.7730000000000001,4.731
1866,0.0,0.005,2.925,11.002
1867,0.0,0.024,4.037,10.092
1868,0.0,0.040999999999999995,5.7570000000000014,6.7989999999999995
1869,0.0,0.16,7.577000000000001,8.283999999999999
1870,0.0,0.21100000000000002,9.182,16.148
1871,0.0,0.28,9.162,11.539000000000001
1872,0.0,0.39299999999999996,10.26,5.6229999999999976
1873,0.0,0.479,12.015,13.73
1874,0.0,0.627,12.110999999999999,15.569
1875,0.0,0.7959999999999999,11.607999999999999,8.661
1876,0.0,0.871,12.474,15.722999999999999
1877,0.0,0.992,12.248,5.897
1878,0.0,1.006,12.617,12.392999999999999
1879,0.0,1.2409999999999999,13.69,9.211
1911,8.628000000000004,0.001,1.3869999999999998,14.728
1912,-6.276999999999999,0.008,2.64,12.065999999999999
1913,-18.880000000000003,0.42,4.52,14.956
1914,-1.407,1.6159999999999999,6.2010000000000005,18.805
1915,2.717,1.982,7.063,16.632
1916,-19.521,1.82,6.59,18.028
1917,10.342,1.8559999999999999,7.407,14.494000000000002
1918,-5.449,1.771,6.322,17.664
1919,-6.9510000000000005,1.796,6.768,15.655
1973,4.6610000000000005,0.002,0.001,10.101
1974,-23.247,0.006,0.001,10.892999999999999
1975,17.653,0.011000000000000001,0.001,9.979
1976,0.217,0.012,0.026000000000000002,10.684000000000001
1977,0.006999999999999999,0.013000000000000001,0.048,9.061
1978,-7.165,0.013000000000000001,0.15,10.533
1979,2.615,0.013999999999999999,0.848,10.07
2013,0.0,0.215,0.004,4.629
2014,0.0,0.257,0.004,6.0920000000000005
2015,0.0,0.27399999999999997,0.006,3.807
2016,0.0,0.267,0.006,4.503
2017,0.0,0.284,0.006,3.8680000000000003
2018,0.0,0.255,0.006,4.704
2019,0.0,0.255,0.006,4.62
2022,-22.255,0.021,0.032,2.3569999999999998
2023,121.32700000000001,0.021,0.032,0.777
2024,26.771,0.021,0.032,0.941
2025,14.995,0.021,0.032,1.319
2026,-1.4980000000000002,0.021,0.032,2.8689999999999998
2027,1.252,0.021,0.032,0.8590000000000001
2028,30.433000000000003,0.021,0.032,1.1909999999999998
2029,-14.387,0.021,0.032,1.386
2030,50.733999999999995,0.021,0.03,2.093
2031,-10.582,0.021,0.04,2.036
2032,39.211999999999996,0.03,0.04,1.193
2033,-15.155999999999999,0.05,0.01,1.107
2034,31.717,1.008,1.1,0.904
2035,-64.34100000000001,2.136,2.5,0.802
2036,13.667,3.0069999999999997,3.7,0.674
2037,-11.374,3.9360000000000004,4.9239999999999995,0.802
2038,6.136,4.2410000000000005,6.4670000000000005,1.093
2039,6.9060000000000015,4.809,6.624,1.0759999999999998
2060,-2.8489999999999998,0.013999999999999999,4.727,28.256
2061,-5.559,0.017,6.7589999999999995,40.88800000000001
2062,-2.082,0.018000000000000002,9.342,21.224
2063,-6.28,0.02,12.075,40.483000000000004
2064,-2.582,0.024,15.7,31.084
2065,-3.443,0.048,21.176,18.393
2066,-4.454,0.125,23.296999999999997,25.959
2067,-4.396,0.515,27.568,27.309
2068,-17.34,2.5780000000000003,32.946,23.364
2069,-6.557,6.064,38.117,26.410999999999998
2070,-5.983,7.186,44.271,42.303999999999995
2071,-7.5310000000000015,9.399,42.918,30.596
2072,-2.186,11.968,49.472,20.545
2073,-8.115,13.095999999999998,55.646,36.865
2074,-1.565,13.672,52.01300000000001,39.169000000000004
2075,-4.4430000000000005,13.859000000000002,49.325,28.14
2076,-6.513,13.642999999999999,48.905,36.395
2077,5.14,14.397,49.126999999999995,18.322
2078,-2.356,12.744000000000002,50.896,34.334
2079,-10.479000000000001,15.147,54.369,24.909000000000002
2080,0.0,0.008,0.003,3.165
2081,0.0,0.008,0.003,3.0789999999999997
2082,0.0,0.01,0.004,2.6660000000000004
2083,0.0,0.011000000000000001,0.003,3.263
2084,0.0,0.012,0.003,2.931
2085,0.0,0.013999999999999999,0.002,3.4160000000000004
2086,0.0,0.015,0.002,3.8489999999999998
2087,0.0,0.016,0.002,3.908
2088,0.0,0.016,0.003,4.088
2089,0.0,0.017,0.003,3.865
2090,0.0,0.017,0.053,5.577999999999999
2091,0.0,0.017,0.092,4.573
2092,0.0,0.019,0.147,3.2560000000000002
2093,0.0,0.02,0.235,6.849
2094,0.0,0.02,0.27,4.506
2095,0.0,0.021,0.34299999999999997,5.909
2096,0.0,0.023,0.345,4.178999999999999
2097,0.0,0.141,0.365,3.9810000000000003
2098,0.0,0.11699999999999999,0.325,6.3370000000000015
2099,0.0,0.37,0.3670000000000001,6.48
2140,0.0,0.001,0.457,78.584
2141,0.0,0.002,0.48200000000000004,79.06
2142,0.0,0.002,0.608,66.36
2143,0.0,0.002,0.679,53.54
2144,0.0,0.002,0.86,60.12300000000001
2145,0.0,0.002,0.935,72.803
2146,0.0,0.002,0.9840000000000001,61.722
2147,0.0,0.003,1.426,66.15899999999999
2148,0.0,0.004,1.9980000000000002,69.069
2149,0.0,0.006999999999999999,2.491,65.852
2150,0.0,0.009000000000000001,3.487,66.398
2151,0.0,0.011000000000000001,6.107,66.434
2152,0.0,0.019,7.164,78.932
2153,0.0,0.035,9.842,61.361000000000004
2154,0.0,0.047,11.235,63.76300000000001
2155,0.0,0.09699999999999999,16.322,75.312
2156,0.0,0.14300000000000002,15.479000000000001,62.018
2157,0.0,0.23,17.609,65.143
2158,0.0,0.40700000000000003,16.623,62.21
2159,0.0,0.40700000000000003,19.92,66.568
2160,0.0,0.011000000000000001,0.003,36.466
2161,0.0,0.012,0.004,40.895
2162,0.0,0.013999999999999999,0.005,34.861999999999995
2163,0.0,0.017,0.005,34.471
2164,0.0,0.017,0.006,33.411
2165,0.0,0.019,0.008,30.914
2166,0.0,0.023,0.015,30.649
2167,0.0,0.027000000000000003,0.016,34.898
2168,0.0,0.034,0.019,35.676
2169,0.0,0.05,0.023,35.366
2170,0.0,0.094,0.037000000000000005,35.704
2171,0.0,0.168,0.07,32.069
2172,0.0,0.3,0.08800000000000001,38.218
2173,0.0,0.5,0.09,38.08
2174,0.0,0.8420000000000001,0.10099999999999999,37.659
2175,0.0,1.119,0.11,37.879
2176,0.0,1.3330000000000002,0.109,34.281
2177,0.0,1.683,0.133,33.754
2178,0.0,1.944,0.122,34.637
2179,0.0,2.1109999999999998,0.14800000000000002,37.66
2206,11.317999999999998,0.001,0.001,8.044
2209,1.0299999999999998,0.009000000000000001,0.001,7.077000000000001
2210,48.79899999999999,0.02,0.001,5.482
2211,19.801999999999996,0.095,0.005,8.081
2212,48.96000000000001,0.493,0.141,8.666
2213,1.9659999999999997,1.08,0.305,5.691
2214,-1.6410000000000002,1.385,0.305,5.485
2215,-16.656,2.38,0.33,3.714
2216,9.306,3.38,0.345,3.492
2217,-22.151999999999997,4.543,1.109,4.647
2218,-22.053,4.537,1.641,7.489
2219,7.349,5.182,3.655,6.37
2270,-4.165,0.001,0.139,0.05
2271,-3.628,0.002,0.11,0.054000000000000006
2272,2.701,0.005,0.196,0.109
2273,-3.3489999999999998,0.013999999999999999,0.36,0.059000000000000004
2274,-2.835,0.034,0.51,0.055
2275,-3.8819999999999997,0.065,0.45,0.068
2276,-2.002,0.109,0.474,0.045
2277,-6.15,0.133,0.449,0.017
2278,0.887,0.174,0.45299999999999996,0.017
2279,0.0,0.174,0.5,0.065
2294,10.557,0.017,8.485,39.75
2295,-41.458,0.191,11.591,65.85600000000001
2296,31.0,1.013,15.380999999999998,66.686
2297,-4.342,2.818,17.793,57.824
2298,16.99,7.505,19.836,59.49
2299,0.693,9.16,21.344,87.99700000000001
2330,-10.309000000000001,0.001,0.051,13.02
2331,49.719,0.03,0.09,10.837
2332,30.73,0.33,0.28800000000000003,10.374
2333,-2.511999999999998,0.57,0.64,13.663
2334,-140.735,0.43,1.13,8.392999999999999
2335,-117.60000000000001,0.48,1.08,5.343
2336,14.283000000000001,0.491,0.9540000000000001,7.5939999999999985
2337,-49.57,0.74,0.983,8.856
2338,7.175000000000001,1.1079999999999999,1.188,10.324000000000002
2339,-4.688,0.998,1.462,7.687
2360,-71.46000000000001,0.001,0.9470000000000001,5.086
2361,-132.67999999999998,0.002,0.965,4.056
2362,-45.301,0.003,1.256,4.788
2363,-135.048,0.003,1.285,3.228
2364,-216.906,0.004,1.935,4.843999999999999
2365,-242.926,0.008,2.904,4.921
2366,-195.53,0.011000000000000001,4.225,4.593
2367,-90.97699999999999,0.013999999999999999,5.274,5.077
2368,-75.71900000000001,0.017,7.122000000000001,5.141
2369,-160.43499999999997,0.02,9.281,5.228
2370,-89.35999999999999,0.04,10.286,3.591
2371,-244.53900000000002,0.244,15.963,5.691
2372,-165.997,1.354,19.847,5.31
2373,-97.92,2.01,28.397,4.7010000000000005
2374,-11.788000000000004,4.053999999999999,31.959,5.888
2375,72.375,7.532999999999999,40.275,6.2970000000000015
2376,3.817000000000011,10.408,37.155,5.394
2377,-15.876000000000001,11.475,49.633,5.902
2378,32.095,12.857000000000001,56.903999999999996,5.49
2379,-1.294,12.97,64.527,5.858
2380,-129.75599999999997,0.493,5.593,270.034
2381,323.23699999999997,0.5429999999999999,6.737,208.138
2382,-463.764,0.555,10.354000000000001,255.58599999999998
2383,-220.089,0.534,11.187000000000001,267.27099999999996
2384,-19.863000000000028,0.575,14.144,259.92900000000003
2385,-234.01599999999996,0.55,17.811,263.763
2386,239.01299999999998,0.508,26.589000000000002,282.689
2387,124.51600000000003,0.612,34.45,240.614
2388,309.65599999999995,0.8640000000000001,55.363,248.543
2389,-268.6170000000002,0.8909999999999999,73.88600000000002,268.818
2390,413.6720000000001,1.212,94.652,254.702
2391,622.876,1.818,120.177,312.934
2392,456.129,4.327,140.822,271.29
2393,498.164,9.036,167.84,263.884
2394,1451.4260000000004,28.924,181.655,253.19299999999998
2395,199.0949999999999,39.032,190.71900000000002,243.989
2396,-1328.5439999999999,54.86600000000001,226.993,261.126
2397,821.3119999999999,77.27600000000002,254.303,293.839
2398,1958.4550000000002,93.365,272.65,286.619
2399,1417.0789999999993,106.89399999999999,294.906,282.613
2414,0.0,0.004,0.733,9.552999999999999
2415,0.0,0.049,2.065,8.183
2416,0.0,0.151,2.9939999999999998,7.7639999999999985
2417,0.0,0.26899999999999996,3.7739999999999996,7.443
2418,0.0,0.41600000000000004,4.732,6.4910000000000005
2419,0.0,0.423,4.753,8.027000000000001
2452,-14.598000000000003,0.004,0.03,81.188
2453,-36.85,0.004,0.071,82.71
2454,16.8,0.005,0.071,63.645
2455,6.246000000000002,0.006999999999999999,0.071,74.15
2456,-158.01500000000001,0.006999999999999999,0.071,62.32899999999999
2457,-142.577,0.006999999999999999,0.071,59.902
2458,-442.556,0.006,0.071,57.56800000000001
2459,-387.5409999999999,0.006,0.071,52.041000000000004
2460,3123.3929999999996,1.069,31.480999999999998,2610.869
2461,1703.248,1.341,38.411,2551.315
2462,392.40799999999996,1.715,52.711999999999996,2588.042
2463,4809.086,2.096,64.65100000000001,2603.144
2464,5638.006,2.7710000000000004,84.742,2770.229000000001
2465,3096.675,3.844,104.69200000000001,2883.295
2466,3140.4120000000003,5.171,132.52200000000002,2981.825
2467,2236.364,7.005,171.359,3033.772
2468,2817.266,11.432,219.43599999999998,3156.836
2469,-2127.143,19.415,277.639,3186.507
2470,5228.843,30.518,346.471,3385.722
2471,4477.975,60.01,440.54400000000004,3453.9190000000012
2472,2484.5099999999998,95.725,531.516,3631.6940000000004
2473,1306.548,132.293,643.259,3747.992
2474,1630.9919999999997,197.01,720.6080000000003,3849.512
2475,1066.0770000000002,254.668,828.648,3864.4320000000002
2476,-1744.5149999999999,329.564,958.942,4019.5170000000003
2477,2562.8319999999994,443.315,1135.069,4075.455
2478,5276.385,572.908,1266.086,4209.222
2479,1841.9300000000003,704.0239999999999,1416.9470000000001,4261.241
