,fossil_prod_change_twh,solar_electricity,wind_electricity
0,425.882,0.013000000000000001,0.17600000000000002
1,-1.5729999999999977,0.016,0.41600000000000004
2,67.293,0.019,0.445
3,596.0630000000001,0.023,0.541
4,634.651,0.027000000000000003,0.769
5,271.992,0.032,0.782
6,255.16600000000005,0.040999999999999995,0.853
7,220.634,0.053,1.016
8,164.97399999999996,0.075,1.3119999999999998
9,-347.537,0.098,1.59
10,340.11199999999997,0.214,2.2840000000000003
11,-955.8539999999998,0.45299999999999996,2.537
12,539.5369999999999,0.551,2.9619999999999997
13,-458.688,0.8240000000000001,3.56
14,-156.20999999999998,1.831,5.1579999999999995
15,-66.27199999999999,3.596,8.888
16,-215.986,4.939,11.306
17,483.45900000000006,6.984,12.458
18,285.696,9.85,14.288
19,20.57399999999999,19.378,17.508
55,-5.564,0.057999999999999996,0.019
56,113.65100000000001,0.087,0.028999999999999998
57,-4.696999999999999,0.5720000000000001,0.008
58,-6.607999999999999,0.603,0.011000000000000001
59,-87.835,0.615,0.011000000000000001
91,-37.096000000000004,0.002,0.059000000000000004
92,-14.267,0.008,0.8220000000000001
93,-28.957,0.015,1.0070000000000001
94,-5.34,0.016,0.619
95,13.065,0.015,0.593
96,1.4839999999999982,0.013999999999999999,0.5479999999999999
97,-17.472,0.016,0.612
98,26.264,0.10800000000000001,1.413
99,36.903,0.8,4.997
115,0.0,0.001,0.003
116,0.0,0.001,0.002
117,0.0,0.003,0.002
118,0.0,0.019,0.002
119,0.0,0.013000000000000001,0.003
120,181.398,0.038,0.057999999999999996
121,143.414,0.044000000000000004,0.21
122,67.247,0.05,0.364
123,29.211000000000006,0.059000000000000004,0.703
124,68.21299999999998,0.069,0.705
125,130.21300000000002,0.079,0.885
126,58.915000000000006,0.091,1.713
127,115.894,0.109,2.611
128,65.058,0.127,3.093
129,132.016,0.16,3.806
130,190.118,0.389,5.052
131,-82.436,1.392,6.085
132,278.164,2.325,6.97
133,213.082,3.4760000000000004,7.96
134,299.082,4.01,10.252
135,65.705,5.023,11.467
136,195.173,6.209,12.199000000000002
137,66.57700000000001,8.071,12.597000000000001
138,329.98199999999997,9.929,15.164000000000001
139,321.26,14.218,21.143
140,0.0,0.003,0.067
141,0.0,0.005,0.105
142,0.0,0.009000000000000001,0.14
143,0.0,0.015,0.3720000000000001
144,0.0,0.018000000000000002,0.934
145,0.0,0.021,1.331
146,0.0,0.022000000000000002,1.7530000000000001
147,0.0,0.024,2.037
148,0.0,0.03,2.011
149,0.0,0.049,1.954
150,0.0,0.08900000000000001,2.064
151,0.0,0.174,1.936
152,0.0,0.337,2.463
153,0.0,0.626,3.1519999999999997
154,0.0,0.785,3.846
155,0.0,0.937,4.84
156,0.0,1.0959999999999999,5.235
157,0.0,1.2690000000000001,6.572
158,0.0,1.4380000000000002,6.03
159,0.0,1.3530000000000002,7.6
173,7.605,0.001,0.001
174,-6.09,0.003,0.002
175,-1.7240000000000002,0.005,0.005
176,-11.942000000000004,0.035,0.023
177,-32.339,0.037000000000000005,0.022000000000000002
178,14.146,0.039,0.08199999999999999
179,40.245000000000005,0.044000000000000004,0.135
192,4.2780000000000005,0.001,0.001
193,9.06,0.001,0.001
194,7.3870000000000005,0.008,0.001
195,0.606,0.008,0.001
196,-3.5060000000000002,0.008,0.001
197,0.598,0.008,0.001
198,1.811,0.008,0.001
199,22.521,0.008,0.001
206,11.0,0.01,0.002
207,9.73,0.02,0.002
208,10.401,0.02,0.002
209,23.70300000000001,0.03,0.002
210,5.07,0.07,0.002
211,3.284,0.062,0.002
213,6.165,0.136,0.004
214,10.695,0.17300000000000001,0.004
215,28.318,0.21,0.006
216,5.968999999999999,0.233,0.006
217,1.4169999999999998,0.268,0.006
218,-0.109,0.29100000000000004,0.006
219,21.243000000000002,0.42,0.006
234,0.0,0.001,0.011000000000000001
235,0.0,0.008,0.026000000000000002
236,0.0,0.027999999999999997,0.075
237,0.0,0.08900000000000001,0.09699999999999999
238,0.0,0.177,0.099
239,0.0,0.18100000000000002,0.17800000000000002
244,0.0,0.001,0.141
245,0.0,0.001,0.22699999999999998
246,0.0,0.002,0.366
247,0.0,0.006,0.491
248,0.0,0.040999999999999995,0.637
249,0.0,0.166,0.996
250,0.0,0.56,1.2919999999999998
251,0.0,1.169,2.312
252,0.0,2.148,2.7510000000000003
253,0.0,2.6439999999999997,3.665
254,0.0,2.886,4.615
255,0.0,3.056,5.574
256,0.0,3.095,5.438
257,0.0,3.307,6.513999999999999
258,0.0,3.9019999999999997,7.465
259,0.0,3.8789999999999996,9.362
293,24.357,0.003,0.001
294,7.013999999999999,0.006,0.008
295,-7.162000000000001,0.005,0.012
296,-7.8610000000000015,0.006,0.035
297,-5.388,0.006,0.06
298,-11.997,0.127,0.059000000000000004
299,-20.857,0.18899999999999997,0.07
316,1.517,0.024,0.001
317,0.0,0.021,0.001
318,0.0,0.021,0.10300000000000001
319,0.0,0.03,0.254
350,88.65599999999999,0.001,2.177
351,52.042,0.002,2.705
352,6.140999999999999,0.006999999999999999,5.05
353,3.4389999999999983,0.005,6.58
354,161.583,0.016,12.21
355,109.60900000000001,0.059000000000000004,21.63
356,47.06900000000002,0.085,33.49
357,95.78000000000002,0.8320000000000001,42.37
358,-42.377,3.4610000000000003,48.475
359,135.935,6.655,55.986000000000004
369,-2.958,0.003,0.237
370,3.938,0.015,0.6809999999999999
371,14.716,0.10099999999999999,0.861
372,-6.9620000000000015,0.8140000000000001,1.2209999999999999
373,-9.575,1.361,1.374
374,3.951,1.252,1.331
375,8.591000000000001,1.383,1.452
376,-8.713,1.386,1.425
377,6.7520000000000024,1.403,1.504
378,-4.996,1.3430000000000002,1.318
379,-4.637,1.47,1.297
420,166.476,0.016,0.264
421,45.321000000000005,0.019,0.337
422,21.611000000000004,0.022000000000000002,0.408
423,13.20999999999999,0.023,0.826
424,82.68599999999999,0.013000000000000001,0.9540000000000001
425,10.138000000000002,0.017,1.4709999999999999
426,94.723,0.021,2.5
427,13.751,0.026000000000000002,3.0239999999999996
428,-115.18299999999999,0.035,3.7060000000000004
429,-146.951,0.10300000000000001,6.641
430,57.04600000000002,0.253,8.637
431,124.21799999999999,0.5660000000000001,10.086
432,140.584,0.872,11.198
433,171.94900000000004,1.484,17.913
434,244.38000000000002,2.099,22.315
435,66.88399999999999,2.866,26.697
436,150.85500000000002,3.992,30.623
437,246.29799999999997,3.5380000000000003,31.198
438,254.16400000000002,3.759,32.854
439,0.33500000000000796,4.272,30.531999999999996
453,0.0,0.008,0.5529999999999999
454,0.0,0.48,1.4409999999999998
455,0.0,1.238,2.112
456,0.0,2.59,2.4459999999999997
457,0.0,3.843,3.516
458,0.0,5.122000000000001,3.583
459,0.0,6.136,5.086
464,27.931,0.006999999999999999,0.052000000000000005
465,47.37100000000001,0.006999999999999999,0.049
466,53.87499999999999,0.006999999999999999,0.063
467,36.828,0.006999999999999999,0.049
468,78.946,0.006999999999999999,0.054000000000000006
469,58.12100000000001,0.006999999999999999,0.057999999999999996
470,90.129,0.008,0.039
471,167.65800000000002,0.008,0.04
472,54.759,0.008,0.055
473,27.42,0.008,0.06
474,3.7940000000000005,0.009000000000000001,0.07
475,-22.142000000000003,0.009000000000000001,0.068
476,-27.94399999999999,0.009000000000000001,0.05
477,-17.994,0.013999999999999999,0.003
478,-37.369,0.021,0.043
479,0.7680000000000007,0.132,0.06
511,0.0,0.001,0.41
512,0.0,0.002,0.528
513,0.0,0.003,0.485
514,0.0,0.003,0.735
515,0.0,0.003,1.08
516,0.0,0.003,1.15
517,0.0,0.004,1.288
518,0.0,0.055999999999999994,1.7990000000000002
519,0.0,0.076,1.796
532,0.0,0.002,0.32899999999999996
533,0.0,0.011000000000000001,0.517
534,0.0,0.035,0.73
535,0.0,0.057,0.7959999999999999
536,0.0,0.066,1.014
537,0.0,0.079,1.204
538,0.0,0.075,1.335
539,0.0,0.078,1.4409999999999998
550,0.0,0.002,0.01
551,0.0,0.002,0.02
552,0.0,0.001,0.021
553,0.0,0.003,0.023
554,0.0,0.018000000000000002,0.019
555,0.0,0.028999999999999998,0.021
556,0.0,0.039,0.021
557,0.0,0.06,0.021
558,0.0,0.147,0.021
559,0.0,0.15,0.021
570,0.0,0.006,0.032
571,0.0,0.012,0.115
572,0.0,0.022000000000000002,0.185
573,0.0,0.047,0.231
574,0.0,0.084,0.183
575,0.0,0.127,0.222
576,0.0,0.146,0.22699999999999998
577,0.0,0.172,0.21100000000000002
578,0.0,0.19899999999999998,0.221
579,0.0,0.19899999999999998,0.24
580,40.92099999999999,0.001,4.2410000000000005
581,-6.6610000000000005,0.001,4.306
582,14.054000000000002,0.001,4.877
583,-6.355,0.002,5.561
584,28.046,0.002,6.5829999999999975
585,4.095,0.002,6.614
586,-20.186,0.002,6.108
587,-31.665999999999997,0.002,7.171
588,-4.411,0.003,6.928
589,-30.484,0.004,6.721
590,-10.874,0.006,7.809
591,-30.907000000000004,0.015,9.774
592,-19.813000000000002,0.10400000000000001,10.27
593,-25.237000000000002,0.518,11.123
594,-8.144,0.596,13.079
595,-5.187,0.604,14.133
596,-9.822,0.7440000000000001,12.782
597,1.3229999999999995,0.7509999999999999,14.78
598,-20.229999999999997,0.953,13.899000000000001
599,-18.213,0.958,15.878
612,0.0,0.001,0.096
613,0.0,0.009000000000000001,0.24
614,0.0,0.018000000000000002,0.24
615,0.0,0.032,0.29
616,0.0,0.075,0.32
617,0.0,0.139,0.39
618,0.0,0.23,0.4970000000000001
619,0.0,0.4,0.78
633,13.290999999999999,0.004,0.06
634,18.429000000000002,0.016,0.08
635,-8.376,0.036000000000000004,0.1
636,4.231,0.039,0.084
637,-11.564,0.037000000000000005,0.073
638,-8.758,0.038,0.08
639,8.565,0.038,0.086
650,-15.857,0.20600000000000002,1.5
651,-3.776,0.223,1.52
652,-3.9750000000000005,0.237,1.123
653,-50.571,0.214,1.3319999999999999
654,-60.991,0.244,1.444
655,-40.32699999999999,0.168,2.0580000000000003
656,-41.92,0.58,2.2
657,66.369,0.6,2.334
658,120.85100000000001,1.51,2.36
659,56.346999999999994,3.68,2.792
710,0.0,0.002,0.002
711,0.0,0.002,0.002
712,0.0,0.002,0.002
713,0.0,0.002,0.002
714,0.0,0.002,0.002
715,0.0,0.002,0.002
716,0.0,0.002,0.002
717,0.0,0.011000000000000001,0.002
718,0.0,0.043,0.002
719,0.0,0.06,0.002
736,0.0,0.01,0.594
737,0.0,0.013999999999999999,0.723
738,0.0,0.031,0.636
739,0.0,0.034,0.7190000000000001
751,0.0,0.001,0.03
752,0.0,0.002,0.192
753,0.0,0.006,0.35600000000000004
754,0.0,0.016,0.5
755,0.0,0.018000000000000002,0.76
756,0.0,0.021,0.78
757,0.0,0.022000000000000002,0.5329999999999999
758,0.0,0.02,0.5329999999999999
759,0.0,0.02,0.5329999999999999
760,0.0,0.002,0.078
761,0.0,0.002,0.07
762,0.0,0.002,0.064
763,0.0,0.002,0.09300000000000001
764,0.0,0.002,0.12
765,0.0,0.003,0.17
766,0.0,0.003,0.156
767,0.0,0.004,0.188
768,0.0,0.004,0.261
769,0.0,0.004,0.27699999999999997
770,0.0,0.005,0.294
771,0.0,0.005,0.48100000000000004
772,0.0,0.006,0.494
773,0.0,0.006,0.774
774,0.0,0.008,1.107
775,0.0,0.011000000000000001,2.327
776,0.0,0.022000000000000002,3.068
777,0.0,0.049,4.795
778,0.0,0.09,5.8389999999999995
779,0.0,0.09,6.1270000000000024
780,0.0,0.005,0.048
781,0.0,0.006,0.131
782,0.0,0.006999999999999999,0.266
783,0.0,0.008,0.38799999999999996
784,0.0,0.008,0.595
785,0.0,0.011000000000000001,0.963
786,0.0,0.012,2.1830000000000003
787,0.0,0.018000000000000002,4.07
788,0.0,0.042,5.694
789,0.0,0.174,7.912000000000001
790,0.0,0.62,9.945
791,0.0,2.334,12.372
792,0.0,4.428,15.177999999999999
793,0.0,5.194,16.127
794,0.0,6.391,17.324
795,0.0,7.752999999999999,21.421
796,0.0,8.658999999999999,21.381
797,0.0,9.585,24.609
798,0.0,10.569,28.599
799,0.0,12.569,33.599000000000004
840,-39.988,0.04,9.5
841,-26.880000000000003,0.1,10.5
842,1.4680000000000002,0.2,15.8
843,0.02799999999999958,0.3,19.2
844,-6.677,0.6,26.1
845,-27.322000000000003,1.3,27.9
846,-39.482,2.2,31.4
847,-1.343,3.1,40.5
848,-63.567,4.4,41.4
849,-51.702,6.6,39.538000000000004
850,-22.23,11.7,38.6
851,3.102999999999999,19.6,49.9
852,2.071999999999999,26.4,51.6
853,-39.411,31.0,52.7
854,-16.694,36.1,58.5
855,-20.95,38.7,80.6
856,-42.95099999999999,38.1,80.0
857,-7.997,39.4,105.7
858,-27.381,45.8,110.0
859,-90.06200000000001,46.4,125.9
884,4.312,0.001,1.121
885,-0.102,0.001,1.266
886,-4.276,0.001,1.699
887,2.545,0.001,1.818
888,-3.0189999999999997,0.005,2.242
889,0.54,0.05,2.543
890,-10.008,0.158,2.714
891,2.204,0.61,3.315
892,6.278,1.694,3.85
893,-15.31,3.648,4.138999999999999
894,-4.002,3.792,3.6889999999999996
895,-8.245,3.9,4.621
896,-19.802,3.93,5.146
897,6.916,3.991,5.537000000000001
898,-3.4010000000000002,3.7910000000000004,6.3
899,-12.457,3.9760000000000004,7.24
915,0.0,0.15,0.107
916,0.0,0.193,0.215
917,0.0,0.19899999999999998,0.218
918,0.0,0.205,0.32
919,0.0,0.22899999999999998,0.331
975,0.0,0.41700000000000004,0.665
976,0.0,0.8809999999999999,0.574
977,0.0,0.924,0.578
978,0.0,0.993,0.929
979,0.0,1.114,0.815
988,-0.922,0.001,0.205
989,-1.599,0.001,0.331
990,0.433,0.001,0.534
991,0.607,0.001,0.626
992,-0.45299999999999996,0.008,0.77
993,0.061,0.025,0.718
994,-0.276,0.067,0.657
995,-0.81,0.141,0.693
996,-0.649,0.244,0.684
997,-2.086,0.349,0.758
998,-0.139,0.62,0.607
999,2.67,1.371,0.754
1020,112.156,0.006999999999999999,1.6840000000000002
1021,23.367,0.012,2.241
1022,103.14699999999999,0.013999999999999999,2.687
1023,101.882,0.017,3.59
1024,164.343,0.019,4.49
1025,83.55999999999999,0.019,6.603
1026,106.27700000000002,0.019,8.69
1027,153.999,0.059000000000000004,11.796
1028,220.017,0.063,13.700999999999999
1029,286.07000000000005,0.075,17.804000000000006
1030,224.019,0.113,19.66
1031,-45.596999999999994,0.8270000000000001,24.53
1032,-9.65700000000001,2.29,30.12
1033,-55.047,4.14,33.17
1034,132.889,5.85,37.34
1035,116.81599999999999,6.566,32.741
1036,7.102000000000004,11.556,43.453
1037,41.527,21.545,52.629
1038,213.31099999999998,36.330999999999996,60.31100000000001
1039,-48.951,46.273,63.308
1050,222.15699999999998,0.001,0.004
1051,465.168,0.001,0.005
1052,159.863,0.003,0.005
1053,579.679,0.005,0.001
1054,-145.993,0.006999999999999999,0.001
1055,16.942,0.005,0.004
1056,-22.223,0.021,0.006
1057,-10.015,0.028999999999999998,0.006
1058,645.6909999999998,0.091,0.19
1059,289.705,0.098,0.484
1091,0.0,0.001,4.38
1092,0.0,0.001,4.01
1093,0.0,0.001,4.542
1094,0.0,0.002,5.14
1095,0.0,0.003,6.5729999999999995
1096,0.0,0.006,6.147
1097,0.0,0.011000000000000001,7.444
1098,0.0,0.017,8.64
1099,0.0,0.017,9.463
1109,0.0,0.024,0.009000000000000001
1110,0.0,0.07,0.008
1111,0.0,0.192,0.006999999999999999
1112,0.0,0.369,0.006
1113,0.0,0.494,0.006
1114,0.0,0.84,0.006
1115,0.0,1.115,0.006999999999999999
1116,0.0,1.544,0.046
1117,0.0,1.511,0.047
1118,0.0,1.574,0.064
1119,0.0,2.597,0.064
1120,-13.075,0.018000000000000002,0.563
1121,-18.658,0.019,1.179
1122,10.347,0.021,1.4040000000000001
1123,-6.629999999999997,0.024,1.4580000000000002
1124,-10.035,0.028999999999999998,1.847
1125,-1.0819999999999999,0.031,2.343
1126,-14.450000000000001,0.035,2.971
1127,-11.154,0.039,4.034
1128,-12.227999999999998,0.193,4.8610000000000015
1129,-19.534,0.6759999999999999,6.5429999999999975
1130,9.940999999999999,1.906,9.126
1131,2.7439999999999998,10.796,9.856
1132,2.5229999999999997,18.862000000000002,13.407
1133,-7.063999999999999,21.589000000000002,14.897
1134,-2.5209999999999995,22.305999999999997,15.177999999999999
1135,-7.023999999999999,22.941999999999997,14.844000000000001
1136,-29.262,22.104,17.689
1137,2.146,24.378,17.742
1138,5.385,22.654,17.715999999999994
1139,-10.389,24.67,20.319000000000006
1156,0.0,0.013000000000000001,0.19
1157,0.0,0.044000000000000004,0.289
1158,0.0,0.046,0.302
1159,0.0,0.05,0.302
1160,-4.998,0.34700000000000003,0.109
1161,0.449,0.475,0.252
1162,-11.73,0.669,0.415
1163,-0.20199999999999999,0.903,0.833
1164,0.004,1.189,1.31
1165,-1.4409999999999998,1.493,1.754
1166,1.578,1.794,2.21
1167,0.40700000000000003,2.015,2.6239999999999997
1168,-1.253,2.251,2.946
1169,0.33899999999999997,2.758,3.616
1170,-2.33,3.543,4.016
1171,2.272,4.8389999999999995,4.676
1172,0.317,6.6129999999999995,4.838
1173,-0.753,12.879000000000001,5.187
1174,0.6659999999999999,22.951999999999998,5.2170000000000005
1175,-0.8759999999999999,34.803000000000004,5.58
1176,1.087,45.761,6.166
1177,0.308,55.068999999999996,6.49
1178,-2.229,62.668,7.481
1179,-1.8090000000000002,74.52199999999998,8.533999999999999
1195,0.0,0.002,0.121
1196,0.0,0.42100000000000004,0.391
1197,0.0,0.9079999999999999,0.44799999999999995
1198,0.0,1.4409999999999998,0.72
1199,0.0,1.5,1.2
1213,47.684000000000005,0.001,0.005
1214,-39.774,0.09699999999999999,0.013000000000000001
1215,-39.488,0.11800000000000001,0.132
1216,-30.657000000000004,0.136,0.275
1217,148.38299999999998,0.16,0.34
1218,84.95299999999999,0.384,0.461
1219,-16.884999999999998,0.23600000000000002,0.5489999999999999
1227,0.0,0.01,0.001
1228,0.0,0.01,0.001
1229,0.0,0.01,0.016
1230,0.0,0.019,0.018000000000000002
1231,0.0,0.023,0.015
1232,0.0,0.027999999999999997,0.015
1233,0.0,0.031,0.018000000000000002
1234,0.0,0.034,0.04
1235,0.0,0.037000000000000005,0.06
1236,0.0,0.04,0.055999999999999994
1237,0.0,0.057999999999999996,0.061
1238,0.0,0.075,0.376
1239,0.0,0.092,1.5630000000000002
1254,-26.177999999999997,0.003,0.004
1255,-5.104999999999993,0.005,0.004
1256,55.732,0.049,0.004
1257,-91.965,0.049,0.018000000000000002
1258,27.828999999999994,0.066,0.018000000000000002
1259,-17.246,0.14,0.018000000000000002
1298,0.0,0.001,0.122
1299,0.0,0.001,0.14800000000000002
1312,0.0,0.001,0.001
1313,0.0,0.003,0.004
1314,0.0,0.006999999999999999,0.006
1315,0.0,0.015,0.006
1316,0.0,0.027999999999999997,0.006
1317,0.0,0.040999999999999995,0.006
1318,0.0,0.068,0.006
1319,0.0,0.08,0.006
1352,0.0,0.002,0.54
1353,0.0,0.045,0.603
1354,0.0,0.073,0.639
1355,0.0,0.073,0.81
1356,0.0,0.066,1.136
1357,0.0,0.068,1.364
1358,0.0,0.087,1.1440000000000001
1359,0.0,0.09,1.4280000000000002
1363,0.0,0.001,0.026000000000000002
1364,0.0,0.009000000000000001,0.039
1365,0.0,0.018000000000000002,0.052000000000000005
1366,0.0,0.021,0.057999999999999996
1367,0.0,0.021,0.064
1368,0.0,0.02,0.061
1369,0.0,0.02,0.063
1370,0.0,0.021,0.055
1371,0.0,0.026000000000000002,0.064
1372,0.0,0.038,0.077
1373,0.0,0.07400000000000001,0.083
1374,0.0,0.095,0.08
1375,0.0,0.10400000000000001,0.102
1376,0.0,0.1,0.10099999999999999
1377,0.0,0.10800000000000001,0.235
1378,0.0,0.12,0.255
1379,0.0,0.12,0.255
1432,0.0,0.001,0.004
1433,0.0,0.003,0.004
1434,0.0,0.025,0.003
1435,0.0,0.026000000000000002,0.003
1436,0.0,0.03,0.018000000000000002
1437,0.0,0.039,0.015
1438,0.0,0.049,0.015
1439,0.0,0.06,0.015
1440,53.861000000000004,0.006999999999999999,0.019
1441,47.440000000000005,0.008,0.018000000000000002
1442,19.586000000000002,0.008,0.021
1443,143.534,0.008,0.019
1444,60.278000000000006,0.009000000000000001,0.02
1445,33.88099999999998,0.009000000000000001,0.019
1446,3.6889999999999983,0.01,0.059000000000000004
1447,-129.46800000000002,0.009000000000000001,0.262
1448,-178.77600000000004,0.009000000000000001,0.26899999999999996
1449,-75.04400000000001,0.012,0.596
1450,-12.008000000000001,0.031,1.237
1451,20.480999999999998,0.040999999999999995,1.6340000000000001
1452,-42.798,0.069,3.667
1453,-10.013999999999998,0.106,4.168
1454,-65.941,0.221,6.351
1455,-149.25,0.239,8.453
1456,-123.844,0.46399999999999997,9.935
1457,-176.73600000000002,1.074,9.913
1458,-122.116,1.8359999999999999,12.238
1459,-101.81,6.591,16.837
1470,56.725,0.008,0.001
1471,41.445,0.008,0.001
1472,-9.816,0.008,0.001
1473,11.65,0.009000000000000001,0.054000000000000006
1474,-47.049,0.009000000000000001,0.126
1475,-1.604,0.009000000000000001,0.154
1476,57.94600000000001,0.009000000000000001,0.154
1477,76.11399999999998,0.025,0.307
1478,26.945,0.033,0.34
1479,13.527999999999999,0.04,0.38
1515,0.0,0.005,2.52
1516,0.0,0.401,3.0
1517,0.0,0.415,3.035
1518,0.0,0.95,3.841
1519,0.0,1.581,4.699
1570,0.0,0.006999999999999999,0.001
1571,0.0,0.008,0.001
1572,0.0,0.013999999999999999,0.001
1573,0.0,0.022000000000000002,0.001
1574,0.0,0.028999999999999998,0.001
1575,0.0,0.039,0.001
1576,0.0,0.057,0.001
1577,0.0,0.026000000000000002,0.005
1578,0.0,0.026000000000000002,0.005
1579,0.0,0.026000000000000002,0.005
1594,0.004,0.017,0.006
1595,0.019,0.019,0.006
1596,0.009000000000000001,0.019,0.006
1597,0.0,0.078,0.006
1598,0.0,0.078,0.013999999999999999
1599,0.0,0.08,0.013999999999999999
1600,-15.722000000000001,0.008,0.8290000000000001
1601,32.861,0.012,0.825
1602,-11.277999999999999,0.016,0.9470000000000001
1603,-28.028000000000002,0.025,1.32
1604,109.0,0.034,1.871
1605,-62.833,0.035,2.0669999999999997
1606,-8.306000000000001,0.037000000000000005,2.734
1607,-25.0,0.038,3.438
1608,89.056,0.04,4.26
1609,-54.083,0.045,4.581
1610,97.667,0.055999999999999994,3.9930000000000003
1611,-57.693999999999996,0.10400000000000001,5.1
1612,-10.944,0.191,4.982
1613,40.028,0.41,5.6270000000000024
1614,-120.195,0.725,5.7970000000000015
1615,-145.139,1.109,7.55
1616,-15.860999999999999,1.6019999999999999,8.17
1617,-57.583,2.208,10.569
1618,-62.306000000000004,3.693,10.564
1619,-42.07,5.32,11.523
1630,6.263999999999999,0.004,1.621
1631,-2.972,0.004,1.9380000000000002
1632,-0.276,0.005,2.0580000000000003
1633,-1.8019999999999998,0.006999999999999999,2.002
1634,-4.831,0.018000000000000002,2.189
1635,-4.9910000000000005,0.036000000000000004,2.34
1636,-3.825,0.055999999999999994,2.307
1637,0.245,0.075,2.066
1638,2.247,0.098,2.0469999999999997
1639,-1.306,0.12300000000000001,2.222
1649,0.0,0.004,0.11
1650,0.0,0.005,0.16
1651,0.0,0.006,0.21
1652,0.0,0.009000000000000001,0.33
1653,0.0,0.001,0.562
1654,0.0,0.001,0.85
1655,0.0,0.002,0.865
1656,0.0,0.002,0.7290000000000001
1657,0.0,0.013999999999999999,0.635
1658,0.0,0.02,0.8009999999999999
1659,0.0,0.022000000000000002,0.73
1692,4.4140000000000015,0.021,0.002
1693,-141.699,0.022000000000000002,0.002
1694,66.816,0.022000000000000002,0.003
1695,34.678000000000004,0.024,0.003
1696,-216.663,0.027000000000000003,0.003
1697,82.47200000000001,0.027999999999999997,0.003
1698,32.335,0.027999999999999997,0.003
1699,68.849,0.03,0.003
1700,132.054,0.01,0.031
1701,61.022999999999996,0.01,0.027000000000000003
1702,63.52700000000001,0.01,0.075
1703,26.817,0.01,0.218
1704,25.061999999999998,0.01,0.252
1705,-70.80799999999999,0.01,0.499
1706,-83.23100000000001,0.02,0.636
1707,-104.72,0.02,0.892
1708,51.166999999999994,0.02,0.9129999999999999
1709,-27.912,0.02,0.977
1710,-84.884,0.02,0.879
1711,-120.08400000000003,0.02,1.2830000000000001
1718,-83.62299999999999,0.002,3.8760000000000003
1719,-124.49199999999999,0.013000000000000001,5.53
1750,5.722,0.013000000000000001,0.01
1751,-0.819,0.027000000000000003,0.018000000000000002
1753,-10.395,0.145,0.4
1754,-3.9210000000000003,0.23800000000000002,0.8
1755,0.309,0.368,0.7859999999999999
1756,0.355,0.8540000000000001,1.409
1757,0.10399999999999998,0.889,2.101
1758,-3.5039999999999996,1.02,3.157
1759,7.167000000000002,1.032,3.609
1774,0.0,0.001,0.11599999999999999
1775,0.0,0.016,0.42
1776,0.0,0.071,0.625
1777,0.0,0.156,0.49
1778,0.0,0.233,0.588
1779,0.0,0.295,0.68
1812,3.583,0.06,0.001
1813,9.628,0.2,0.001
1814,9.916,0.2,0.26
1815,-16.386,0.23,0.595
1816,5.6450000000000005,0.24100000000000002,1.063
1817,-11.759,0.287,1.073
1818,5.865,0.75,1.5019999999999998
1819,3.1479999999999997,0.767,1.655
1825,0.0,0.002,0.017
1826,0.0,0.001,0.053
1827,0.0,0.001,0.057999999999999996
1828,0.0,0.001,0.061
1829,0.0,0.001,0.064
1830,0.0,0.001,0.062
1831,0.0,0.001,0.09
1832,0.0,0.001,0.075
1833,0.0,0.001,0.066
1834,0.0,0.017,0.15
1835,0.0,0.139,0.75
1836,0.0,1.097,0.975
1837,0.0,1.2009999999999998,1.094
1838,0.0,1.249,1.153
1839,0.0,1.246,1.042
1852,25.089,0.001,4.747
1853,-8.651,0.001,6.004
1854,-37.489,0.006999999999999999,7.676
1855,-12.831,0.057,10.857999999999999
1856,-11.927,0.124,12.588
1857,-27.639,0.165,14.909
1858,-29.767,0.3,12.799000000000001
1859,-30.217,0.725,15.039000000000001
1860,0.0,0.001,0.168
1861,0.0,0.001,0.256
1862,0.0,0.002,0.36200000000000004
1863,0.0,0.003,0.496
1864,0.0,0.003,0.816
1865,0.0,0.003,1.7730000000000001
1866,0.0,0.005,2.925
1867,0.0,0.024,4.037
1868,0.0,0.040999999999999995,5.7570000000000014
1869,0.0,0.16,7.577000000000001
1870,0.0,0.21100000000000002,9.182
1871,0.0,0.28,9.162
1872,0.0,0.39299999999999996,10.26
1873,0.0,0.479,12.015
1874,0.0,0.627,12.110999999999999
1875,0.0,0.7959999999999999,11.607999999999999
1876,0.0,0.871,12.474
1877,0.0,0.992,12.248
1878,0.0,1.006,12.617
1879,0.0,1.2409999999999999,13.69
1911,8.628000000000004,0.001,1.3869999999999998
1912,-6.276999999999999,0.008,2.64
1913,-18.880000000000003,0.42,4.52
1914,-1.407,1.6159999999999999,6.2010000000000005
1915,2.717,1.982,7.063
1916,-19.521,1.82,6.59
1917,10.342,1.8559999999999999,7.407
1918,-5.449,1.771,6.322
1919,-6.9510000000000005,1.796,6.768
1937,-278.729,0.155,0.005
1938,231.672,0.155,0.005
1939,-219.724,0.155,0.005
1973,4.6610000000000005,0.002,0.001
1974,-23.247,0.006,0.001
1975,17.653,0.011000000000000001,0.001
1976,0.217,0.012,0.026000000000000002
1977,0.006999999999999999,0.013000000000000001,0.048
1978,-7.165,0.013000000000000001,0.15
1979,2.615,0.013999999999999999,0.848
2013,0.0,0.215,0.004
2014,0.0,0.257,0.004
2015,0.0,0.27399999999999997,0.006
2016,0.0,0.267,0.006
2017,0.0,0.284,0.006
2018,0.0,0.255,0.006
2019,0.0,0.255,0.006
2022,-22.255,0.021,0.032
2023,121.32700000000001,0.021,0.032
2024,26.771,0.021,0.032
2025,14.995,0.021,0.032
2026,-1.4980000000000002,0.021,0.032
2027,1.252,0.021,0.032
2028,30.433000000000003,0.021,0.032
2029,-14.387,0.021,0.032
2030,50.733999999999995,0.021,0.03
2031,-10.582,0.021,0.04
2032,39.211999999999996,0.03,0.04
2033,-15.155999999999999,0.05,0.01
2034,31.717,1.008,1.1
2035,-64.34100000000001,2.136,2.5
2036,13.667,3.0069999999999997,3.7
2037,-11.374,3.9360000000000004,4.9239999999999995
2038,6.136,4.2410000000000005,6.4670000000000005
2039,6.9060000000000015,4.809,6.624
2060,-2.8489999999999998,0.013999999999999999,4.727
2061,-5.559,0.017,6.7589999999999995
2062,-2.082,0.018000000000000002,9.342
2063,-6.28,0.02,12.075
2064,-2.582,0.024,15.7
2065,-3.443,0.048,21.176
2066,-4.454,0.125,23.296999999999997
2067,-4.396,0.515,27.568
2068,-17.34,2.5780000000000003,32.946
2069,-6.557,6.064,38.117
2070,-5.983,7.186,44.271
2071,-7.5310000000000015,9.399,42.918
2072,-2.186,11.968,49.472
2073,-8.115,13.095999999999998,55.646
2074,-1.565,13.672,52.01300000000001
2075,-4.4430000000000005,13.859000000000002,49.325
2076,-6.513,13.642999999999999,48.905
2077,5.14,14.397,49.126999999999995
2078,-2.356,12.744000000000002,50.896
2079,-10.479000000000001,15.147,54.369
2080,0.0,0.008,0.003
2081,0.0,0.008,0.003
2082,0.0,0.01,0.004
2083,0.0,0.011000000000000001,0.003
2084,0.0,0.012,0.003
2085,0.0,0.013999999999999999,0.002
2086,0.0,0.015,0.002
2087,0.0,0.016,0.002
2088,0.0,0.016,0.003
2089,0.0,0.017,0.003
2090,0.0,0.017,0.053
2091,0.0,0.017,0.092
2092,0.0,0.019,0.147
2093,0.0,0.02,0.235
2094,0.0,0.02,0.27
2095,0.0,0.021,0.34299999999999997
2096,0.0,0.023,0.345
2097,0.0,0.141,0.365
2098,0.0,0.11699999999999999,0.325
2099,0.0,0.37,0.3670000000000001
2140,0.0,0.001,0.457
2141,0.0,0.002,0.48200000000000004
2142,0.0,0.002,0.608
2143,0.0,0.002,0.679
2144,0.0,0.002,0.86
2145,0.0,0.002,0.935
2146,0.0,0.002,0.9840000000000001
2147,0.0,0.003,1.426
2148,0.0,0.004,1.9980000000000002
2149,0.0,0.006999999999999999,2.491
2150,0.0,0.009000000000000001,3.487
2151,0.0,0.011000000000000001,6.107
2152,0.0,0.019,7.164
2153,0.0,0.035,9.842
2154,0.0,0.047,11.235
2155,0.0,0.09699999999999999,16.322
2156,0.0,0.14300000000000002,15.479000000000001
2157,0.0,0.23,17.609
2158,0.0,0.40700000000000003,16.623
2159,0.0,0.40700000000000003,19.92
2160,0.0,0.011000000000000001,0.003
2161,0.0,0.012,0.004
2162,0.0,0.013999999999999999,0.005
2163,0.0,0.017,0.005
2164,0.0,0.017,0.006
2165,0.0,0.019,0.008
2166,0.0,0.023,0.015
2167,0.0,0.027000000000000003,0.016
2168,0.0,0.034,0.019
2169,0.0,0.05,0.023
2170,0.0,0.094,0.037000000000000005
2171,0.0,0.168,0.07
2172,0.0,0.3,0.08800000000000001
2173,0.0,0.5,0.09
2174,0.0,0.8420000000000001,0.10099999999999999
2175,0.0,1.119,0.11
2176,0.0,1.3330000000000002,0.109
2177,0.0,1.683,0.133
2178,0.0,1.944,0.122
2179,0.0,2.1109999999999998,0.14800000000000002
2206,11.317999999999998,0.001,0.001
2209,1.0299999999999998,0.009000000000000001,0.001
2210,48.79899999999999,0.02,0.001
2211,19.801999999999996,0.095,0.005
2212,48.96000000000001,0.493,0.141
2213,1.9659999999999997,1.08,0.305
2214,-1.6410000000000002,1.385,0.305
2215,-16.656,2.38,0.33
2216,9.306,3.38,0.345
2217,-22.151999999999997,4.543,1.109
2218,-22.053,4.537,1.641
2219,7.349,5.182,3.655
2270,-4.165,0.001,0.139
2271,-3.628,0.002,0.11
2272,2.701,0.005,0.196
2273,-3.3489999999999998,0.013999999999999999,0.36
2274,-2.835,0.034,0.51
2275,-3.8819999999999997,0.065,0.45
2276,-2.002,0.109,0.474
2277,-6.15,0.133,0.449
2278,0.887,0.174,0.45299999999999996
2279,0.0,0.174,0.5
2294,10.557,0.017,8.485
2295,-41.458,0.191,11.591
2296,31.0,1.013,15.380999999999998
2297,-4.342,2.818,17.793
2298,16.99,7.505,19.836
2299,0.693,9.16,21.344
2330,-10.309000000000001,0.001,0.051
2331,49.719,0.03,0.09
2332,30.73,0.33,0.28800000000000003
2333,-2.511999999999998,0.57,0.64
2334,-140.735,0.43,1.13
2335,-117.60000000000001,0.48,1.08
2336,14.283000000000001,0.491,0.9540000000000001
2337,-49.57,0.74,0.983
2338,7.175000000000001,1.1079999999999999,1.188
2339,-4.688,0.998,1.462
2353,78.643,0.1,0.001
2354,3.848,0.3,0.003
2355,204.945,0.295,0.003
2356,89.73799999999997,0.309,0.001
2357,-51.01199999999999,0.7340000000000001,0.001
2358,-4.489000000000002,1.3030000000000002,0.001
2359,52.92800000000001,4.17,0.001
2360,-71.46000000000001,0.001,0.9470000000000001
2361,-132.67999999999998,0.002,0.965
2362,-45.301,0.003,1.256
2363,-135.048,0.003,1.285
2364,-216.906,0.004,1.935
2365,-242.926,0.008,2.904
2366,-195.53,0.011000000000000001,4.225
2367,-90.97699999999999,0.013999999999999999,5.274
2368,-75.71900000000001,0.017,7.122000000000001
2369,-160.43499999999997,0.02,9.281
2370,-89.35999999999999,0.04,10.286
2371,-244.53900000000002,0.244,15.963
2372,-165.997,1.354,19.847
2373,-97.92,2.01,28.397
2374,-11.788000000000004,4.053999999999999,31.959
2375,72.375,7.532999999999999,40.275
2376,3.817000000000011,10.408,37.155
2377,-15.876000000000001,11.475,49.633
2378,32.095,12.857000000000001,56.903999999999996
2379,-1.294,12.97,64.527
2380,-129.75599999999997,0.493,5.593
2381,323.23699999999997,0.5429999999999999,6.737
2382,-463.764,0.555,10.354000000000001
2383,-220.089,0.534,11.187000000000001
2384,-19.863000000000028,0.575,14.144
2385,-234.01599999999996,0.55,17.811
2386,239.01299999999998,0.508,26.589000000000002
2387,124.51600000000003,0.612,34.45
2388,309.65599999999995,0.8640000000000001,55.363
2389,-268.6170000000002,0.8909999999999999,73.88600000000002
2390,413.6720000000001,1.212,94.652
2391,622.876,1.818,120.177
2392,456.129,4.327,140.822
2393,498.164,9.036,167.84
2394,1451.4260000000004,28.924,181.655
2395,199.0949999999999,39.032,190.71900000000002
2396,-1328.5439999999999,54.86600000000001,226.993
2397,821.3119999999999,77.27600000000002,254.303
2398,1958.4550000000002,93.365,272.65
2399,1417.0789999999993,106.89399999999999,294.906
2414,0.0,0.004,0.733
2415,0.0,0.049,2.065
2416,0.0,0.151,2.9939999999999998
2417,0.0,0.26899999999999996,3.7739999999999996
2418,0.0,0.41600000000000004,4.732
2419,0.0,0.423,4.753
2452,-14.598000000000003,0.004,0.03
2453,-36.85,0.004,0.071
2454,16.8,0.005,0.071
2455,6.246000000000002,0.006999999999999999,0.071
2456,-158.01500000000001,0.006999999999999999,0.071
2457,-142.577,0.006999999999999999,0.071
2458,-442.556,0.006,0.071
2459,-387.5409999999999,0.006,0.071
2460,3123.3929999999996,1.069,31.480999999999998
2461,1703.248,1.341,38.411
2462,392.40799999999996,1.715,52.711999999999996
2463,4809.086,2.096,64.65100000000001
2464,5638.006,2.7710000000000004,84.742
2465,3096.675,3.844,104.69200000000001
2466,3140.4120000000003,5.171,132.52200000000002
2467,2236.364,7.005,171.359
2468,2817.266,11.432,219.43599999999998
2469,-2127.143,19.415,277.639
2470,5228.843,30.518,346.471
2471,4477.975,60.01,440.54400000000004
2472,2484.5099999999998,95.725,531.516
2473,1306.548,132.293,643.259
2474,1630.9919999999997,197.01,720.6080000000003
2475,1066.0770000000002,254.668,828.648
2476,-1744.5149999999999,329.564,958.942
2477,2562.8319999999994,443.315,1135.069
2478,5276.385,572.908,1266.086
2479,1841.9300000000003,704.0239999999999,1416.9470000000001
