,fossil_production,gdp
0,7183.558,
1,7181.984,
2,7249.276999999999,
3,7845.340000000001,
4,8479.991,
5,8751.983999999999,
6,9007.149,
7,9227.785,
8,9392.757999999998,
9,9045.22,
10,9385.332,
11,8429.478,
12,8969.015,
13,8510.328000000001,
14,8354.117999999999,
15,8287.846,
16,8071.860000000001,
17,8555.319,
18,8841.016,
19,8861.589,
20,4.234999999999999,16399011840.0
21,4.399,16951805952.0
22,4.659,17037855744.0
23,5.0169999999999995,17847300096.0
24,5.013,18592794624.0
25,5.172,19691970560.0
26,5.674,21411221504.0
27,4.563000000000001,22995980288.0
28,4.542,25764829184.0
29,3.938,28006524928.0
30,7.45,27897407488.0
31,10.589999999999998,28451999744.0
32,11.585999999999999,31114752000.0
33,11.685999999999998,30586345472.0
34,14.174,32387278848.0
35,13.972,33224144896.0
36,15.863999999999999,34351540224.0
37,0.0,
38,0.0,
39,0.0,
40,1694.359,252000000000.0
41,1628.169,252000000000.0
42,1712.5759999999996,266000000000.0
43,1855.914,289000000000.0
44,1890.671,308000000000.0
45,1852.756,354000000000.0
46,1813.8980000000001,386000000000.0
47,1820.614,398000000000.0
48,1810.1789999999999,423000000000.0
49,1662.442,392000000000.0
50,1630.576,448000000000.0
51,1628.2150000000001,482000000000.0
52,1564.8449999999998,493000000000.0
53,1545.6039999999998,493000000000.0
54,1600.2330000000002,494000000000.0
55,1594.67,513000000000.0
56,1708.321,534000000000.0
57,1703.6240000000003,
58,1697.016,
59,1609.1820000000007,
60,427.87,18270171136.0
61,424.38599999999997,21532884992.0
62,517.856,24934770688.0
63,497.336,25932263424.0
64,633.769,31778297856.0
65,724.933,43459514368.0
66,797.439,60607725568.0
67,942.6410000000001,72748662784.0
68,1071.597,88982708224.0
69,998.9839999999999,75516665856.0
70,1032.559,95524052992.0
71,952.4810000000001,123000000000.0
72,990.38,128000000000.0
73,989.336,140000000000.0
74,966.944,144000000000.0
75,1023.6669999999999,148000000000.0
76,995.863,148000000000.0
77,947.525,
78,860.215,
79,801.9119999999997,
80,843.9030000000001,557000000000.0
81,871.2539999999999,525000000000.0
82,853.63,453000000000.0
83,899.484,487000000000.0
84,912.8140000000001,532000000000.0
85,900.871,584000000000.0
86,906.1860000000001,631000000000.0
87,879.685,694000000000.0
88,867.44,741000000000.0
89,798.297,692000000000.0
90,776.3710000000001,772000000000.0
91,739.2760000000001,836000000000.0
92,725.008,838000000000.0
93,696.0520000000001,847000000000.0
94,690.7110000000001,818000000000.0
95,703.7760000000001,840000000000.0
96,705.26,820000000000.0
97,687.788,
98,714.052,
99,750.9549999999999,
100,0.0,9858983936.0
101,0.0,10404185088.0
102,0.0,11264486400.0
103,0.0,12845384704.0
104,0.0,13681249280.0
105,0.0,15262571520.0
106,0.0,17466900480.0
107,0.0,19888445440.0
108,0.0,21660479488.0
109,0.0,20310546432.0
110,0.0,22459838464.0
111,0.0,24861704192.0
112,0.0,25898418176.0
113,0.0,26405591040.0
114,0.0,27113279488.0
115,0.0,27930048512.0
116,0.0,27987372032.0
117,0.0,
118,0.0,
119,0.0,
120,2739.4210000000003,680000000000.0
121,2882.836,694000000000.0
122,2950.084,724000000000.0
123,2979.2960000000003,742000000000.0
124,3047.5080000000003,773000000000.0
125,3177.721,826000000000.0
126,3236.638,842000000000.0
127,3352.5299999999997,877000000000.0
128,3417.589000000001,932000000000.0
129,3549.6049999999996,927000000000.0
130,3739.723,994000000000.0
131,3657.2859999999996,1030000000000.0
132,3935.450000000001,1020000000000.0
133,4148.531999999999,1010000000000.0
134,4447.613,1020000000000.0
135,4513.318,1050000000000.0
136,4708.492,1070000000000.0
137,4775.067999999999,
138,5105.049999999999,
139,5426.309,
140,0.0,288000000000.0
141,0.0,283000000000.0
142,0.0,292000000000.0
143,0.0,293000000000.0
144,0.0,303000000000.0
145,0.0,312000000000.0
146,0.0,325000000000.0
147,0.0,337000000000.0
148,0.0,342000000000.0
149,0.0,336000000000.0
150,0.0,341000000000.0
151,0.0,350000000000.0
152,0.0,365000000000.0
153,0.0,368000000000.0
154,0.0,386000000000.0
155,0.0,389000000000.0
156,0.0,395000000000.0
157,0.0,
158,0.0,
159,0.0,
160,214.804,20935151616.0
161,224.356,22697379840.0
162,224.822,23994841088.0
163,225.18699999999995,25655795712.0
164,224.92799999999994,27732254720.0
165,313.81600000000003,40730849280.0
166,440.601,58473254912.0
167,609.062,80977575936.0
168,685.588,89389998080.0
169,749.7520000000001,95528968192.0
170,758.398,115000000000.0
171,694.7270000000001,146000000000.0
172,675.949,150000000000.0
173,683.554,146000000000.0
174,677.463,149000000000.0
175,675.739,151000000000.0
176,663.7969999999999,145000000000.0
177,631.4569999999999,
178,645.602,
179,685.847,
180,91.749,18573453312.0
181,95.541,18176229376.0
182,98.995,17574588416.0
183,100.774,21589673984.0
184,92.699,24214464512.0
185,101.743,32081874944.0
186,107.632,36242309120.0
187,111.986,40256888832.0
188,120.176,52838674432.0
189,121.335,43643830272.0
190,124.287,47179927552.0
191,126.241,47938297856.0
192,130.519,54356865024.0
193,139.578,53839859712.0
194,146.965,52947091456.0
195,147.571,54483828736.0
196,144.065,56079929344.0
197,144.66299999999995,
198,146.475,
199,168.995,
200,90.58200000000001,185000000000.0
201,101.432,190000000000.0
202,106.711,201000000000.0
203,114.78399999999999,208000000000.0
204,123.402,212000000000.0
205,132.634,224000000000.0
206,143.634,244000000000.0
207,153.364,270000000000.0
208,163.764,301000000000.0
209,187.468,326000000000.0
210,192.537,373000000000.0
211,195.822,432000000000.0
212,213.363,425000000000.0
213,219.528,446000000000.0
214,230.22299999999998,466000000000.0
215,258.541,498000000000.0
216,264.51,533000000000.0
217,265.927,
218,265.818,
219,287.06,
220,0.0,86161956864.0
221,0.0,83450003456.0
222,0.0,85045567488.0
223,0.0,89551101952.0
224,0.0,96194560000.0
225,0.0,101000000000.0
226,0.0,113000000000.0
227,0.0,124000000000.0
228,0.0,144000000000.0
229,0.0,141000000000.0
230,0.0,155000000000.0
231,0.0,173000000000.0
232,0.0,179000000000.0
233,0.0,188000000000.0
234,0.0,193000000000.0
235,0.0,185000000000.0
236,0.0,180000000000.0
237,0.0,
238,0.0,
239,0.0,
240,0.0,343000000000.0
241,0.0,343000000000.0
242,0.0,358000000000.0
243,0.0,356000000000.0
244,0.0,361000000000.0
245,0.0,370000000000.0
246,0.0,370000000000.0
247,0.0,382000000000.0
248,0.0,392000000000.0
249,0.0,402000000000.0
250,0.0,420000000000.0
251,0.0,419000000000.0
252,0.0,430000000000.0
253,0.0,438000000000.0
254,0.0,437000000000.0
255,0.0,443000000000.0
256,0.0,448000000000.0
257,0.0,
258,0.0,
259,0.0,
260,0.455,9855690752.0
261,0.46,10586772480.0
262,0.526,11740367872.0
263,0.263,12538386432.0
264,0.0,13420641280.0
265,0.0,14225961984.0
266,0.0,14626272256.0
267,0.0,15620586496.0
268,0.0,16187101184.0
269,0.0,16326744064.0
270,0.0,16880384000.0
271,0.0,17120700416.0
272,0.0,18295693312.0
273,0.0,19378673664.0
274,0.0,21256812544.0
275,0.0,22371309568.0
276,0.0,23265005568.0
277,0.0,
278,0.0,
279,0.0,
280,31.224,24453879808.0
281,45.471000000000004,25577918464.0
282,58.25899999999999,26975635456.0
283,66.954,28345468928.0
284,94.199,30184128512.0
285,116.21600000000001,32590215168.0
286,124.45299999999999,34446999552.0
287,133.30200000000002,36591730688.0
288,137.92,41332305920.0
289,118.816,43342348288.0
290,137.145,47795335168.0
291,150.34,53944389632.0
292,171.398,57088921600.0
293,195.755,60914401280.0
294,202.768,61489704960.0
295,195.606,64471166976.0
296,187.74599999999998,67114459136.0
297,182.358,
298,170.36,
299,149.504,
300,31.639,22914473984.0
301,32.119,23051558912.0
302,21.575,24114681856.0
303,23.048000000000002,23691220992.0
304,23.985,23102699520.0
305,24.522,25861679104.0
306,25.074,28102733824.0
307,26.086,30910529536.0
308,28.754,32805036032.0
309,28.514,34366640128.0
310,27.191,34437017600.0
311,30.206,35664781312.0
312,29.646,37336076288.0
313,26.526,38494396416.0
314,26.568,39634432000.0
315,26.084,40849018880.0
316,27.6,41870385152.0
317,0.0,
318,0.0,
319,0.0,
320,6.14,15763874816.0
321,5.977,15779424256.0
322,6.225,18706720768.0
323,5.376,18380249088.0
324,5.9510000000000005,19293714432.0
325,6.434,21960869888.0
326,6.284,22822098944.0
327,5.409,23521949696.0
328,5.944,23539697664.0
329,4.8210000000000015,21862223872.0
330,6.454,24107864064.0
331,5.148,26899136512.0
332,9.609,27167825920.0
333,9.772,27425443840.0
334,11.209000000000001,31468800000.0
335,13.65,31387396096.0
336,12.277000000000001,32747714560.0
337,0.0,
338,0.0,
339,0.0,
340,887.3029999999997,1470000000000.0
341,920.962,1460000000000.0
342,1037.631,1480000000000.0
343,1077.0169999999998,1480000000000.0
344,1084.5829999999999,1560000000000.0
345,1178.6589999999999,1630000000000.0
346,1239.685,1770000000000.0
347,1252.7699999999998,1970000000000.0
348,1328.676,2210000000000.0
349,1385.28,2300000000000.0
350,1473.9360000000001,2660000000000.0
351,1525.9769999999999,2970000000000.0
352,1532.119,2960000000000.0
353,1535.558,3040000000000.0
354,1697.1410000000003,3040000000000.0
355,1806.75,3180000000000.0
356,1853.8189999999997,2810000000000.0
357,1949.598,
358,1907.222,
359,2043.157,
360,49.948,68578938880.0
361,52.303999999999995,71572488192.0
362,51.50100000000001,75092246528.0
363,54.025,76743450624.0
364,52.78100000000001,80431669248.0
365,48.589,84497326080.0
366,50.095,92283183104.0
367,56.339,103000000000.0
368,56.536,110000000000.0
369,53.57899999999999,110000000000.0
370,57.51600000000001,111000000000.0
371,72.233,111000000000.0
372,65.27,115000000000.0
373,55.695,116000000000.0
374,59.646,120000000000.0
375,68.237,124000000000.0
376,59.523999999999994,128000000000.0
377,66.27600000000001,
378,61.28,
379,56.643,
380,0.0,15881768960.0
381,0.0,17062276096.0
382,0.0,18234327040.0
383,0.0,19668613120.0
384,0.0,20924801024.0
385,0.0,24951465984.0
386,0.0,26783873024.0
387,0.0,30065944576.0
388,0.0,33262047232.0
389,0.0,32224854016.0
390,0.0,33478596608.0
391,0.0,36606337024.0
392,0.0,39422988288.0
393,0.0,44624257024.0
394,0.0,45967020032.0
395,0.0,49188130816.0
396,0.0,52640825344.0
397,0.0,
398,0.0,
399,0.0,
400,54.165,35329376256.0
401,48.81100000000001,36148596736.0
402,44.463,37470752768.0
403,42.667,39493361664.0
404,42.138999999999996,40660705280.0
405,52.638000000000005,42509447168.0
406,55.24099999999999,44672548864.0
407,52.964,45796945920.0
408,52.148999999999994,47176802304.0
409,49.192,47888769024.0
410,43.672,50016722944.0
411,40.894,52887764992.0
412,43.18,55905361920.0
413,39.965,57928609792.0
414,52.849000000000004,61295681536.0
415,69.78399999999999,64840175616.0
416,66.55799999999999,67720478720.0
417,0.0,
418,0.0,
419,0.0,
420,3756.064,1150000000000.0
421,3801.385,1150000000000.0
422,3822.994,1170000000000.0
423,3836.205,1210000000000.0
424,3918.8899999999994,1260000000000.0
425,3929.029,1330000000000.0
426,4023.75,1360000000000.0
427,4037.5020000000004,1400000000000.0
428,3922.3170000000005,1460000000000.0
429,3775.366,1320000000000.0
430,3832.4130000000005,1390000000000.0
431,3956.6310000000003,1460000000000.0
432,4097.214,1450000000000.0
433,4269.164,1480000000000.0
434,4513.544,1530000000000.0
435,4580.428,1540000000000.0
436,4731.283,1570000000000.0
437,4977.581,
438,5231.744,
439,5232.078999999999,
440,0.0,167000000000.0
441,0.0,167000000000.0
442,0.0,168000000000.0
443,0.0,177000000000.0
444,0.0,194000000000.0
445,0.0,215000000000.0
446,0.0,253000000000.0
447,0.0,271000000000.0
448,0.0,264000000000.0
449,0.0,269000000000.0
450,0.0,309000000000.0
451,0.0,340000000000.0
452,0.0,361000000000.0
453,0.0,367000000000.0
454,0.0,376000000000.0
455,0.0,385000000000.0
456,0.0,391000000000.0
457,0.0,
458,0.0,
459,0.0,
460,785.527,267000000000.0
461,781.1449999999999,269000000000.0
462,730.3149999999999,273000000000.0
463,789.811,282000000000.0
464,817.742,296000000000.0
465,865.114,318000000000.0
466,918.989,349000000000.0
467,955.8170000000001,384000000000.0
468,1034.763,419000000000.0
469,1092.883,428000000000.0
470,1183.011,467000000000.0
471,1350.6699999999998,524000000000.0
472,1405.429,543000000000.0
473,1432.85,559000000000.0
474,1436.6430000000003,581000000000.0
475,1414.501,599000000000.0
476,1386.557,610000000000.0
477,1368.563,
478,1331.1929999999998,
479,1331.96,
480,156.958,8014652928.0
481,145.653,7468848128.0
482,139.9,7848606208.0
483,127.796,7996828160.0
484,133.18200000000002,9966012416.0
485,145.921,13575520256.0
486,164.87099999999995,15415371776.0
487,133.343,12971907072.0
488,141.63,15151250432.0
489,163.632,14488657920.0
490,186.263,21601085440.0
491,177.863,25726625792.0
492,165.358,24299880448.0
493,143.09,23583543296.0
494,149.684,21263382528.0
495,138.564,21521129472.0
496,138.033,20912119808.0
497,160.236,
498,196.592,
499,201.7,
500,0.0,36935999488.0
501,0.0,37629501440.0
502,0.0,38275182592.0
503,0.0,39160352768.0
504,0.0,40976089088.0
505,0.0,42683604992.0
506,0.0,44507025408.0
507,0.0,47364378624.0
508,0.0,50109009920.0
509,0.0,52501508096.0
510,0.0,54214258688.0
511,0.0,56661012480.0
512,0.0,57546874880.0
513,0.0,57839300608.0
514,0.0,62450036736.0
515,0.0,65397760000.0
516,0.0,68237692928.0
517,0.0,
518,0.0,
519,0.0,
520,0.0,62891139072.0
521,0.0,63642439680.0
522,0.0,66150264832.0
523,0.0,68902117376.0
524,0.0,71095967744.0
525,0.0,73977069568.0
526,0.0,77424394240.0
527,0.0,85629665280.0
528,0.0,90480205824.0
529,0.0,87007707136.0
530,0.0,83865575424.0
531,0.0,87256449024.0
532,0.0,90095968256.0
533,0.0,88068751360.0
534,0.0,89170362368.0
535,0.0,90623172608.0
536,0.0,93290250240.0
537,0.0,
538,0.0,
539,0.0,
540,0.0,54419652608.0
541,0.0,56576917504.0
542,0.0,57540931584.0
543,0.0,58464440320.0
544,0.0,58214199296.0
545,0.0,59134464000.0
546,0.0,66728517632.0
547,0.0,68174094336.0
548,0.0,71330684928.0
549,0.0,72919760896.0
550,0.0,75421614080.0
551,0.0,78036992000.0
552,0.0,80388153344.0
553,0.0,83013746688.0
554,0.0,85723463680.0
555,0.0,88467243008.0
556,0.0,
557,0.0,
558,0.0,
559,0.0,
560,0.0,20776794112.0
561,0.0,21458608128.0
562,0.0,21256992768.0
563,0.0,19989295104.0
564,0.0,20515725312.0
565,0.0,21763364864.0
566,0.0,22869377024.0
567,0.0,23958491136.0
568,0.0,26921664512.0
569,0.0,28517449728.0
570,0.0,28750800896.0
571,0.0,27271999488.0
572,0.0,27581609984.0
573,0.0,26033086464.0
574,0.0,25381662720.0
575,0.0,25799387136.0
576,0.0,26539999232.0
577,0.0,
578,0.0,
579,0.0,
580,290.954,192000000000.0
581,284.292,192000000000.0
582,298.346,196000000000.0
583,291.991,192000000000.0
584,320.036,201000000000.0
585,324.131,206000000000.0
586,303.946,217000000000.0
587,272.279,222000000000.0
588,267.86800000000005,228000000000.0
589,237.385,224000000000.0
590,226.51,236000000000.0
591,195.60399999999998,243000000000.0
592,175.791,244000000000.0
593,150.554,249000000000.0
594,142.41,251000000000.0
595,137.222,255000000000.0
596,127.40100000000001,259000000000.0
597,128.724,
598,108.494,
599,90.282,
600,0.0,63797911552.0
601,0.0,70083977216.0
602,0.0,71063699456.0
603,0.0,67760832512.0
604,0.0,70368313344.0
605,0.0,78938693632.0
606,0.0,87716773888.0
607,0.0,95965347840.0
608,0.0,97710768128.0
609,0.0,104000000000.0
610,0.0,113000000000.0
611,0.0,116000000000.0
612,0.0,120000000000.0
613,0.0,124000000000.0
614,0.0,131000000000.0
615,0.0,140000000000.0
616,0.0,149000000000.0
617,0.0,
618,0.0,
619,0.0,
620,250.713,62578487296.0
621,254.38400000000001,67085246464.0
622,244.68400000000003,74319634432.0
623,260.86400000000003,78718550016.0
624,328.974,88135221248.0
625,331.81,101000000000.0
626,334.1,108000000000.0
627,318.796,114000000000.0
628,315.694,126000000000.0
629,303.223,124000000000.0
630,303.237,135000000000.0
631,311.286,150000000000.0
632,314.639,157000000000.0
633,327.93,168000000000.0
634,346.36,173000000000.0
635,337.9840000000001,173000000000.0
636,342.215,169000000000.0
637,330.651,
638,321.893,
639,330.458,
640,653.996,355000000000.0
641,679.129,377000000000.0
642,695.1679999999999,388000000000.0
643,720.1659999999999,401000000000.0
644,722.164,420000000000.0
645,794.1720000000003,449000000000.0
646,911.5320000000002,483000000000.0
647,928.5889999999997,552000000000.0
648,969.963,653000000000.0
649,1012.7999999999998,685000000000.0
650,996.9430000000001,800000000000.0
651,993.1659999999999,919000000000.0
652,989.191,943000000000.0
653,938.619,974000000000.0
654,877.6279999999999,1030000000000.0
655,837.3009999999999,1070000000000.0
656,795.38,1110000000000.0
657,861.7500000000001,
658,982.6000000000001,
659,1038.946,
660,0.0,29694599168.0
661,0.0,30590916608.0
662,0.0,32130488320.0
663,0.0,33779519488.0
664,0.0,34909671424.0
665,0.0,37999280128.0
666,0.0,40238567424.0
667,0.0,43100311552.0
668,0.0,43939897344.0
669,0.0,42017976320.0
670,0.0,43937521664.0
671,0.0,46189703168.0
672,0.0,47400161280.0
673,0.0,47650201600.0
674,0.0,48934486016.0
675,0.0,50128982016.0
676,0.0,51318595584.0
677,0.0,
678,0.0,
679,0.0,
680,66.148,6272033792.0
681,108.62200000000001,10537450496.0
682,128.905,12666031104.0
683,147.719,14383024128.0
684,192.3,17827053568.0
685,202.829,19420317696.0
686,200.24400000000003,20678426624.0
687,205.862,24137400320.0
688,204.13099999999997,28732088320.0
689,181.615,29462984704.0
690,167.84,27185108992.0
691,164.577,29285787648.0
692,176.06400000000005,28326311936.0
693,153.67,30229760000.0
694,154.187,28593364992.0
695,141.017,26485563392.0
696,120.958,23897874432.0
697,104.10799999999999,
698,100.988,
699,95.149,
700,0.0,
701,0.0,
702,0.0,
703,0.0,
704,0.0,
705,0.0,
706,0.0,
707,0.0,
708,0.0,
709,0.0,
710,0.0,
711,0.0,
712,0.0,
713,0.0,
714,0.0,
715,0.0,
716,0.0,
717,0.0,
718,0.0,
719,0.0,
720,0.0,16247595008.0
721,0.0,17008637952.0
722,0.0,18237091840.0
723,0.0,19056140288.0
724,0.0,20073240576.0
725,0.0,22335879168.0
726,0.0,24778964992.0
727,0.0,27692089344.0
728,0.0,27294081024.0
729,0.0,25280647168.0
730,0.0,25912016896.0
731,0.0,28530108416.0
732,0.0,30716508160.0
733,0.0,31826479104.0
734,0.0,32669839360.0
735,0.0,33140150272.0
736,0.0,33684649984.0
737,0.0,
738,0.0,
739,0.0,
740,0.0,42410430464.0
741,0.0,47945699328.0
742,0.0,43955625984.0
743,0.0,47835451392.0
744,0.0,51512844288.0
745,0.0,62126407680.0
746,0.0,63036678144.0
747,0.0,75917934592.0
748,0.0,86960791552.0
749,0.0,84748247040.0
750,0.0,97815052288.0
751,0.0,115000000000.0
752,0.0,127000000000.0
753,0.0,138000000000.0
754,0.0,155000000000.0
755,0.0,170000000000.0
756,0.0,184000000000.0
757,0.0,
758,0.0,
759,0.0,
760,0.0,171000000000.0
761,0.0,173000000000.0
762,0.0,175000000000.0
763,0.0,174000000000.0
764,0.0,183000000000.0
765,0.0,188000000000.0
766,0.0,195000000000.0
767,0.0,210000000000.0
768,0.0,214000000000.0
769,0.0,202000000000.0
770,0.0,204000000000.0
771,0.0,207000000000.0
772,0.0,210000000000.0
773,0.0,206000000000.0
774,0.0,207000000000.0
775,0.0,208000000000.0
776,0.0,211000000000.0
777,0.0,
778,0.0,
779,0.0,
780,0.0,1930000000000.0
781,0.0,2010000000000.0
782,0.0,2050000000000.0
783,0.0,1960000000000.0
784,0.0,2020000000000.0
785,0.0,2110000000000.0
786,0.0,2170000000000.0
787,0.0,2290000000000.0
788,0.0,2300000000000.0
789,0.0,2280000000000.0
790,0.0,2330000000000.0
791,0.0,2390000000000.0
792,0.0,2410000000000.0
793,0.0,2500000000000.0
794,0.0,2530000000000.0
795,0.0,2560000000000.0
796,0.0,2600000000000.0
797,0.0,
798,0.0,
799,0.0,
800,160.453,12980471808.0
801,151.898,11551707136.0
802,148.41899999999995,12494300160.0
803,158.855,13883195392.0
804,158.709,16935424000.0
805,156.727,22985140224.0
806,140.268,22016014336.0
807,142.364,23239215104.0
808,139.276,27324567552.0
809,139.72299999999998,17086170112.0
810,135.19799999999998,17719605248.0
811,136.987,25867530240.0
812,128.564,23581319168.0
813,123.72399999999999,24201480192.0
814,122.275,23510669312.0
815,123.802,24407074816.0
816,128.279,24926826496.0
817,121.788,
818,112.15299999999999,
819,126.38799999999999,
820,1.9499999999999997,16507205632.0
821,1.915,17331390464.0
822,1.102,18439915520.0
823,2.0180000000000002,20863416320.0
824,1.511,22652420096.0
825,1.44,25088212992.0
826,0.78,29462730752.0
827,0.7979999999999999,33759279104.0
828,0.762,35940102144.0
829,1.498,38162817024.0
830,1.214,40677888000.0
831,1.3719999999999999,44139565056.0
832,1.943,45705986048.0
833,2.7460000000000004,47108521984.0
834,2.155,48831692800.0
835,2.131,50245545984.0
836,1.79,51618291712.0
837,0.0,
838,0.0,
839,0.0,
840,882.742,2790000000000.0
841,855.863,2840000000000.0
842,857.3299999999999,2860000000000.0
843,857.3580000000001,2880000000000.0
844,850.6800000000001,2960000000000.0
845,823.3580000000001,3070000000000.0
846,783.8760000000002,3190000000000.0
847,782.533,3370000000000.0
848,718.967,3390000000000.0
849,667.265,3230000000000.0
850,645.035,3370000000000.0
851,648.1380000000001,3520000000000.0
852,650.21,3530000000000.0
853,610.798,3650000000000.0
854,594.1039999999998,3780000000000.0
855,573.154,3850000000000.0
856,530.203,3920000000000.0
857,522.207,
858,494.826,
859,404.76399999999995,
860,4.461,43972993024.0
861,4.449,41181855744.0
862,4.449,42958938112.0
863,4.449,44519993344.0
864,4.461,49089458176.0
865,3.813,50866245632.0
866,3.813,49831284736.0
867,3.813,53204865024.0
868,3.824,59184271360.0
869,3.813,58044080128.0
870,4.569,62670295040.0
871,48.626999999999995,78460420096.0
872,49.935,90200662016.0
873,62.228,90805936128.0
874,67.286,92611821568.0
875,72.80799999999999,96227016704.0
876,69.582,100000000000.0
877,0.0,
878,0.0,
879,0.0,
880,95.617,248000000000.0
881,97.59899999999999,262000000000.0
882,99.81,279000000000.0
883,95.087,278000000000.0
884,99.399,289000000000.0
885,99.29700000000001,282000000000.0
886,95.021,303000000000.0
887,97.565,311000000000.0
888,94.546,322000000000.0
889,95.086,320000000000.0
890,85.07799999999997,300000000000.0
891,87.28200000000002,269000000000.0
892,93.56,262000000000.0
893,78.25,270000000000.0
894,74.248,264000000000.0
895,66.003,264000000000.0
896,46.201,264000000000.0
897,53.117,
898,49.716,
899,37.259,
900,0.0,52913479680.0
901,0.0,56052596736.0
902,0.0,58386518016.0
903,0.0,60775858176.0
904,0.0,63406710784.0
905,0.0,66336436224.0
906,0.0,70370746368.0
907,0.0,75432050688.0
908,0.0,78681153536.0
909,0.0,81414561792.0
910,0.0,85682970624.0
911,0.0,91936251904.0
912,0.0,93666304000.0
913,0.0,96147685376.0
914,0.0,101000000000.0
915,0.0,105000000000.0
916,0.0,108000000000.0
917,0.0,
918,0.0,
919,0.0,
920,0.0,
921,0.0,
922,0.0,
923,0.0,
924,0.0,
925,0.0,
926,0.0,
927,0.0,
928,0.0,
929,0.0,
930,0.0,
931,0.0,
932,0.0,
933,0.0,
934,0.0,
935,0.0,
936,0.0,
937,0.0,
938,0.0,
939,0.0,
940,0.0,16011585536.0
941,0.0,15730379776.0
942,0.0,15812939776.0
943,0.0,15904979968.0
944,0.0,15227899904.0
945,0.0,15956420608.0
946,0.0,15842304000.0
947,0.0,16349544448.0
948,0.0,15783279616.0
949,0.0,16176751616.0
950,0.0,15705132032.0
951,0.0,15936159744.0
952,0.0,15668799488.0
953,0.0,16252235776.0
954,0.0,16627784704.0
955,0.0,16908846080.0
956,0.0,17155095552.0
957,0.0,
958,0.0,
959,0.0,
960,0.0,22542655488.0
961,0.0,22942404608.0
962,0.0,24185421824.0
963,0.0,25499191296.0
964,0.0,27096795136.0
965,0.0,29656739840.0
966,0.0,30802739200.0
967,0.0,32927596544.0
968,0.0,31241320448.0
969,0.0,31712032768.0
970,0.0,33465921536.0
971,0.0,36004622336.0
972,0.0,36656144384.0
973,0.0,35591421952.0
974,0.0,36734926848.0
975,0.0,38066946048.0
976,0.0,39440453632.0
977,0.0,
978,0.0,
979,0.0,
980,38.562,151000000000.0
981,35.135999999999996,162000000000.0
982,34.421,172000000000.0
983,35.545,173000000000.0
984,27.068,172000000000.0
985,20.331,178000000000.0
986,20.429000000000002,184000000000.0
987,20.618000000000002,188000000000.0
988,19.695999999999998,195000000000.0
989,18.097,198000000000.0
990,18.53,204000000000.0
991,19.137,208000000000.0
992,18.683,208000000000.0
993,18.744,216000000000.0
994,18.468,225000000000.0
995,17.658,232000000000.0
996,17.009,236000000000.0
997,14.923,
998,14.785,
999,17.455,
1000,0.0,10012029952.0
1001,0.0,10430144512.0
1002,0.0,10524290048.0
1003,0.0,10166153216.0
1004,0.0,10772171776.0
1005,0.0,10844063744.0
1006,0.0,10504720384.0
1007,0.0,11295209472.0
1008,0.0,12663198720.0
1009,0.0,12433164288.0
1010,0.0,11611769856.0
1011,0.0,11720059904.0
1012,0.0,12108440576.0
1013,0.0,12528432128.0
1014,0.0,12878240768.0
1015,0.0,13429331968.0
1016,0.0,14398300160.0
1017,0.0,
1018,0.0,
1019,0.0,
1020,2421.502,2020000000000.0
1021,2444.87,2140000000000.0
1022,2548.016,2270000000000.0
1023,2649.898,2490000000000.0
1024,2814.241,2690000000000.0
1025,2897.8020000000006,3050000000000.0
1026,3004.078,3390000000000.0
1027,3158.077,3750000000000.0
1028,3378.093,4290000000000.0
1029,3664.1630000000005,4560000000000.0
1030,3888.1809999999996,5110000000000.0
1031,3842.584,5680000000000.0
1032,3832.9289999999996,6000000000000.0
1033,3777.882,6170000000000.0
1034,3910.7709999999997,6570000000000.0
1035,4027.5869999999995,7070000000000.0
1036,4034.689000000001,7560000000000.0
1037,4076.216,
1038,4289.527,
1039,4240.576,
1040,2068.607,734000000000.0
1041,2112.042,752000000000.0
1042,2199.3450000000003,766000000000.0
1043,2244.078,771000000000.0
1044,2308.969,840000000000.0
1045,2433.016,921000000000.0
1046,2665.017,1010000000000.0
1047,2767.9629999999997,1120000000000.0
1048,2968.661,1360000000000.0
1049,3098.139,1510000000000.0
1050,3320.2960000000003,1770000000000.0
1051,3785.465,2150000000000.0
1052,3945.3280000000004,2250000000000.0
1053,4525.006,2330000000000.0
1054,4379.014,2430000000000.0
1055,4395.957,2550000000000.0
1056,4373.733,2680000000000.0
1057,4363.718,
1058,5009.406999999999,
1059,5299.114,
1060,1525.386,76975620096.0
1061,1464.515,91946008576.0
1062,1228.509,99146276864.0
1063,781.4380000000001,77066510336.0
1064,1169.986,118000000000.0
1065,1058.005,129000000000.0
1066,1151.914,149000000000.0
1067,1265.6360000000002,175000000000.0
1068,1450.0020000000006,214000000000.0
1069,1458.8220000000001,248000000000.0
1070,1474.133,302000000000.0
1071,1639.8300000000002,380000000000.0
1072,1820.351,424000000000.0
1073,1835.971,468000000000.0
1074,1919.265,472000000000.0
1075,2344.3199999999997,495000000000.0
1076,2625.6110000000003,544000000000.0
1077,2683.265,
1078,2741.587,
1079,2827.357,
1080,0.0,149000000000.0
1081,0.0,161000000000.0
1082,0.0,182000000000.0
1083,0.0,193000000000.0
1084,0.0,208000000000.0
1085,0.0,222000000000.0
1086,0.0,230000000000.0
1087,0.0,246000000000.0
1088,0.0,221000000000.0
1089,0.0,218000000000.0
1090,0.0,223000000000.0
1091,0.0,224000000000.0
1092,0.0,220000000000.0
1093,0.0,221000000000.0
1094,0.0,239000000000.0
1095,0.0,249000000000.0
1096,0.0,262000000000.0
1097,0.0,
1098,0.0,
1099,0.0,
1100,0.0,183000000000.0
1101,0.0,187000000000.0
1102,0.0,190000000000.0
1103,0.0,183000000000.0
1104,0.0,183000000000.0
1105,0.0,184000000000.0
1106,0.0,192000000000.0
1107,0.0,199000000000.0
1108,0.0,200000000000.0
1109,0.0,211000000000.0
1110,0.0,217000000000.0
1111,0.0,221000000000.0
1112,0.0,229000000000.0
1113,0.0,239000000000.0
1114,0.0,250000000000.0
1115,0.0,256000000000.0
1116,0.0,267000000000.0
1117,0.0,
1118,0.0,
1119,0.0,
1120,212.83600000000004,1890000000000.0
1121,194.17800000000003,1940000000000.0
1122,204.525,1880000000000.0
1123,197.89600000000002,1860000000000.0
1124,187.86100000000002,1870000000000.0
1125,186.779,1910000000000.0
1126,172.32999999999998,1980000000000.0
1127,161.175,2090000000000.0
1128,148.948,2110000000000.0
1129,129.413,2060000000000.0
1130,139.355,2050000000000.0
1131,142.098,2090000000000.0
1132,144.621,2090000000000.0
1133,137.557,2080000000000.0
1134,135.036,2090000000000.0
1135,128.012,2110000000000.0
1136,98.75,2130000000000.0
1137,100.896,
1138,106.28099999999999,
1139,95.892,
1140,0.0,13980013568.0
1141,0.0,13886352384.0
1142,0.0,14201782272.0
1143,0.0,15938249728.0
1144,0.0,16414271488.0
1145,0.0,17063216128.0
1146,0.0,18385498112.0
1147,0.0,19472650240.0
1148,0.0,19110465536.0
1149,0.0,20201742336.0
1150,0.0,20343263232.0
1151,0.0,20487528448.0
1152,0.0,20149080064.0
1153,0.0,20656455680.0
1154,0.0,20798375936.0
1155,0.0,20996364288.0
1156,0.0,21316925440.0
1157,0.0,
1158,0.0,
1159,0.0,
1160,20.057000000000002,4230000000000.0
1161,20.506,4210000000000.0
1162,8.776,4240000000000.0
1163,8.574,4290000000000.0
1164,8.577,4390000000000.0
1165,7.136,4510000000000.0
1166,8.714,4550000000000.0
1167,9.121,4610000000000.0
1168,7.8679999999999986,4510000000000.0
1169,8.207,4310000000000.0
1170,5.876,4520000000000.0
1171,8.148,4460000000000.0
1172,8.466000000000001,4470000000000.0
1173,7.712999999999999,4510000000000.0
1174,8.379,4500000000000.0
1175,7.502999999999999,4560000000000.0
1176,8.59,4600000000000.0
1177,8.898,
1178,6.669,
1179,4.86,
1180,0.0,18042376192.0
1181,0.0,19121948672.0
1182,0.0,21466574848.0
1183,0.0,22045898752.0
1184,0.0,24873895936.0
1185,0.0,30546460672.0
1186,0.0,34734256128.0
1187,0.0,41748021248.0
1188,0.0,54538596352.0
1189,0.0,64534372352.0
1190,0.0,67070615552.0
1191,0.0,76264087552.0
1192,0.0,82091900928.0
1193,0.0,81685250048.0
1194,0.0,84570423296.0
1195,0.0,86591225856.0
1196,0.0,88403697664.0
1197,0.0,
1198,0.0,
1199,0.0,
1200,872.0559999999999,87470841856.0
1201,950.205,98712707072.0
1202,1011.5520000000001,105000000000.0
1203,1133.632,118000000000.0
1204,1257.659,136000000000.0
1205,1293.17,163000000000.0
1206,1389.587,197000000000.0
1207,1428.7740000000001,229000000000.0
1208,1561.7099999999996,264000000000.0
1209,1583.2350000000001,254000000000.0
1210,1681.9769999999999,296000000000.0
1211,1709.127,360000000000.0
1212,1719.3290000000002,376000000000.0
1213,1767.0140000000001,405000000000.0
1214,1727.241,411000000000.0
1215,1687.753,415000000000.0
1216,1657.095,420000000000.0
1217,1805.478,
1218,1890.431,
1219,1873.547,
1220,0.0,63825342464.0
1221,0.0,66063642624.0
1222,0.0,64448475136.0
1223,0.0,63281344512.0
1224,0.0,65793523712.0
1225,0.0,70755893248.0
1226,0.0,78094204928.0
1227,0.0,83736363008.0
1228,0.0,87540162560.0
1229,0.0,93923098624.0
1230,0.0,104000000000.0
1231,0.0,114000000000.0
1232,0.0,121000000000.0
1233,0.0,127000000000.0
1234,0.0,134000000000.0
1235,0.0,142000000000.0
1236,0.0,150000000000.0
1237,0.0,
1238,0.0,
1239,0.0,
1240,1367.1280000000002,88143429632.0
1241,1327.224,79746752512.0
1242,1229.458,85675753472.0
1243,1437.2910000000004,104000000000.0
1244,1535.0479999999993,130000000000.0
1245,1631.069,167000000000.0
1246,1670.96,200000000000.0
1247,1616.763,214000000000.0
1248,1702.3470000000002,254000000000.0
1249,1514.4280000000006,186000000000.0
1250,1544.225,203000000000.0
1251,1764.459,260000000000.0
1252,1935.1350000000007,295000000000.0
1253,1913.2330000000002,283000000000.0
1254,1887.0539999999999,270000000000.0
1255,1881.9489999999998,276000000000.0
1256,1937.6820000000002,283000000000.0
1257,1845.717,
1258,1873.544,
1259,1856.2979999999993,
1260,3.362,9709912064.0
1261,3.6260000000000003,9574320128.0
1262,3.1800000000000006,9596157952.0
1263,3.0789999999999997,10431114240.0
1264,3.3230000000000004,11012797440.0
1265,3.128,11246944256.0
1266,3.0200000000000005,13055951872.0
1267,2.6500000000000004,14892163072.0
1268,3.191,17373720576.0
1269,3.5939999999999994,17725392896.0
1270,3.41,17882109952.0
1271,4.567,22068576256.0
1272,6.06,21271707648.0
1273,7.465,23644280832.0
1274,9.265,31624493056.0
1275,9.323,32729579520.0
1276,9.308,33957935104.0
1277,0.0,
1278,0.0,
1279,0.0,
1280,0.0,25228673024.0
1281,0.0,26669565952.0
1282,0.0,28483074048.0
1283,0.0,29327583232.0
1284,0.0,30351355904.0
1285,0.0,32431915008.0
1286,0.0,36045434880.0
1287,0.0,39488139264.0
1288,0.0,39694049280.0
1289,0.0,35212337152.0
1290,0.0,35345006592.0
1291,0.0,37961678848.0
1292,0.0,40317419520.0
1293,0.0,41799946240.0
1294,0.0,43756335104.0
1295,0.0,44948070400.0
1296,0.0,45812883456.0
1297,0.0,
1298,0.0,
1299,0.0,
1300,0.0,43063488512.0
1301,0.0,45053464576.0
1302,0.0,46858838016.0
1303,0.0,48681951232.0
1304,0.0,52638146560.0
1305,0.0,54423711744.0
1306,0.0,52187832320.0
1307,0.0,57624862720.0
1308,0.0,63953342464.0
1309,0.0,72629248000.0
1310,0.0,76310093824.0
1311,0.0,73229762560.0
1312,0.0,73344638976.0
1313,0.0,75314421760.0
1314,0.0,77167312896.0
1315,0.0,78333026304.0
1316,0.0,79116550144.0
1317,0.0,
1318,0.0,
1319,0.0,
1320,862.817,112000000000.0
1321,837.245,112000000000.0
1322,805.5939999999999,111000000000.0
1323,862.4689999999997,125000000000.0
1324,965.123,131000000000.0
1325,1059.071,144000000000.0
1326,1146.7640000000001,154000000000.0
1327,1185.3700000000001,162000000000.0
1328,1175.641,185000000000.0
1329,1099.68,184000000000.0
1330,1141.8719999999998,192000000000.0
1331,357.183,74353934336.0
1332,958.49,167000000000.0
1333,694.652,79982649344.0
1334,401.39700000000005,60791582720.0
1335,347.70799999999997,54591766528.0
1336,318.448,52964032512.0
1337,594.498,
1338,720.742,
1339,765.402,
1340,0.0,38858665984.0
1341,0.0,41505021952.0
1342,0.0,42848641024.0
1343,0.0,46498734080.0
1344,0.0,46993072128.0
1345,0.0,49919520768.0
1346,0.0,53438320640.0
1347,0.0,58199494656.0
1348,0.0,59742826496.0
1349,0.0,54137118720.0
1350,0.0,56762298368.0
1351,0.0,61255319552.0
1352,0.0,66443116544.0
1353,0.0,69114494976.0
1354,0.0,72089722880.0
1355,0.0,73384935424.0
1356,0.0,75063795712.0
1357,0.0,
1358,0.0,
1359,0.0,
1360,0.0,27865122816.0
1361,0.0,25977962496.0
1362,0.0,26320701440.0
1363,0.0,25401974784.0
1364,0.0,24444045312.0
1365,0.0,24792096768.0
1366,0.0,26457731072.0
1367,0.0,28851822592.0
1368,0.0,27093080064.0
1369,0.0,27566755840.0
1370,0.0,29648912384.0
1371,0.0,28096120832.0
1372,0.0,30788435968.0
1373,0.0,30693855232.0
1374,0.0,37246500864.0
1375,0.0,38716084224.0
1376,0.0,40329289728.0
1377,0.0,
1378,0.0,
1379,0.0,
1380,886.3919999999999,278000000000.0
1381,868.6,274000000000.0
1382,903.1950000000002,293000000000.0
1383,938.4170000000001,311000000000.0
1384,1022.989,342000000000.0
1385,1073.561,380000000000.0
1386,1048.25,396000000000.0
1387,1063.326,435000000000.0
1388,1082.037,476000000000.0
1389,1030.9019999999998,453000000000.0
1390,1034.804,489000000000.0
1391,1013.95,545000000000.0
1392,1041.649,577000000000.0
1393,1059.295,614000000000.0
1394,1067.715,628000000000.0
1395,1142.208,659000000000.0
1396,1153.641,687000000000.0
1397,1166.1359999999997,
1398,1148.294,
1399,1134.4769999999999,
1400,0.0,9422896128.0
1401,0.0,8356619776.0
1402,0.0,8672818176.0
1403,0.0,8824807424.0
1404,0.0,8388042240.0
1405,0.0,8741585920.0
1406,0.0,9019247616.0
1407,0.0,9499842560.0
1408,0.0,9540683776.0
1409,0.0,10187004928.0
1410,0.0,10302401536.0
1411,0.0,10001948672.0
1412,0.0,10128000000.0
1413,0.0,10312181760.0
1414,0.0,10750430208.0
1415,0.0,11534417920.0
1416,0.0,12121667584.0
1417,0.0,
1418,0.0,
1419,0.0,
1420,0.0,17434200064.0
1421,0.0,17021184000.0
1422,0.0,17094880256.0
1423,0.0,16891314176.0
1424,0.0,16853760000.0
1425,0.0,16211206144.0
1426,0.0,17310195712.0
1427,0.0,19135696896.0
1428,0.0,19303647232.0
1429,0.0,19882739712.0
1430,0.0,20518957056.0
1431,0.0,21493831680.0
1432,0.0,22071529472.0
1433,0.0,22452848640.0
1434,0.0,23633235968.0
1435,0.0,24467060736.0
1436,0.0,25412495360.0
1437,0.0,
1438,0.0,
1439,0.0,
1440,2374.388,1120000000000.0
1441,2421.827,1130000000000.0
1442,2441.4139999999998,1140000000000.0
1443,2584.947,1170000000000.0
1444,2645.226,1260000000000.0
1445,2679.107,1360000000000.0
1446,2682.796,1450000000000.0
1447,2553.327,1520000000000.0
1448,2374.552,1570000000000.0
1449,2299.507,1480000000000.0
1450,2287.5,1590000000000.0
1451,2307.9790000000007,1720000000000.0
1452,2265.181,1740000000000.0
1453,2255.167,1770000000000.0
1454,2189.225,1810000000000.0
1455,2039.9759999999994,1860000000000.0
1456,1916.132,1880000000000.0
1457,1739.396,
1458,1617.2809999999997,
1459,1515.47,
1460,27.436999999999998,6735756800.0
1461,27.204,7534202880.0
1462,29.339000000000002,8300105216.0
1463,29.983,9092790272.0
1464,36.327,10779912192.0
1465,39.778,12861685760.0
1466,42.725,15202941952.0
1467,48.882,17539614720.0
1468,53.297,19005868032.0
1469,76.423,18427742208.0
1470,133.148,20836321280.0
1471,174.593,26811267072.0
1472,164.77700000000004,30912770048.0
1473,176.426,32288256000.0
1474,129.377,32586354688.0
1475,127.773,33339027456.0
1476,185.71900000000002,33659254784.0
1477,261.83299999999997,
1478,288.778,
1479,302.306,
1480,0.0,5257224192.0
1481,0.0,5621417984.0
1482,0.0,5482080256.0
1483,0.0,5629890048.0
1484,0.0,5916175872.0
1485,0.0,6256749056.0
1486,4.075,8113699840.0
1487,3.2430000000000003,9354359808.0
1488,4.69,10206612480.0
1489,2.5789999999999997,9606912000.0
1490,5.224,9695511552.0
1491,5.318,10424513536.0
1492,4.814,10320813056.0
1493,4.561,10681120768.0
1494,4.461,10986949632.0
1495,4.779,11476486144.0
1496,3.7680000000000002,11767379968.0
1497,0.0,
1498,0.0,
1499,0.0,
1500,0.0,133000000000.0
1501,0.0,135000000000.0
1502,0.0,134000000000.0
1503,0.0,139000000000.0
1504,0.0,138000000000.0
1505,0.0,137000000000.0
1506,0.0,151000000000.0
1507,0.0,163000000000.0
1508,0.0,185000000000.0
1509,0.0,199000000000.0
1510,0.0,215000000000.0
1511,0.0,238000000000.0
1512,0.0,244000000000.0
1513,0.0,251000000000.0
1514,0.0,249000000000.0
1515,0.0,260000000000.0
1516,0.0,264000000000.0
1517,0.0,
1518,0.0,
1519,0.0,
1520,0.8449999999999999,10635299840.0
1521,0.8939999999999999,11516837888.0
1522,1.007,14081280000.0
1523,1.167,15496326144.0
1524,12.719,16161756160.0
1525,24.236,17534720000.0
1526,28.314,18381838336.0
1527,28.82700000000001,19302912000.0
1528,34.052,20363417600.0
1529,31.058,20778444800.0
1530,36.1,21117726720.0
1531,48.836999999999996,20700575744.0
1532,92.77400000000002,21808332800.0
1533,109.791,26364755968.0
1534,119.70400000000001,29544933376.0
1535,119.457,31509975040.0
1536,116.055,32568367104.0
1537,0.0,
1538,0.0,
1539,0.0,
1540,33.405,65653415936.0
1541,68.775,68594200576.0
1542,82.53,68128731136.0
1543,94.32,78579548160.0
1544,100.215,84990066688.0
1545,119.865,99614457856.0
1546,123.795,112000000000.0
1547,132.834,125000000000.0
1548,121.83,139000000000.0
1549,113.524,144000000000.0
1550,122.079,175000000000.0
1551,125.5,203000000000.0
1552,125.111,240000000000.0
1553,128.61,267000000000.0
1554,165.43200000000004,297000000000.0
1555,192.167,319000000000.0
1556,182.801,339000000000.0
1557,177.989,
1558,170.675,
1559,170.675,
1560,0.0,9773112320.0
1561,0.0,10151799808.0
1562,0.0,10565805056.0
1563,0.0,10619352064.0
1564,0.0,11540941824.0
1565,0.0,12607352832.0
1566,0.0,13914024960.0
1567,0.0,14416287744.0
1568,0.0,15927875584.0
1569,0.0,15740582912.0
1570,0.0,16241519616.0
1571,0.0,18161442816.0
1572,0.0,20648069120.0
1573,0.0,21811015680.0
1574,0.0,26872559616.0
1575,0.0,28297799680.0
1576,0.0,28601075712.0
1577,0.0,
1578,0.0,
1579,0.0,
1580,0.08199999999999999,32693903360.0
1581,0.048,31291969536.0
1582,0.057999999999999996,31239350272.0
1583,0.053,34355130368.0
1584,0.043,33360314368.0
1585,0.044000000000000004,34170015744.0
1586,0.057,36008890368.0
1587,0.079,38495072256.0
1588,0.067,42740711424.0
1589,0.071,48572407808.0
1590,0.057,53914607616.0
1591,0.063,59280310272.0
1592,0.045,65186848768.0
1593,0.067,67614973952.0
1594,0.071,72787582976.0
1595,0.09,74763542528.0
1596,0.099,75081924608.0
1597,0.0,
1598,0.0,
1599,0.0,
1600,613.612,636000000000.0
1601,646.4730000000002,642000000000.0
1602,635.195,650000000000.0
1603,607.1669999999998,638000000000.0
1604,716.1669999999997,651000000000.0
1605,653.3340000000002,694000000000.0
1606,645.028,729000000000.0
1607,620.028,778000000000.0
1608,709.084,781000000000.0
1609,655.001,749000000000.0
1610,752.6669999999997,738000000000.0
1611,694.9730000000003,744000000000.0
1612,684.028,761000000000.0
1613,724.056,817000000000.0
1614,603.862,805000000000.0
1615,458.723,821000000000.0
1616,442.861,839000000000.0
1617,385.278,
1618,322.972,
1619,280.903,
1620,25.375,98350137344.0
1621,28.83,101000000000.0
1622,33.145,105000000000.0
1623,37.635,107000000000.0
1624,38.05,108000000000.0
1625,38.731,110000000000.0
1626,41.676,112000000000.0
1627,34.673,121000000000.0
1628,34.736,122000000000.0
1629,32.314,127000000000.0
1630,38.578,133000000000.0
1631,35.606,138000000000.0
1632,35.329,138000000000.0
1633,33.528,144000000000.0
1634,28.697,148000000000.0
1635,23.706,153000000000.0
1636,19.881,159000000000.0
1637,20.125999999999998,
1638,22.373,
1639,21.066999999999997,
1640,0.0,13254983680.0
1641,0.0,13825984512.0
1642,0.0,14166267904.0
1643,0.0,14867095552.0
1644,0.0,15739982848.0
1645,0.0,17065079808.0
1646,0.0,17786216448.0
1647,0.0,19192991744.0
1648,0.0,20283103232.0
1649,0.0,20667930624.0
1650,0.0,21934055424.0
1651,0.0,23734874112.0
1652,0.0,24177887232.0
1653,0.0,25037424640.0
1654,0.0,26460876800.0
1655,0.0,27761692672.0
1656,0.0,29071224832.0
1657,0.0,
1658,0.0,
1659,0.0,
1660,0.9390000000000001,7190411776.0
1661,0.97,7874376192.0
1662,1.0859999999999999,8302315008.0
1663,1.122,8920647680.0
1664,1.405,8600471552.0
1665,1.081,9017536512.0
1666,1.047,9588882432.0
1667,1.0170000000000001,9844835328.0
1668,1.0859999999999999,10672463872.0
1669,1.1340000000000001,11246819328.0
1670,1.411,13083209728.0
1671,5.829,12652165120.0
1672,14.222999999999999,13840254976.0
1673,14.134,14546306048.0
1674,14.321000000000002,15629286400.0
1675,10.34,16184285184.0
1676,9.922,16921362432.0
1677,0.0,
1678,0.0,
1679,0.0,
1680,1349.189,329000000000.0
1681,1375.226,340000000000.0
1682,1274.595,378000000000.0
1683,1516.449,401000000000.0
1684,1641.61,430000000000.0
1685,1636.456,448000000000.0
1686,1610.533,476000000000.0
1687,1580.981,614000000000.0
1688,1555.801,642000000000.0
1689,1473.2250000000001,711000000000.0
1690,1726.737,815000000000.0
1691,1739.201,844000000000.0
1692,1743.616,905000000000.0
1693,1601.917,928000000000.0
1694,1668.733,979000000000.0
1695,1703.41,1010000000000.0
1696,1486.7469999999998,990000000000.0
1697,1569.22,
1698,1601.5549999999998,
1699,1670.403,
1700,2351.007,245000000000.0
1701,2412.03,245000000000.0
1702,2475.558,244000000000.0
1703,2502.375,255000000000.0
1704,2527.436,276000000000.0
1705,2456.627,328000000000.0
1706,2373.3969999999995,348000000000.0
1707,2268.676,352000000000.0
1708,2319.8439999999996,391000000000.0
1709,2291.932,339000000000.0
1710,2207.048,355000000000.0
1711,2086.964,399000000000.0
1712,2147.207,411000000000.0
1713,2040.362,406000000000.0
1714,2064.7079999999996,390000000000.0
1715,2177.969,396000000000.0
1716,2205.602,400000000000.0
1717,2261.919,
1718,2178.296,
1719,2053.804,
1720,649.221,41063723008.0
1721,698.7539999999999,44382195712.0
1722,677.4659999999999,46212362240.0
1723,650.41,53275885568.0
1724,632.786,66722304000.0
1725,649.7090000000001,73114116096.0
1726,663.001,97566883840.0
1727,650.5709999999999,109000000000.0
1728,671.798,131000000000.0
1729,699.633,112000000000.0
1730,746.9860000000001,125000000000.0
1731,773.032,140000000000.0
1732,805.717,154000000000.0
1733,842.9250000000002,160000000000.0
1734,830.145,156000000000.0
1735,865.164,163000000000.0
1736,887.391,168000000000.0
1737,875.51,
1738,915.5989999999997,
1739,912.927,
1740,196.40300000000002,383000000000.0
1741,206.57999999999998,389000000000.0
1742,223.73100000000002,409000000000.0
1743,272.951,428000000000.0
1744,324.501,464000000000.0
1745,344.3230000000001,516000000000.0
1746,354.125,567000000000.0
1747,357.3030000000001,602000000000.0
1748,366.85999999999996,647000000000.0
1749,365.355,683000000000.0
1750,371.07800000000015,735000000000.0
1751,370.259,807000000000.0
1752,381.858,838000000000.0
1753,371.464,872000000000.0
1754,367.542,923000000000.0
1755,367.85,971000000000.0
1756,368.20599999999996,1020000000000.0
1757,368.31,
1758,364.806,
1759,371.97399999999993,
1760,0.0,26563999744.0
1761,0.0,26963568640.0
1762,0.0,28525496320.0
1763,0.0,32244131840.0
1764,0.0,32902400000.0
1765,0.0,40384000000.0
1766,0.0,44422336512.0
1767,0.0,42761248768.0
1768,0.0,45965971456.0
1769,0.0,47997599744.0
1770,0.0,51802857472.0
1771,0.0,57996521472.0
1772,0.0,63576629248.0
1773,0.0,74895597568.0
1774,0.0,71932698624.0
1775,0.0,76098510848.0
1776,0.0,79798288384.0
1777,0.0,
1778,0.0,
1779,0.0,
1780,0.0,20230811648.0
1781,0.0,21263550464.0
1782,0.0,27763617792.0
1783,0.0,29172068352.0
1784,0.0,30690248704.0
1785,0.0,32012251136.0
1786,0.0,34151460864.0
1787,0.0,35369816064.0
1788,0.0,37093941248.0
1789,0.0,39765409792.0
1790,0.0,43854127104.0
1791,0.0,47648043008.0
1792,0.0,49208922112.0
1793,0.0,51732254720.0
1794,0.0,55039840256.0
1795,0.0,56733011968.0
1796,0.0,59056115712.0
1797,0.0,
1798,0.0,
1799,0.0,
1800,63.25,123000000000.0
1801,62.05200000000001,125000000000.0
1802,61.122,133000000000.0
1803,59.974,141000000000.0
1804,62.73199999999999,153000000000.0
1805,76.393,170000000000.0
1806,81.413,193000000000.0
1807,89.442,214000000000.0
1808,101.177,235000000000.0
1809,115.894,237000000000.0
1810,157.649,270000000000.0
1811,195.709,294000000000.0
1812,199.293,311000000000.0
1813,208.92000000000002,322000000000.0
1814,218.836,331000000000.0
1815,202.45,342000000000.0
1816,208.095,355000000000.0
1817,196.337,
1818,202.20100000000002,
1819,205.351,
1820,0.0,339000000000.0
1821,0.0,342000000000.0
1822,0.0,348000000000.0
1823,0.0,358000000000.0
1824,0.0,370000000000.0
1825,0.0,384000000000.0
1826,0.0,406000000000.0
1827,0.0,438000000000.0
1828,0.0,467000000000.0
1829,0.0,488000000000.0
1830,0.0,537000000000.0
1831,0.0,586000000000.0
1832,0.0,609000000000.0
1833,0.0,662000000000.0
1834,0.0,694000000000.0
1835,0.0,735000000000.0
1836,0.0,785000000000.0
1837,0.0,
1838,0.0,
1839,0.0,
1840,874.6739999999999,511000000000.0
1841,878.6280000000003,513000000000.0
1842,876.216,530000000000.0
1843,872.72,528000000000.0
1844,851.852,547000000000.0
1845,851.9519999999997,568000000000.0
1846,836.5229999999999,594000000000.0
1847,772.0759999999999,656000000000.0
1848,751.3019999999999,681000000000.0
1849,699.0509999999998,732000000000.0
1850,687.1329999999999,791000000000.0
1851,692.7909999999998,843000000000.0
1852,717.88,889000000000.0
1853,709.2290000000002,912000000000.0
1854,671.74,939000000000.0
1855,658.91,975000000000.0
1856,646.982,1000000000000.0
1857,619.342,
1858,589.5749999999999,
1859,559.3580000000001,
1860,0.0,220000000000.0
1861,0.0,222000000000.0
1862,0.0,225000000000.0
1863,0.0,222000000000.0
1864,0.0,220000000000.0
1865,0.0,238000000000.0
1866,0.0,249000000000.0
1867,0.0,262000000000.0
1868,0.0,258000000000.0
1869,0.0,263000000000.0
1870,0.0,269000000000.0
1871,0.0,264000000000.0
1872,0.0,269000000000.0
1873,0.0,269000000000.0
1874,0.0,276000000000.0
1875,0.0,281000000000.0
1876,0.0,285000000000.0
1877,0.0,
1878,0.0,
1879,0.0,
1880,724.241,36707676160.0
1881,743.89,37521051648.0
1882,738.7919999999999,39263993856.0
1883,833.3969999999999,52706697216.0
1884,984.7630000000001,66352525312.0
1885,1084.295,90173325312.0
1886,1182.975,115000000000.0
1887,1321.306,140000000000.0
1888,1545.7239999999997,189000000000.0
1889,1648.756,168000000000.0
1890,2054.581,203000000000.0
1891,2406.254,277000000000.0
1892,2580.3419999999996,295000000000.0
1893,2658.8720000000003,293000000000.0
1894,2664.629,282000000000.0
1895,2692.366,292000000000.0
1896,2683.485,300000000000.0
1897,2604.442,
1898,2687.893,
1899,2693.056,
1900,265.726,167000000000.0
1901,264.102,187000000000.0
1902,264.699,196000000000.0
1903,265.735,204000000000.0
1904,260.191,223000000000.0
1905,243.34700000000004,230000000000.0
1906,244.53199999999998,264000000000.0
1907,242.235,300000000000.0
1908,240.36,345000000000.0
1909,232.53499999999997,347000000000.0
1910,218.67000000000002,360000000000.0
1911,227.29700000000003,376000000000.0
1912,221.02100000000002,406000000000.0
1913,202.142,412000000000.0
1914,200.73399999999998,428000000000.0
1915,203.45100000000002,445000000000.0
1916,183.931,409000000000.0
1917,194.274,
1918,188.82600000000002,
1919,181.874,
1920,5564.861,423000000000.0
1921,5476.094000000002,405000000000.0
1922,5067.602999999999,450000000000.0
1923,5917.488000000001,482000000000.0
1924,6345.773,578000000000.0
1925,6675.413,702000000000.0
1926,6607.25,794000000000.0
1927,6384.13,858000000000.0
1928,6685.552,1050000000000.0
1929,6074.864000000001,932000000000.0
1930,6212.211,1090000000000.0
1931,6945.609,1370000000000.0
1932,7320.76,1450000000000.0
1933,7201.8650000000025,1430000000000.0
1934,7287.012,1420000000000.0
1935,7587.789000000001,1480000000000.0
1936,7865.557,1500000000000.0
1937,7586.8279999999995,
1938,7818.5,
1939,7598.775999999998,
1940,0.466,19075350528.0
1941,0.466,19742279680.0
1942,0.466,19763380224.0
1943,0.466,20649799680.0
1944,0.466,21155538944.0
1945,0.466,22880980992.0
1946,0.466,23402833920.0
1947,0.466,24888442880.0
1948,0.466,25310406656.0
1949,0.466,27091400704.0
1950,0.466,28446160896.0
1951,0.373,29229463552.0
1952,0.447,30404665344.0
1953,0.5589999999999999,32729319424.0
1954,0.5589999999999999,34952192000.0
1955,0.5770000000000001,37223227392.0
1956,0.5589999999999999,39668592640.0
1957,0.0,
1958,0.0,
1959,0.0,
1960,113.27700000000002,70572097536.0
1961,111.233,67947266048.0
1962,116.11,71438802944.0
1963,117.691,75324211200.0
1964,118.78,77297115136.0
1965,105.795,87761117184.0
1966,98.86099999999999,93483180032.0
1967,83.645,95941296128.0
1968,87.066,106000000000.0
1969,86.257,107000000000.0
1970,84.294,107000000000.0
1971,90.89200000000001,111000000000.0
1972,85.149,117000000000.0
1973,89.81,118000000000.0
1974,66.564,118000000000.0
1975,84.21700000000001,119000000000.0
1976,84.434,122000000000.0
1977,84.441,
1978,77.27600000000002,
1979,79.891,
1980,0.0,160000000000.0
1981,0.0,148000000000.0
1982,0.0,165000000000.0
1983,0.0,153000000000.0
1984,0.0,184000000000.0
1985,0.0,223000000000.0
1986,0.0,270000000000.0
1987,0.0,295000000000.0
1988,0.0,249000000000.0
1989,0.0,258000000000.0
1990,0.0,318000000000.0
1991,0.0,324000000000.0
1992,0.0,331000000000.0
1993,0.0,337000000000.0
1994,0.0,374000000000.0
1995,0.0,381000000000.0
1996,0.0,388000000000.0
1997,0.0,
1998,0.0,
1999,0.0,
2000,0.0,42722009088.0
2001,0.0,43362324480.0
2002,0.0,45058019328.0
2003,0.0,45062782976.0
2004,0.0,47041609728.0
2005,0.0,48663568384.0
2006,0.0,49665998848.0
2007,0.0,51871690752.0
2008,0.0,55143321600.0
2009,0.0,52803108864.0
2010,0.0,52372058112.0
2011,0.0,53204185088.0
2012,0.0,53345099776.0
2013,0.0,53505286144.0
2014,0.0,56434409472.0
2015,0.0,57726312448.0
2016,0.0,59161378816.0
2017,0.0,
2018,0.0,
2019,0.0,
2020,1472.753,381000000000.0
2021,1468.5539999999999,394000000000.0
2022,1446.299,421000000000.0
2023,1567.626,432000000000.0
2024,1594.3970000000006,456000000000.0
2025,1609.391,492000000000.0
2026,1607.8929999999998,529000000000.0
2027,1609.146,560000000000.0
2028,1639.578,572000000000.0
2029,1625.191,557000000000.0
2030,1675.925,577000000000.0
2031,1665.3429999999994,609000000000.0
2032,1704.555,616000000000.0
2033,1689.399,628000000000.0
2034,1721.116,638000000000.0
2035,1656.775,647000000000.0
2036,1670.441,648000000000.0
2037,1659.068,
2038,1665.203,
2039,1672.109,
2040,0.0,
2041,0.0,
2042,0.0,
2043,0.0,
2044,0.0,
2045,0.0,
2046,0.0,
2047,0.0,
2048,0.0,
2049,0.0,
2050,0.0,
2051,0.0,
2052,17.802,
2053,57.038999999999994,
2054,88.851,
2055,84.49700000000001,
2056,67.17399999999999,
2057,69.891,
2058,73.009,
2059,79.333,
2060,97.006,1090000000000.0
2061,91.447,1130000000000.0
2062,89.365,1190000000000.0
2063,83.085,1180000000000.0
2064,80.503,1230000000000.0
2065,77.06,1300000000000.0
2066,72.60600000000002,1420000000000.0
2067,68.21,1530000000000.0
2068,50.87,1560000000000.0
2069,44.312,1550000000000.0
2070,38.33,1520000000000.0
2071,30.799,1500000000000.0
2072,28.613000000000003,1490000000000.0
2073,20.498,1490000000000.0
2074,18.932000000000002,1520000000000.0
2075,14.49,1570000000000.0
2076,7.976,1480000000000.0
2077,13.117,
2078,10.76,
2079,0.281,
2080,0.0,86564175872.0
2081,0.0,85882822656.0
2082,0.0,90858618880.0
2083,0.0,98236047360.0
2084,0.0,102000000000.0
2085,0.0,106000000000.0
2086,0.0,117000000000.0
2087,0.0,128000000000.0
2088,0.0,138000000000.0
2089,0.0,153000000000.0
2090,0.0,171000000000.0
2091,0.0,196000000000.0
2092,0.0,211000000000.0
2093,0.0,218000000000.0
2094,0.0,231000000000.0
2095,0.0,242000000000.0
2096,0.0,252000000000.0
2097,0.0,
2098,0.0,
2099,0.0,
2100,102.73299999999999,59498708992.0
2101,119.54,57386381312.0
2102,135.083,60166295552.0
2103,149.922,65087254528.0
2104,166.96900000000005,69422637056.0
2105,167.967,81089241088.0
2106,203.702,99844743168.0
2107,276.312,110000000000.0
2108,262.064,120000000000.0
2109,271.79200000000003,126000000000.0
2110,264.276,139000000000.0
2111,166.435,152000000000.0
2112,59.133,122000000000.0
2113,67.405,147000000000.0
2114,68.406,159000000000.0
2115,62.376999999999995,166000000000.0
2116,59.423,170000000000.0
2117,54.114,
2118,57.217,
2119,58.461999999999996,
2120,6.7860000000000005,
2121,6.768,
2122,6.768,
2123,6.768,
2124,6.7860000000000005,
2125,6.768,
2126,7.85,
2127,9.161,
2128,10.751,
2129,10.828,
2130,10.828,
2131,10.828,
2132,10.744000000000002,
2133,10.151,
2134,10.151,
2135,11.504000000000001,
2136,11.536,
2137,0.0,
2138,0.0,
2139,0.0,
2140,0.0,323000000000.0
2141,0.0,317000000000.0
2142,0.0,323000000000.0
2143,0.0,330000000000.0
2144,0.0,346000000000.0
2145,0.0,343000000000.0
2146,0.0,361000000000.0
2147,0.0,387000000000.0
2148,0.0,390000000000.0
2149,0.0,375000000000.0
2150,0.0,394000000000.0
2151,0.0,398000000000.0
2152,0.0,405000000000.0
2153,0.0,406000000000.0
2154,0.0,409000000000.0
2155,0.0,426000000000.0
2156,0.0,440000000000.0
2157,0.0,
2158,0.0,
2159,0.0,
2160,0.0,313000000000.0
2161,0.0,312000000000.0
2162,0.0,319000000000.0
2163,0.0,318000000000.0
2164,0.0,329000000000.0
2165,0.0,345000000000.0
2166,0.0,369000000000.0
2167,0.0,404000000000.0
2168,0.0,427000000000.0
2169,0.0,427000000000.0
2170,0.0,433000000000.0
2171,0.0,473000000000.0
2172,0.0,495000000000.0
2173,0.0,505000000000.0
2174,0.0,514000000000.0
2175,0.0,518000000000.0
2176,0.0,525000000000.0
2177,0.0,
2178,0.0,
2179,0.0,
2180,0.818,7929517056.0
2181,0.904,8817549312.0
2182,0.648,9432823808.0
2183,0.964,11413445632.0
2184,1.19,13141919744.0
2185,1.2690000000000001,14064096256.0
2186,1.267,15846207488.0
2187,1.577,16692284416.0
2188,1.7770000000000001,19895148544.0
2189,1.8720000000000003,19063306240.0
2190,1.8900000000000001,21659891712.0
2191,1.886,23727597568.0
2192,2.996,24950816768.0
2193,3.6499999999999995,26079270912.0
2194,6.012999999999999,25972525056.0
2195,7.182,27562715136.0
2196,9.327,29521520640.0
2197,0.0,
2198,0.0,
2199,0.0,
2200,352.035,428000000000.0
2201,359.204,444000000000.0
2202,377.881,477000000000.0
2203,399.178,526000000000.0
2204,410.144,567000000000.0
2205,453.262,614000000000.0
2206,464.58000000000004,656000000000.0
2207,485.249,702000000000.0
2208,521.725,741000000000.0
2209,522.755,730000000000.0
2210,571.554,826000000000.0
2211,591.3559999999999,878000000000.0
2212,640.3159999999999,957000000000.0
2213,642.282,923000000000.0
2214,640.641,906000000000.0
2215,623.985,932000000000.0
2216,633.29,962000000000.0
2217,611.1379999999999,
2218,589.0859999999999,
2219,596.434,
2220,0.0,5790720000.0
2221,0.0,5807685120.0
2222,0.0,6196371968.0
2223,0.0,5983775232.0
2224,0.0,6213892096.0
2225,0.0,6406515200.0
2226,0.0,6656775168.0
2227,0.0,6797250048.0
2228,0.0,6960180224.0
2229,0.0,7621949952.0
2230,0.0,8115184128.0
2231,0.0,8309243904.0
2232,0.0,8631640064.0
2233,0.0,10201604096.0
2234,0.0,10607493120.0
2235,0.0,11192064000.0
2236,0.0,11751855104.0
2237,0.0,
2238,0.0,
2239,0.0,
2240,214.61900000000003,15867847680.0
2241,220.594,14615797760.0
2242,257.14000000000004,15464105984.0
2243,340.899,19989989376.0
2244,368.4860000000001,22231377920.0
2245,394.2580000000001,27012368384.0
2246,450.59900000000005,31257219072.0
2247,460.54699999999997,34498105344.0
2248,453.951,40615612416.0
2249,464.563,28179300352.0
2250,475.289,31569321984.0
2251,455.08599999999996,36497113088.0
2252,445.496,37210324992.0
2253,446.78700000000003,38178349056.0
2254,439.356,37983166464.0
2255,415.57300000000004,37750022144.0
2256,363.10900000000004,35816759296.0
2257,369.586,
2258,384.903,
2259,388.10900000000015,
2260,44.735,80289718272.0
2261,41.13399999999999,81507491840.0
2262,42.99,80294477824.0
2263,39.304,81963597824.0
2264,40.62,83805634560.0
2265,42.299,86715809792.0
2266,40.785,92226568192.0
2267,56.438,98348253184.0
2268,51.823,104000000000.0
2269,49.165,107000000000.0
2270,45.0,113000000000.0
2271,41.372,111000000000.0
2272,44.071999999999996,115000000000.0
2273,40.724000000000004,114000000000.0
2274,37.88800000000001,116000000000.0
2275,34.007,117000000000.0
2276,32.005,118000000000.0
2277,25.854,
2278,26.741,
2279,26.741,
2280,145.238,803000000000.0
2281,142.833,758000000000.0
2282,132.12,765000000000.0
2283,125.336,732000000000.0
2284,122.49,825000000000.0
2285,130.41899999999998,908000000000.0
2286,153.05100000000004,1000000000000.0
2287,172.08900000000003,1080000000000.0
2288,193.919,1150000000000.0
2289,202.385,1130000000000.0
2290,203.804,1250000000000.0
2291,207.817,1400000000000.0
2292,197.908,1490000000000.0
2293,179.699,1560000000000.0
2294,190.255,1650000000000.0
2295,148.798,1720000000000.0
2296,179.798,1570000000000.0
2297,175.455,
2298,192.445,
2299,193.138,
2300,508.89599999999996,17930264576.0
2301,553.18,19806908416.0
2302,578.4060000000001,24144226304.0
2303,635.321,29194848256.0
2304,633.5430000000001,33951744000.0
2305,681.8140000000002,41229758464.0
2306,681.945,44467138560.0
2307,735.246,48069406720.0
2308,739.136,50641723392.0
2309,459.43100000000004,77655597056.0
2310,530.511,80971538432.0
2311,696.759,82540445696.0
2312,728.832,86524477440.0
2313,734.406,96708812800.0
2314,784.2449999999998,104000000000.0
2315,812.318,111000000000.0
2316,785.2379999999999,118000000000.0
2317,739.229,
2318,761.329,
2319,777.096,
2320,580.576,218000000000.0
2321,581.0840000000001,233000000000.0
2322,594.533,243000000000.0
2323,588.332,270000000000.0
2324,596.4580000000001,298000000000.0
2325,600.0340000000001,346000000000.0
2326,610.177,385000000000.0
2327,604.4269999999999,439000000000.0
2328,607.0930000000001,473000000000.0
2329,578.434,403000000000.0
2330,568.125,423000000000.0
2331,617.844,471000000000.0
2332,648.574,489000000000.0
2333,646.063,499000000000.0
2334,505.32699999999994,464000000000.0
2335,387.726,419000000000.0
2336,402.01,429000000000.0
2337,352.439,
2338,359.615,
2339,354.92600000000004,
2340,1785.2270000000005,324000000000.0
2341,1758.675,312000000000.0
2342,1688.8780000000002,318000000000.0
2343,1901.906,342000000000.0
2344,1975.589,370000000000.0
2345,2051.486,427000000000.0
2346,2166.933,497000000000.0
2347,2158.1890000000003,539000000000.0
2348,2176.319,583000000000.0
2349,1977.661,493000000000.0
2350,2069.982,492000000000.0
2351,2257.456,575000000000.0
2352,2343.611,598000000000.0
2353,2422.254,649000000000.0
2354,2426.103,616000000000.0
2355,2631.047,639000000000.0
2356,2720.7839999999997,657000000000.0
2357,2669.772,
2358,2665.284,
2359,2718.2119999999995,
2360,2827.821,2030000000000.0
2361,2695.142,2090000000000.0
2362,2649.84,2110000000000.0
2363,2514.793,2120000000000.0
2364,2297.886,2190000000000.0
2365,2054.96,2290000000000.0
2366,1859.4309999999998,2340000000000.0
2367,1768.4530000000002,2340000000000.0
2368,1692.7350000000001,2340000000000.0
2369,1532.299,2230000000000.0
2370,1442.94,2210000000000.0
2371,1198.401,2220000000000.0
2372,1032.404,2290000000000.0
2373,934.484,2430000000000.0
2374,922.695,2480000000000.0
2375,995.0699999999999,2530000000000.0
2376,998.8879999999999,2580000000000.0
2377,983.011,
2378,1015.1059999999999,
2379,1013.812,
2380,15551.774000000005,13000000000000.0
2381,15875.011,13100000000000.0
2382,15411.246000000001,13300000000000.0
2383,15191.157,13700000000000.0
2384,15171.294,14200000000000.0
2385,14937.278,14700000000000.0
2386,15176.292000000001,15100000000000.0
2387,15300.806,15400000000000.0
2388,15610.463,15300000000000.0
2389,15341.847000000002,14900000000000.0
2390,15755.518000000004,15300000000000.0
2391,16378.394,15500000000000.0
2392,16834.523,15900000000000.0
2393,17332.688000000002,16100000000000.0
2394,18784.112999999998,16500000000000.0
2395,18983.209,16900000000000.0
2396,17654.666,17200000000000.0
2397,18475.977000000003,
2398,20434.432,
2399,21851.511,
2400,0.0,36381167616.0
2401,0.0,34657738752.0
2402,0.0,31827052544.0
2403,0.0,31410044928.0
2404,0.0,32353964032.0
2405,0.0,34038812672.0
2406,0.0,35915218944.0
2407,0.0,39316279296.0
2408,0.0,43711721472.0
2409,0.0,45869121536.0
2410,0.0,52762112000.0
2411,0.0,57398685696.0
2412,0.0,60006850560.0
2413,0.0,62925078528.0
2414,0.0,65795518464.0
2415,0.0,66261491712.0
2416,0.0,67208687616.0
2417,0.0,
2418,0.0,
2419,0.0,
2420,604.508,84591878144.0
2421,606.822,90248200192.0
2422,619.868,96231522304.0
2423,619.985,103000000000.0
2424,623.2320000000001,108000000000.0
2425,619.359,116000000000.0
2426,638.996,112000000000.0
2427,656.986,134000000000.0
2428,677.5060000000001,155000000000.0
2429,647.897,175000000000.0
2430,625.663,190000000000.0
2431,620.609,208000000000.0
2432,614.2769999999998,225000000000.0
2433,606.046,248000000000.0
2434,609.885,246000000000.0
2435,580.543,266000000000.0
2436,574.5419999999999,287000000000.0
2437,579.242,
2438,618.811,
2439,608.444,
2440,2237.973,187000000000.0
2441,2286.7599999999998,180000000000.0
2442,2157.1710000000003,174000000000.0
2443,2052.038000000001,168000000000.0
2444,2359.8709999999996,217000000000.0
2445,2332.466,276000000000.0
2446,2397.427,321000000000.0
2447,2355.045,363000000000.0
2448,2302.7740000000003,422000000000.0
2449,2155.532,369000000000.0
2450,2020.161,448000000000.0
2451,1967.5870000000002,499000000000.0
2452,1952.99,507000000000.0
2453,1916.139,544000000000.0
2454,1932.938,515000000000.0
2455,1939.185,483000000000.0
2456,1781.172,396000000000.0
2457,1638.593,
2458,1196.037,
2459,808.497,
2460,92674.181,57300000000000.0
2461,94377.43,58600000000000.0
2462,94769.838,60500000000000.0
2463,99578.92499999999,62400000000000.0
2464,105216.932,66000000000000.0
2465,108313.607,70700000000000.0
2466,111454.01999999999,75100000000000.0
2467,113690.38399999999,79900000000000.0
2468,116507.65,83000000000000.0
2469,114380.508,82400000000000.0
2470,119609.351,88500000000000.0
2471,124087.326,94000000000000.0
2472,126571.836,96600000000000.0
2473,127878.385,99300000000000.0
2474,129509.37700000001,102000000000000.0
2475,130575.45200000002,105000000000000.0
2476,128830.93700000002,107000000000000.0
2477,131393.77000000002,
2478,136670.153,
2479,138512.084,
2480,243.118,56672096256.0
2481,248.858,58833289216.0
2482,250.22099999999998,61126594560.0
2483,246.514,63430094848.0
2484,232.002,65939030016.0
2485,229.735,69641248768.0
2486,210.735,72410071040.0
2487,185.138,78844502016.0
2488,171.817,87103545344.0
2489,174.76199999999994,89923100672.0
2490,228.48500000000004,107000000000.0
2491,212.25400000000002,103000000000.0
2492,170.692,95748104192.0
2493,208.429,102000000000.0
2494,177.77300000000002,96706437120.0
2495,58.837,69521088512.0
2496,23.71,62722076672.0
2497,40.321999999999996,
2498,46.396,
2499,54.762,
2500,0.0,12077674496.0
2501,0.0,13218974720.0
2502,0.0,14656193536.0
2503,0.0,16280202240.0
2504,0.0,16997273600.0
2505,0.0,19055403008.0
2506,0.0,22128918528.0
2507,0.0,29525895168.0
2508,0.0,31585800192.0
2509,0.0,35356717056.0
2510,0.0,39683600384.0
2511,0.0,45142425600.0
2512,0.0,49481674752.0
2513,0.0,51839029248.0
2514,0.0,54324781056.0
2515,0.0,55912894464.0
2516,0.0,57577410560.0
2517,0.0,
2518,0.0,
2519,0.0,
2520,33.071,31866720256.0
2521,33.830999999999996,31141632000.0
2522,29.531999999999996,28193615872.0
2523,21.18,23135727616.0
2524,28.479,21275555840.0
2525,25.278000000000002,19320739840.0
2526,15.800999999999998,18320328704.0
2527,15.6,17416245248.0
2528,11.317,14300999680.0
2529,12.503,15141297152.0
2530,20.009,16604099584.0
2531,19.213,18307260416.0
2532,11.95,20482260992.0
2533,23.353,23742582784.0
2534,43.364,24748283904.0
2535,32.516999999999996,25030569984.0
2536,20.26,25151762432.0
2537,21.956999999999997,
2538,26.91,
2539,17.487000000000002,
